SBOID;SAID;DescriptionDE;DescriptionFR;DescriptionIT;DescriptionEN;AbbreviationDE;AbbreviationFR;AbbreviationIT;AbbreviationEN;OrganisationNumber;ContactEnterpriseMail;validFrom;validTo;types
ch:1:sboid:101714123;101714123;Baden-Württemberg-Tarif GmbH;Baden-Württemberg-Tarif GmbH;Baden-Württemberg-Tarif GmbH;Baden-Württemberg-Tarif GmbH;BW-Tarif;BW-Tarif;BW-Tarif;BW-Tarif;355;;2018-11-22;2099-12-31;95
ch:1:sboid:100251;100251;Remontées Méc. du Wildhorn Anzère;Remontées Méc. du Wildhorn Anzère;Remontées Méc. du Wildhorn Anzère;Remontées Méc. du Wildhorn Anzère;RMA-tapm;RMA-tapm;RMA-tapm;RMA-tapm;294;;1900-01-01;2019-05-31;10
ch:1:sboid:100251;100251;Remontées Méc. du Wildhorn Anzère;Remontées Méc. du Wildhorn Anzère;Remontées Méc. du Wildhorn Anzère;Remontées Méc. du Wildhorn Anzère;RMA;RMA;RMA;RMA;294;;2019-06-01;2099-12-31;10
ch:1:sboid:100527;100527;Transports urbains delémontais;Transports urbains delémontais;Transports urbains delémontais;Transports urbains delémontais;TUD;TUD;TUD;TUD;725;;1900-01-01;2018-12-12;30
ch:1:sboid:100527;100527;Transports Urbains Delémontains;Transports Urbains Delémontains;Transports Urbains Delémontains;Transports Urbains Delémontains;TUD;TUD;TUD;TUD;725;;2018-12-13;2099-12-31;30
ch:1:sboid:100617;100617;Transports Publics du Chablais (Bus);Transports Publics du Chablais (Bus);Transports Publics du Chablais (Bus);Transports Publics du Chablais (Bus);TPC Auto;TPC Auto;TPC Auto;TPC Auto;818;;2019-06-01;2099-12-31;30
ch:1:sboid:100042;100042;Transports de Martigny et Régions (mc);Transports de Martigny et Régions (mc);Transports de Martigny et Régions (mc);Transports de Martigny et Régions (mc);TMR-mc;TMR-mc;TMR-mc;TMR-mc;61;;1900-01-01;2099-12-31;10
ch:1:sboid:101715;101715;Seven25;Seven25;Seven25;Seven25;Seven25;Seven25;Seven25;Seven25;979;;2018-12-01;2099-12-31;95
ch:1:sboid:100347;100347;Ausflugsverkehr Chamonix;Ausflugsverkehr Chamonix;Ausflugsverkehr Chamonix;Ausflugsverkehr Chamonix;SNCF Chx;SNCF Chx;SNCF Chx;SNCF Chx;426;;1900-01-01;2003-12-31;50
ch:1:sboid:101811;101811;Association neuchâteloise des Amis du Tramway ANAT;Association neuchâteloise des Amis du Tramway ANAT;Association neuchâteloise des Amis du Tramway ANAT;Association neuchâteloise des Amis du Tramway ANAT;ANAT;ANAT;ANAT;ANAT;3271;;2020-09-23;2099-12-31;32
ch:1:sboid:100053;100053;Rhätische Bahn;Rhätische Bahn;Rhätische Bahn;Rhätische Bahn;RhB;RhB;RhB;RhB;72;;1900-01-01;2099-12-31;10
ch:1:sboid:100154;100154;Schweizerische Bodensee-Schiffahrtsgesellschaft;Schweizerische Bodensee-Schiffahrtsgesellschaft;Schweizerische Bodensee-Schiffahrtsgesellschaft;Schweizerische Bodensee-Schiffahrtsgesellschaft;SBS;SBS;SBS;SBS;195;;1900-01-01;2019-09-16;20
ch:1:sboid:100154;100154;Schweizerische Bodensee-Schiffahrtsgesellschaft AG;Schweizerische Bodensee-Schiffahrtsgesellschaft AG;Schweizerische Bodensee-Schiffahrtsgesellschaft AG;Schweizerische Bodensee-Schiffahrtsgesellschaft AG;SBS;SBS;SBS;SBS;195;;2019-09-17;2099-12-31;20
ch:1:sboid:100290;100290;Sedrun Pendicularas SA;Sedrun Pendicularas SA;Sedrun Pendicularas SA;Sedrun Pendicularas SA;PSR;PSR;PSR;PSR;333;;1900-01-01;2018-12-08;10
ch:1:sboid:100133;100133;Società della Funicolare Locarno-Madonna del Sasso SA;Società della Funicolare Locarno-Madonna del Sasso SA;Società della Funicolare Locarno-Madonna del Sasso SA;Società della Funicolare Locarno-Madonna del Sasso SA;FLMS;FLMS;FLMS;FLMS;163;;2020-08-20;2099-12-31;12
ch:1:sboid:100694;100694;Transports Vallée de Joux-Yverdon-Ste-Croix;Transports Vallée de Joux-Yverdon-Ste-Croix;Transports Vallée de Joux-Yverdon-Ste-Croix;Transports Vallée de Joux-Yverdon-Ste-Croix;TRAVYSAuto;TRAVYSAuto;TRAVYSAuto;TRAVYSAuto;895;;2019-12-15;2099-12-31;30
ch:1:sboid:101817;101817;Deutsche Eisenbahn-Infrastruktur in der Schweiz;Deutsche Eisenbahn-Infrastruktur in der Schweiz;Deutsche Eisenbahn-Infrastruktur in der Schweiz;Deutsche Eisenbahn-Infrastruktur in der Schweiz;DICH;DICH;DICH;DICH;612;;2021-08-04;2099-12-31;
ch:1:sboid:100619;100619;vbl verkehrsbetriebe luzern ag;vbl verkehrsbetriebe luzern ag;vbl verkehrsbetriebe luzern ag;vbl verkehrsbetriebe luzern ag;VBL;VBL;VBL;VBL;820;;2019-08-29;2020-12-31;30
ch:1:sboid:100619;100619;Verkehrsbetriebe Luzern AG;Verkehrsbetriebe Luzern AG;Verkehrsbetriebe Luzern AG;Verkehrsbetriebe Luzern AG;VBL;VBL;VBL;VBL;820;;2021-01-01;2099-12-31;30
ch:1:sboid:101812;101812;Comune di Personico;Comune di Personico;Comune di Personico;Comune di Personico;BPB;BPB;BPB;BPB;609;;2020-12-07;2099-12-31;30
ch:1:sboid:100105;100105;Meiringen-Innertkirchen-Bahn;Meiringen-Innertkirchen-Bahn;Meiringen-Innertkirchen-Bahn;Meiringen-Innertkirchen-Bahn;KWO-mib;KWO-mib;KWO-mib;KWO-mib;132;;1900-01-01;2020-12-31;10
ch:1:sboid:100105;100105;Meiringen-Innertkirchen-Bahn;Meiringen-Innertkirchen-Bahn;Meiringen-Innertkirchen-Bahn;Meiringen-Innertkirchen-Bahn;ZB-mib;ZB-mib;ZB-mib;ZB-mib;132;;2021-01-01;2099-12-31;10
ch:1:sboid:100642;100642;Autokurse Oberthurgau;Autokurse Oberthurgau;Autokurse Oberthurgau;Autokurse Oberthurgau;AOT;AOT;AOT;AOT;843;;1900-01-01;2099-12-31;30
ch:1:sboid:100361;100361;Tarifverbund Nordwestschweiz und Ticket TriRegio;Tarifverbund Nordwestschweiz und Ticket TriRegio;Tarifverbund Nordwestschweiz und Ticket TriRegio;Tarifverbund Nordwestschweiz und Ticket TriRegio;TNW TTR;TNW TTR;TNW TTR;TNW TTR;440;;1900-01-01;2099-12-31;51
ch:1:sboid:100778;100778;Fahrvergünstigung für das Personal;Fahrvergünstigung für das Personal;Fahrvergünstigung für das Personal;Fahrvergünstigung für das Personal;FVP;FVP;FVP;FVP;979;;1900-01-01;2018-11-28;95
ch:1:sboid:101190;101190;Comune di Personico;Comune di Personico;Comune di Personico;Comune di Personico;BPB-bpb;BPB-bpb;BPB-bpb;BPB-bpb;7057;;2020-12-07;2099-12-31;32
ch:1:sboid:101190;101190;Bus Personico-Bodio;Bus Personico-Bodio;Bus Personico-Bodio;Bus Personico-Bodio;BPB;BPB;BPB;BPB;7057;;1900-01-01;2020-12-06;32
ch:1:sboid:100111;100111;Bus Ostschweiz (Rheintal);Bus Ostschweiz (Rheintal);Bus Ostschweiz (Rheintal);Bus Ostschweiz (Rheintal);BOS/rtb;BOS/rtb;BOS/rtb;BOS/rtb;138;;1900-01-01;2099-12-31;30
ch:1:sboid:100625;100625;Bus Ostschweiz (Wil);Bus Ostschweiz (Wil);Bus Ostschweiz (Wil);Bus Ostschweiz (Wil);BOS/wimo;BOS/wimo;BOS/wimo;BOS/wimo;826;;1900-01-01;2099-12-31;30
ch:1:sboid:101713;101713;Movi+ OpenIT SA;Movi+ OpenIT SA;Movi+ OpenIT SA;Movi+ OpenIT SA;TL-T;TL-T;TL-T;TL-T;906;;2018-09-04;2099-12-31;
ch:1:sboid:100336;100336;Auszahlungen an Dritte 1 (8,0 % MWSt);Auszahlungen an Dritte 1 (8,0 % MWSt);Auszahlungen an Dritte 1 (8,0 % MWSt);Auszahlungen an Dritte 1 (8,0 % MWSt);Dri 8.0%;Dri 8.0%;Dri 8.0%;Dri 8.0%;405;;1900-01-01;2019-07-04;95
ch:1:sboid:100336;100336;Auszahlungen an Dritte 1 (7,7 % MWSt);Auszahlungen an Dritte 1 (7,7 % MWSt);Auszahlungen an Dritte 1 (7,7 % MWSt);Auszahlungen an Dritte 1 (7,7 % MWSt);Dri 7.7%;Dri 7.7%;Dri 7.7%;Dri 7.7%;405;;2019-07-05;2099-12-31;95
ch:1:sboid:100774;100774;RailAway Spezialleistungen 1 (7,7 % MWSt);RailAway Spezialleistungen 1 (7,7 % MWSt);RailAway Spezialleistungen 1 (7,7 % MWSt);RailAway Spezialleistungen 1 (7,7 % MWSt);RAW 7.7%;RAW 7.7%;RAW 7.7%;RAW 7.7%;975;;2019-07-05;2099-12-31;50
ch:1:sboid:100795;100795;RailAway Spezialleistungen 4 (3,8 % MWSt);RailAway Spezialleistungen 4 (3,8 % MWSt);RailAway Spezialleistungen 4 (3,8 % MWSt);RailAway Spezialleistungen 4 (3,8 % MWSt);RAW 3.8%;RAW 3.8%;RAW 3.8%;RAW 3.8%;996;;1900-01-01;2019-07-04;50
ch:1:sboid:100611;100611;Auto AG Rothenburg;Auto AG Rothenburg;Auto AG Rothenburg;Auto AG Rothenburg;AAGR;AAGR;AAGR;AAGR;812;rothenburg@autoag.ch;1900-01-01;2099-12-31;30
ch:1:sboid:101125;101125;Sportbahnen Melchsee-Frutt (lsm) INFO+;Sportbahnen Melchsee-Frutt (lsm) INFO+;Sportbahnen Melchsee-Frutt (lsm) INFO+;Sportbahnen Melchsee-Frutt (lsm) INFO+;SMF-lsmFpl;SMF-lsmFpl;SMF-lsmFpl;SMF-lsmFpl;3222;;1900-01-01;2019-08-25;12
ch:1:sboid:101125;101125;Sportbahnen Melchsee-Frutt (lsm);Sportbahnen Melchsee-Frutt (lsm);Sportbahnen Melchsee-Frutt (lsm);Sportbahnen Melchsee-Frutt (lsm);SMF-lsmFpl;SMF-lsmFpl;SMF-lsmFpl;SMF-lsmFpl;3222;;2019-08-26;2099-12-31;12
ch:1:sboid:100161;100161;Engelberg-Brunni;Engelberg-Brunni;Engelberg-Brunni;Engelberg-Brunni;EB;EB;EB;EB;203;;1900-01-01;2020-07-09;10
ch:1:sboid:100632;100632;Automobiles CJ;Automobiles CJ;Automobiles CJ;Automobiles CJ;CJ Auto;CJ Auto;CJ Auto;CJ Auto;833;;1900-01-01;2099-12-31;30
ch:1:sboid:101816;101816;Alpbus Fournier;Alpbus Fournier;Alpbus Fournier;Alpbus Fournier;AFO;AFO;AFO;AFO;611;;2021-07-29;2099-12-31;30
ch:1:sboid:100680;100680;Transports Publics Genevois;Transports Publics Genevois;Transports Publics Genevois;Transports Publics Genevois;TPG;TPG;TPG;TPG;881;didok@tpg.ch;1900-01-01;2099-12-31;30
ch:1:sboid:101753;101753;MEV Schweiz AG;MEV Schweiz AG;MEV Schweiz AG;MEV Schweiz AG;MEV;MEV;MEV;MEV;510;;2019-01-17;2099-12-31;95
ch:1:sboid:101099;101099;ebs Energie AG;ebs Energie AG;ebs Energie AG;ebs Energie AG;EBS;EBS;EBS;EBS;3162;;2021-08-10;2099-12-31;12
ch:1:sboid:100150;100150;Basler Personenschifffahrts-Gesellschaft;Basler Personenschifffahrts-Gesellschaft;Basler Personenschifffahrts-Gesellschaft;Basler Personenschifffahrts-Gesellschaft;BPG;BPG;BPG;BPG;191;;1900-01-01;2021-08-31;20
ch:1:sboid:100150;100150;Basler Personenschifffahrt AG;Basler Personenschifffahrt AG;Basler Personenschifffahrt AG;Basler Personenschifffahrt AG;BPG;BPG;BPG;BPG;191;;2021-09-01;2099-12-31;20
ch:1:sboid:101132;101132;Trasporti Pubblici Luganesi SA;Trasporti Pubblici Luganesi SA;Trasporti Pubblici Luganesi SA;Trasporti Pubblici Luganesi SA;TPL    Fpl;TPL    Fpl;TPL    Fpl;TPL    Fpl;3955;;2020-09-04;2099-12-31;32
ch:1:sboid:100090;100090;Cassarate-Monte Brè;Cassarate-Monte Brè;Cassarate-Monte Brè;Cassarate-Monte Brè;FMB;FMB;FMB;FMB;116;;1900-01-01;2020-09-03;10
ch:1:sboid:100090;100090;Società Funicolare Cassarate-Monte Brè;Società Funicolare Cassarate-Monte Brè;Società Funicolare Cassarate-Monte Brè;Società Funicolare Cassarate-Monte Brè;FMB;FMB;FMB;FMB;116;;2020-09-04;2099-12-31;10
ch:1:sboid:101132;101132;Trasporti Pubblici Luganesi;Trasporti Pubblici Luganesi;Trasporti Pubblici Luganesi;Trasporti Pubblici Luganesi;TPL    Fpl;TPL    Fpl;TPL    Fpl;TPL    Fpl;3955;;2020-08-18;2020-09-03;12
ch:1:sboid:101185;101185;Gemeinde Surses – Cumegn Surses;Gemeinde Surses – Cumegn Surses;Gemeinde Surses – Cumegn Surses;Gemeinde Surses – Cumegn Surses;GSUR;GSUR;GSUR;GSUR;7052;;2019-10-01;2099-12-31;32
ch:1:sboid:100209;100209;Andermatt Gotthard Sportbahnen;Andermatt Gotthard Sportbahnen;Andermatt Gotthard Sportbahnen;Andermatt Gotthard Sportbahnen;AGS;AGS;AGS;AGS;251;;1900-01-01;2018-12-08;10
ch:1:sboid:100879;100879;Nationalgesellschaft der Belgischen Eisenbahnen;Société Nationale des Chemins de fer belges;Nationalgesellschaft der Belgischen Eisenbahnen;Belgian National Railway Company;SNCB;SNCB;SNCB;SNCB;1088;;1900-01-01;2099-12-31;11
ch:1:sboid:100650;100650;Automobildienst Matterhorn Gotthard Bahn (fo auto);Automobildienst Matterhorn Gotthard Bahn (fo auto);Automobildienst Matterhorn Gotthard Bahn (fo auto);Automobildienst Matterhorn Gotthard Bahn (fo auto);MGB/Autofo;MGB/Autofo;MGB/Autofo;MGB/Autofo;851;;1900-01-01;2099-12-31;30
ch:1:sboid:100440;100440;Emmentalbahn GmbH;Emmentalbahn GmbH;Emmentalbahn GmbH;Emmentalbahn GmbH;ETB;ETB;ETB;ETB;528;;1900-01-01;2099-12-31;95
ch:1:sboid:100290;100290;Sedrun Pendicularas SA;Sedrun Pendicularas SA;Sedrun Pendicularas SA;Sedrun Pendicularas SA;ASS-psr;ASS-psr;ASS-psr;ASS-psr;333;;2018-12-09;2099-12-31;10
ch:1:sboid:100034;100034;Transports publics fribourgeois;Transports publics fribourgeois;Transports publics fribourgeois;Transports publics fribourgeois;TPF;TPF;TPF;TPF;53;;1900-01-01;2099-12-31;10
ch:1:sboid:100168;100168;Funivia Monte Lema SA;Funivia Monte Lema SA;Funivia Monte Lema SA;Funivia Monte Lema SA;FML;FML;FML;FML;210;info@montelema.ch;1900-01-01;2099-12-31;10
ch:1:sboid:100550;100550;Verkehrsverbund Tirol GesmbH;Verkehrsverbund Tirol GesmbH;Verkehrsverbund Tirol GesmbH;Verkehrsverbund Tirol GesmbH;VVTIROL;VVTIROL;VVTIROL;VVTIROL;748;;1900-01-01;2099-12-31;30
ch:1:sboid:100754;100754;Trasporti Pubblici Luganesi SA;Trasporti Pubblici Luganesi SA;Trasporti Pubblici Luganesi SA;Trasporti Pubblici Luganesi SA;TPL;TPL;TPL;TPL;955;info@tplsa.ch;2021-10-12;2099-12-31;30
ch:1:sboid:100012;100012;Transports de la région Morges-Bière-Cossonay;Transports de la région Morges-Bière-Cossonay;Transports de la région Morges-Bière-Cossonay;Transports de la région Morges-Bière-Cossonay;MBC;MBC;MBC;MBC;29;;1900-01-01;2099-12-31;10
ch:1:sboid:100538;100538;Autolinea Mendrisiense SA;Autolinea Mendrisiense SA;Autolinea Mendrisiense SA;Autolinea Mendrisiense SA;AMSA;AMSA;AMSA;AMSA;736;;1900-01-01;2099-12-31;30
ch:1:sboid:101767;101767;Alsa Bustours Gex S.A.S;Alsa Bustours Gex S.A.S;Alsa Bustours Gex S.A.S;Alsa Bustours Gex S.A.S;ABG;ABG;ABG;ABG;700;;2019-09-09;2099-12-31;
ch:1:sboid:100077;100077;Verkehrsbetriebe Biel;Verkehrsbetriebe Biel;Verkehrsbetriebe Biel;Verkehrsbetriebe Biel;VB-be;VB-be;VB-be;VB-be;101;;1900-01-01;2021-06-02;10
ch:1:sboid:100688;100688;Verkehrsbetriebe der Stadt Biel;Verkehrsbetriebe der Stadt Biel;Verkehrsbetriebe der Stadt Biel;Verkehrsbetriebe der Stadt Biel;VB;VB;VB;VB;889;;1900-01-01;2021-06-02;30
ch:1:sboid:100579;100579;Busbetrieb Wollerau-Samstagern;Busbetrieb Wollerau-Samstagern;Busbetrieb Wollerau-Samstagern;Busbetrieb Wollerau-Samstagern;BWS;BWS;BWS;BWS;777;;1900-01-01;2099-12-31;30
ch:1:sboid:100695;100695;Regiobus Gossau SG;Regiobus Gossau SG;Regiobus Gossau SG;Regiobus Gossau SG;REGO;REGO;REGO;REGO;896;;1900-01-01;2099-12-31;30
ch:1:sboid:100516;100516;Bus Sierrois;Bus Sierrois;Bus Sierrois;Bus Sierrois;BS;BS;BS;BS;714;;1900-01-01;2099-12-31;30
ch:1:sboid:100508;100508;Automobildienst SAD AG;Automobildienst SAD AG;Automobildienst SAD AG;Automobildienst SAD AG;SAD Auto;SAD Auto;SAD Auto;SAD Auto;704;;1900-01-01;2021-12-11;30
ch:1:sboid:101756;101756;Transports Vallée de Joux-Yverdon-Ste-Croix (oc/bus);Transports Vallée de Joux-Yverdon-Ste-Croix (oc/bus);Transports Vallée de Joux-Yverdon-Ste-Croix (oc/bus);Transports Vallée de Joux-Yverdon-Ste-Croix (oc/bus);TRAVYS/oc;TRAVYS/oc;TRAVYS/oc;TRAVYS/oc;9020;;2019-02-20;2099-12-31;70
ch:1:sboid:100133;100133;Locarno-Madonna del Sasso;Locarno-Madonna del Sasso;Locarno-Madonna del Sasso;Locarno-Madonna del Sasso;FLMS;FLMS;FLMS;FLMS;163;;1900-01-01;2020-08-19;12
ch:1:sboid:100694;100694;Transports Vallée de Joux-Yverdon-Ste-Croix (tpyg);Transports Vallée de Joux-Yverdon-Ste-Croix (tpyg);Transports Vallée de Joux-Yverdon-Ste-Croix (tpyg);Transports Vallée de Joux-Yverdon-Ste-Croix (tpyg);TRAVYS/tpy;TRAVYS/tpy;TRAVYS/tpy;TRAVYS/tpy;895;;1900-01-01;2019-12-14;30
ch:1:sboid:100655;100655;Autobetrieb Sernftal;Autobetrieb Sernftal;Autobetrieb Sernftal;Autobetrieb Sernftal;AS;AS;AS;AS;856;info@sernftalbus.ch;1900-01-01;2099-12-31;30
ch:1:sboid:100074;100074;Transports Vallée de Joux-Yverdon-Ste-Croix (ystec);Transports Vallée de Joux-Yverdon-Ste-Croix (ystec);Transports Vallée de Joux-Yverdon-Ste-Croix (ystec);Transports Vallée de Joux-Yverdon-Ste-Croix (ystec);TRAVYS-ysc;TRAVYS-ysc;TRAVYS-ysc;TRAVYS-ysc;97;;1900-01-01;2019-12-14;10
ch:1:sboid:100074;100074;Transports Vallée de Joux-Yverdon-Ste-Croix;Transports Vallée de Joux-Yverdon-Ste-Croix;Transports Vallée de Joux-Yverdon-Ste-Croix;Transports Vallée de Joux-Yverdon-Ste-Croix;TRAVYS;TRAVYS;TRAVYS;TRAVYS;97;;2019-12-15;2099-12-31;10
ch:1:sboid:100914;100914;CD VBG (Vogtlandbahn);CD VBG (Vogtlandbahn);CD VBG (Vogtlandbahn);CD VBG (Vogtlandbahn);CD VBG   $;CD VBG   $;CD VBG   $;CD VBG   $;1854;;1900-01-01;2019-08-31;95
ch:1:sboid:100905;100905;CD RBG (Regentalbahn);CD RBG (Regentalbahn);CD RBG (Regentalbahn);CD RBG (Regentalbahn);CD RBG   $;CD RBG   $;CD RBG   $;CD RBG   $;1754;;1900-01-01;2019-08-31;95
ch:1:sboid:100900;100900;DB-RIT;DB-RIT;DB-RIT;DB-RIT;DB-RIT   $;DB-RIT   $;DB-RIT   $;DB-RIT   $;1680;;1900-01-01;2019-08-31;95
ch:1:sboid:100616;100616;Autolinee FART;Autolinee FART;Autolinee FART;Autolinee FART;FART Auto;FART Auto;FART Auto;FART Auto;817;fart@centovalli.ch;1900-01-01;2099-12-31;30
ch:1:sboid:101809;101809;SBB NMD P+R;SBB NMD P+R;SBB NMD P+R;SBB NMD P+R;SBB (NMD);SBB (NMD);SBB (NMD);SBB (NMD);566;;2020-08-18;2099-12-31;95
ch:1:sboid:100306;100306;LTB Lungern-Turren-Bahn AG;LTB Lungern-Turren-Bahn AG;LTB Lungern-Turren-Bahn AG;LTB Lungern-Turren-Bahn AG;LTBAG;LTBAG;LTBAG;LTBAG;349;;2020-08-18;2099-12-31;45
ch:1:sboid:100339;100339;Auszahlungen an Dritte 4 (3,8 % MWSt);Auszahlungen an Dritte 4 (3,8 % MWSt);Auszahlungen an Dritte 4 (3,8 % MWSt);Auszahlungen an Dritte 4 (3,8 % MWSt);Dri 3.8%;Dri 3.8%;Dri 3.8%;Dri 3.8%;408;;1900-01-01;2019-07-04;95
ch:1:sboid:100339;100339;Auszahlungen an Dritte 4 (3,7 % MWSt);Auszahlungen an Dritte 4 (3,7 % MWSt);Auszahlungen an Dritte 4 (3,7 % MWSt);Auszahlungen an Dritte 4 (3,7 % MWSt);Dri 3.7%;Dri 3.7%;Dri 3.7%;Dri 3.7%;408;;2019-07-05;2099-12-31;95
ch:1:sboid:100774;100774;RailAway Spezialleistungen 1 (8,0 % MWSt);RailAway Spezialleistungen 1 (8,0 % MWSt);RailAway Spezialleistungen 1 (8,0 % MWSt);RailAway Spezialleistungen 1 (8,0 % MWSt);RAW 8.0%;RAW 8.0%;RAW 8.0%;RAW 8.0%;975;;1900-01-01;2019-07-04;50
ch:1:sboid:100795;100795;RailAway Spezialleistungen 4 (3,7 % MWSt);RailAway Spezialleistungen 4 (3,7 % MWSt);RailAway Spezialleistungen 4 (3,7 % MWSt);RailAway Spezialleistungen 4 (3,7 % MWSt);RAW 3.7%;RAW 3.7%;RAW 3.7%;RAW 3.7%;996;;2019-07-05;2099-12-31;50
ch:1:sboid:100049;100049;Oensingen-Balsthal-Bahn;Oensingen-Balsthal-Bahn;Oensingen-Balsthal-Bahn;Oensingen-Balsthal-Bahn;OeBB;OeBB;OeBB;OeBB;68;info@oebb.ch;1900-01-01;2099-12-31;10
ch:1:sboid:101813;101813;Transdev Haute Savoie, SARL;Transdev Haute Savoie, SARL;Transdev Haute Savoie, SARL;Transdev Haute Savoie, SARL;TDEV74;TDEV74;TDEV74;TDEV74;610;;2020-12-08;2099-12-31;30
ch:1:sboid:100688;100688;Verkehrsbetriebe Biel;Transports publics biennois;Verkehrsbetriebe Biel;Verkehrsbetriebe Biel;VB;VB;VB;VB;889;;2021-06-03;2099-12-31;30
ch:1:sboid:100077;100077;Verkehrsbetriebe Biel;Transports publics biennois;Verkehrsbetriebe Biel;Verkehrsbetriebe Biel;VB-be;VB-be;VB-be;VB-be;101;;2021-06-03;2099-12-31;10
ch:1:sboid:100078;100078;Verkehrsbetriebe Biel;Verkehrsbetriebe Biel;Verkehrsbetriebe Biel;Verkehrsbetriebe Biel;VB-bm;VB-bm;VB-bm;VB-bm;103;;1900-01-01;2021-06-02;10
ch:1:sboid:100078;100078;Verkehrsbetriebe Biel;Transports publics biennois;Verkehrsbetriebe Biel;Verkehrsbetriebe Biel;VB-bm;VB-bm;VB-bm;VB-bm;103;;2021-06-03;2099-12-31;10
ch:1:sboid:101765;101765;Swiss Smart Mobility;Swiss Smart Mobility;Swiss Smart Mobility;Swiss Smart Mobility;SSMO;SSMO;SSMO;SSMO;561;;2019-08-12;2099-12-31;95
ch:1:sboid:1017661;1017661;SBB_Online_CityBundle;SBB_Online_CityBundle;SBB_Online_CityBundle;SBB_Online_CityBundle;SOCB;SOCB;SOCB;SOCB;563;;2019-08-12;2099-12-31;95
ch:1:sboid:1;1;Systemaufgaben Kundeninformation;Systemaufgaben Kundeninformation;Systemaufgaben Kundeninformation;Systemaufgaben Kundeninformation;SKI;SKI;SKI;SKI;90000;;2019-01-24;2099-12-31;70
ch:1:sboid:100942;100942;Tschentenbahnen Adelboden;Tschentenbahnen Adelboden;Tschentenbahnen Adelboden;Tschentenbahnen Adelboden;TBA;TBA;TBA;TBA;3001;;1900-01-01;2021-10-14;12
ch:1:sboid:101013;101013;Luftseilbahn Elsigbach-Elsigenalp;Luftseilbahn Elsigbach-Elsigenalp;Luftseilbahn Elsigbach-Elsigenalp;Luftseilbahn Elsigbach-Elsigenalp;LEE;LEE;LEE;LEE;3072;;1900-01-01;2021-10-14;12
ch:1:sboid:100269;100269;Grindelwald Grund-Männlichen;Grindelwald Grund-Männlichen;Grindelwald Grund-Männlichen;Grindelwald Grund-Männlichen;GGM;GGM;GGM;GGM;312;;1900-01-01;2021-12-11;10
ch:1:sboid:100269;100269;Gondelbahn Grindelwald-Männlichen AG;Gondelbahn Grindelwald-Männlichen AG;Gondelbahn Grindelwald-Männlichen AG;Gondelbahn Grindelwald-Männlichen AG;GGM;GGM;GGM;GGM;312;;2021-12-12;2099-12-31;10
ch:1:sboid:101073;101073;Bergbahnen Malbun AG;Bergbahnen Malbun AG;Bergbahnen Malbun AG;Bergbahnen Malbun AG;BBMAG-sms;BBMAG-sms;BBMAG-sms;BBMAG-sms;3133;;1900-01-01;2018-01-08;12
ch:1:sboid:100016;100016;BLS AG (bn);BLS AG (bn);BLS AG (bn);BLS AG (bn);BLS-bn;BLS-bn;BLS-bn;BLS-bn;34;;1900-01-01;2099-12-31;10
ch:1:sboid:100056;100056;BLS AG (sez);BLS AG (sez);BLS AG (sez);BLS AG (sez);BLS-sez;BLS-sez;BLS-sez;BLS-sez;76;;1900-01-01;2099-12-31;10
ch:1:sboid:100015;100015;BLS AG (bls);BLS AG (bls);BLS AG (bls);BLS AG (bls);BLS-bls;BLS-bls;BLS-bls;BLS-bls;33;;1900-01-01;2099-12-31;10
ch:1:sboid:100026;100026;BLS AG (ebt);BLS AG (ebt);BLS AG (ebt);BLS AG (ebt);BLS-ebt;BLS-ebt;BLS-ebt;BLS-ebt;45;;1900-01-01;2099-12-31;10
ch:1:sboid:100033;100033;BLS AG (gbs);BLS AG (gbs);BLS AG (gbs);BLS AG (gbs);BLS-gbs;BLS-gbs;BLS-gbs;BLS-gbs;52;;1900-01-01;2099-12-31;10
ch:1:sboid:100017;100017;Berner Oberland-Bahnen;Berner Oberland-Bahnen;Berner Oberland-Bahnen;Berner Oberland-Bahnen;BOB;BOB;BOB;BOB;35;;1900-01-01;2099-12-31;10
ch:1:sboid:101760;101760;TR Trans Rail AG;TR Trans Rail AG;TR Trans Rail AG;TR Trans Rail AG;TRTR;TRTR;TRTR;TRTR;531;;2019-05-23;2099-12-31;95
ch:1:sboid:101752;101752;PDS - Portes du Soleil Suisse SA;PDS - Portes du Soleil Suisse SA;PDS - Portes du Soleil Suisse SA;PDS - Portes du Soleil Suisse SA;PDS-ch;PDS-ch;PDS-ch;PDS-ch;3198;;2018-12-11;2099-12-31;45
ch:1:sboid:100306;100306;LTN Lungern-Turren-Bahn AG;LTN Lungern-Turren-Bahn AG;LTN Lungern-Turren-Bahn AG;LTN Lungern-Turren-Bahn AG;LTBAG;LTBAG;LTBAG;LTBAG;349;;1900-01-01;2020-08-17;10
ch:1:sboid:101132;101132;Trasporti Pubblici Luganesi INFO+;Trasporti Pubblici Luganesi INFO+;Trasporti Pubblici Luganesi INFO+;Trasporti Pubblici Luganesi INFO+;TPL    Fpl;TPL    Fpl;TPL    Fpl;TPL    Fpl;3955;;1900-01-01;2020-08-17;30
ch:1:sboid:100568;100568;Bus und Service AG;Bus und Service AG;Bus und Service AG;Bus und Service AG;BuS;BuS;BuS;BuS;766;;2018-12-09;2021-05-31;30
ch:1:sboid:100568;100568;Bus und Service AG (Chur);Bus und Service AG (Chur);Bus und Service AG (Chur);Bus und Service AG (Chur);BuS/cb;BuS/cb;BuS/cb;BuS/cb;766;;2021-06-01;2099-12-31;30
ch:1:sboid:101712;101712;Bus und Service AG (Engadin);Bus und Service AG (Engadin);Bus und Service AG (Engadin);Bus und Service AG (Engadin);BuS/eb;BuS/eb;BuS/eb;BuS/eb;815;;2021-06-01;2099-12-31;30
ch:1:sboid:100877;100877;Dänische Staatsbahnen;Chemins de fer de l'Etat danois;Dänische Staatsbahnen;Danish State Railways;DSB      $;DSB      $;DSB      $;DSB      $;1086;;1900-01-01;2021-01-14;11
ch:1:sboid:100877;100877;Dänische Staatsbahnen;Chemins de fer de l'Etat danois;Dänische Staatsbahnen;Danish State Railways;DSB;DSB;DSB;DSB;1086;;2021-01-15;2099-12-31;11
ch:1:sboid:101712;101712;Bus und Service AG (Engadin);Bus und Service AG (Engadin);Bus und Service AG (Engadin);Bus und Service AG (Engadin);BuS/eng;BuS/eng;BuS/eng;BuS/eng;815;;2018-08-28;2021-05-31;30
ch:1:sboid:101188;101188;Funicar Kursbetriebe AG Biel;Funicar Kursbetriebe AG Biel;Funicar Kursbetriebe AG Biel;Funicar Kursbetriebe AG Biel;FCK;FCK;FCK;FCK;7055;;1900-01-01;2019-07-21;32
ch:1:sboid:101204;101204;ARRIVA ITALIA S.r.l.;ARRIVA ITALIA S.r.l.;ARRIVA ITALIA S.r.l.;ARRIVA ITALIA S.r.l.;ARRIT;ARRIT;ARRIT;ARRIT;7071;;2021-10-08;2099-12-31;32
ch:1:sboid:100122;100122;Transports Publics de la Région Lausannoise sa;Transports Publics de la Région Lausannoise sa;Transports Publics de la Région Lausannoise sa;Transports Publics de la Région Lausannoise sa;TL;TL;TL;TL;151;;2021-10-08;2099-12-31;10
ch:1:sboid:100184;100184;Luftseilbahn Obergschwend-Rigi-Burggeist AG;Luftseilbahn Obergschwend-Rigi-Burggeist AG;Luftseilbahn Obergschwend-Rigi-Burggeist AG;Luftseilbahn Obergschwend-Rigi-Burggeist AG;LORB;LORB;LORB;LORB;226;;1900-01-01;2099-12-31;45
ch:1:sboid:101185;101185;Gemeinde Sur;Gemeinde Sur;Gemeinde Sur;Gemeinde Sur;GSUR;GSUR;GSUR;GSUR;7052;;1900-01-01;2019-09-30;32
ch:1:sboid:100610;100610;Autobus AG Liestal;Autobus AG Liestal;Autobus AG Liestal;Autobus AG Liestal;AAGL;AAGL;AAGL;AAGL;811;;1900-01-01;2099-12-31;30
ch:1:sboid:100654;100654;Auto Leuk-Leukerbad;Auto Leuk-Leukerbad;Auto Leuk-Leukerbad;Auto Leuk-Leukerbad;LLB;LLB;LLB;LLB;855;;1900-01-01;2099-12-31;30
ch:1:sboid:100639;100639;Busbetrieb Aarau;Busbetrieb Aarau;Busbetrieb Aarau;Busbetrieb Aarau;BBA;BBA;BBA;BBA;840;kontakt@busaarau.ch;1900-01-01;2099-12-31;30
ch:1:sboid:101759;101759;Léman Pass;Léman Pass;Léman Pass;Léman Pass;Léman Pass;Léman Pass;Léman Pass;Léman Pass;419;;2019-05-15;2099-12-31;51
ch:1:sboid:101764;101764;DCS;DCS;DCS;DCS;DCS;DCS;DCS;DCS;560;;2019-08-12;2099-12-31;95
ch:1:sboid:101766;101766;SBB IMDL;SBB IMDL;SBB IMDL;SBB IMDL;IMDL;IMDL;IMDL;IMDL;562;;2019-08-12;2099-12-31;95
ch:1:sboid:101758;101758;Verkehrsverbund Vorarlberg GmbH;Verkehrsverbund Vorarlberg GmbH;Verkehrsverbund Vorarlberg GmbH;Verkehrsverbund Vorarlberg GmbH;VVV;VVV;VVV;VVV;478;christian.hillbrand@vmobil.at;2019-05-01;2099-12-31;30
ch:1:sboid:101099;101099;Elektrizitätswerk Bezirk Schwyz;Elektrizitätswerk Bezirk Schwyz;Elektrizitätswerk Bezirk Schwyz;Elektrizitätswerk Bezirk Schwyz;EBS;EBS;EBS;EBS;3162;;1900-01-01;2021-08-09;12
ch:1:sboid:101757;101757;Tarifverbund TransReno;Tarifverbund TransReno;Tarifverbund TransReno;Tarifverbund TransReno;TransReno;TransReno;TransReno;TransReno;430;;2019-04-24;2099-12-31;51
ch:1:sboid:100144;100144;Vierwaldstättersee;Vierwaldstättersee;Vierwaldstättersee;Vierwaldstättersee;SGV;SGV;SGV;SGV;185;m.achermann@lakelucerne.ch;1900-01-01;2099-12-31;20
ch:1:sboid:101763;101763;Eisenbahndienstleister GmbH;Eisenbahndienstleister GmbH;Eisenbahndienstleister GmbH;Eisenbahndienstleister GmbH;EDG;EDG;EDG;EDG;532;;2019-07-15;2099-12-31;95
ch:1:sboid:101751;101751;Bürgerbus Walperswil-Epsach-Täuffelen-Aarberg;Bürgerbus Walperswil-Epsach-Täuffelen-Aarberg;Bürgerbus Walperswil-Epsach-Täuffelen-Aarberg;Bürgerbus Walperswil-Epsach-Täuffelen-Aarberg;WETA-Tarif;WETA-Tarif;WETA-Tarif;WETA-Tarif;710;;2018-12-13;2019-12-14;30
ch:1:sboid:101751;101751;Bürgerbus Walperswil-Epsach-Täuffelen-Aarberg;Bürgerbus Walperswil-Epsach-Täuffelen-Aarberg;Bürgerbus Walperswil-Epsach-Täuffelen-Aarberg;Bürgerbus Walperswil-Epsach-Täuffelen-Aarberg;WETA;WETA;WETA;WETA;710;;2019-12-15;2099-12-31;30
ch:1:sboid:100145;100145;Zugersee;Zugersee;Zugersee;Zugersee;SGZ;SGZ;SGZ;SGZ;186;;1900-01-01;2019-08-28;20
ch:1:sboid:100145;100145;Schifffahrtsgesellschaft für den Zugersee AG;Schifffahrtsgesellschaft für den Zugersee AG;Schifffahrtsgesellschaft für den Zugersee AG;Schifffahrtsgesellschaft für den Zugersee AG;SGZ;SGZ;SGZ;SGZ;186;;2019-08-29;2099-12-31;20
ch:1:sboid:100138;100138;Schiffsbetrieb Aegerisee;Schiffsbetrieb Aegerisee;Schiffsbetrieb Aegerisee;Schiffsbetrieb Aegerisee;AeS;AeS;AeS;AeS;179;;1900-01-01;2019-08-28;20
ch:1:sboid:100138;100138;Ägerisee Schifffahrt AG;Ägerisee Schifffahrt AG;Ägerisee Schifffahrt AG;Ägerisee Schifffahrt AG;AeS;AeS;AeS;AeS;179;;2019-08-29;2099-12-31;20
ch:1:sboid:101754;101754;SNCF Mobiltés - Direction TER Auvergne-Rhône-Alpes;SNCF Mobiltés - Direction TER Auvergne-Rhône-Alpes;SNCF Mobiltés - Direction TER Auvergne-Rhône-Alpes;SNCF Mobiltés - Direction TER Auvergne-Rhône-Alpes;SNCF LEX;SNCF LEX;SNCF LEX;SNCF LEX;426;;2019-06-01;2099-12-31;95
ch:1:sboid:100153;100153;Zürichsee;Zürichsee;Zürichsee;Zürichsee;ZSG;ZSG;ZSG;ZSG;194;ahoi@zsg.ch;1900-01-01;2019-09-02;20
ch:1:sboid:100153;100153;Zürichsee-Schifffahrtsgesellschaft AG (ZSG);Zürichsee-Schifffahrtsgesellschaft AG (ZSG);Zürichsee-Schifffahrtsgesellschaft AG (ZSG);Zürichsee-Schifffahrtsgesellschaft AG (ZSG);ZSG;ZSG;ZSG;ZSG;194;ahoi@zsg.ch;2019-09-03;2099-12-31;20
ch:1:sboid:100380;100380;Tarifverbund Bern/Solothurn (Billette);Tarifverbund Bern/Solothurn (Billette);Tarifverbund Bern/Solothurn (Billette);Tarifverbund Bern/Solothurn (Billette);TV-BE/SO;TV-BE/SO;TV-BE/SO;TV-BE/SO;459;;1900-01-01;2019-05-28;51
ch:1:sboid:101761;101761;Tarifverbund Libero 6 (Abo);Tarifverbund Libero 6 (Abo);Tarifverbund Libero 6 (Abo);Tarifverbund Libero 6 (Abo);TV Libero6;TV Libero6;TV Libero6;TV Libero6;446;;2019-05-29;2099-12-31;51
ch:1:sboid:101762;101762;Tarifverbund Libero 5 (Billette);Tarifverbund Libero 5 (Billette);Tarifverbund Libero 5 (Billette);Tarifverbund Libero 5 (Billette);TV Libero5;TV Libero5;TV Libero5;TV Libero5;459;;2019-05-29;2099-12-31;51
ch:1:sboid:101810;101810;TPF Ersatzverkehr LOS 1;TPF Ersatzverkehr LOS 1;TPF Ersatzverkehr LOS 1;TPF Ersatzverkehr LOS 1;TPF-LOS1;TPF-LOS1;TPF-LOS1;TPF-LOS1;7223;;2020-09-15;2099-12-31;99
ch:1:sboid:100645;100645;Verkehrsbetriebe Schaffhausen;Verkehrsbetriebe Schaffhausen;Verkehrsbetriebe Schaffhausen;Verkehrsbetriebe Schaffhausen;VBSH-rv;VBSH-rv;VBSH-rv;VBSH-rv;846;;2020-06-01;2099-12-31;30
ch:1:sboid:100009;100009;Transports Publics du Chablais (aomc);Transports Publics du Chablais (aomc);Transports Publics du Chablais (aomc);Transports Publics du Chablais (aomc);TPC-aomc;TPC-aomc;TPC-aomc;TPC-aomc;24;;1900-01-01;2099-12-31;10
ch:1:sboid:100021;100021;Transports Publics du Chablais (bvb);Transports Publics du Chablais (bvb);Transports Publics du Chablais (bvb);Transports Publics du Chablais (bvb);TPC-bvb;TPC-bvb;TPC-bvb;TPC-bvb;39;;1900-01-01;2099-12-31;10
ch:1:sboid:100112;100112;Appenzeller Bahnen (rhw);Appenzeller Bahnen (rhw);Appenzeller Bahnen (rhw);Appenzeller Bahnen (rhw);AB-rhw;AB-rhw;AB-rhw;AB-rhw;139;;1900-01-01;2099-12-31;10
ch:1:sboid:100024;100024;Chemins de fer du Jura;Chemins de fer du Jura;Chemins de fer du Jura;Chemins de fer du Jura;CJ;CJ;CJ;CJ;43;;1900-01-01;2099-12-31;10
ch:1:sboid:100846;100846;Tschechische Bahnen;Chemins de fer de l'Etat tchécoslovaque;Tschechische Bahnen;Czech Railways;CD;CD;CD;CD;1054;;1900-01-01;2099-12-31;11
ch:1:sboid:100609;100609;Busbetrieb Lichtensteig-Wattwil-Ebnat-Kappel;Busbetrieb Lichtensteig-Wattwil-Ebnat-Kappel;Busbetrieb Lichtensteig-Wattwil-Ebnat-Kappel;Busbetrieb Lichtensteig-Wattwil-Ebnat-Kappel;BLWE;BLWE;BLWE;BLWE;810;;1900-01-01;2099-12-31;30
ch:1:sboid:101085;101085;Bergbahnen Obersaxen AG;Bergbahnen Obersaxen AG;Bergbahnen Obersaxen AG;Bergbahnen Obersaxen AG;BO;BO;BO;BO;3146;;2018-12-09;2099-12-31;12
ch:1:sboid:100085;100085;Sportbahnen Davos;Sportbahnen Davos;Sportbahnen Davos;Sportbahnen Davos;SDS;SDS;SDS;SDS;111;;2018-06-01;2099-12-31;12
ch:1:sboid:100990;100990;Sportbahnen Eischoll Augstbord;Sportbahnen Eischoll Augstbord;Sportbahnen Eischoll Augstbord;Sportbahnen Eischoll Augstbord;SEA-sest;SEA-sest;SEA-sest;SEA-sest;3049;;1900-01-01;2018-12-08;12
ch:1:sboid:100990;100990;Sportbahnen Eischoll Augstbord;Sportbahnen Eischoll Augstbord;Sportbahnen Eischoll Augstbord;Sportbahnen Eischoll Augstbord;SEA;SEA;SEA;SEA;3049;;2018-12-09;2099-12-31;12
ch:1:sboid:100963;100963;Télé-Torgon SA (tfj);Télé-Torgon SA (tfj);Télé-Torgon SA (tfj);Télé-Torgon SA (tfj);TTG-tfj;TTG-tfj;TTG-tfj;TTG-tfj;3022;;1900-01-01;2018-12-08;12
ch:1:sboid:100961;100961;Télé-Torgon SA;Télé-Torgon SA;Télé-Torgon SA;Télé-Torgon SA;TTG;TTG;TTG;TTG;3020;;2018-12-09;2099-12-31;12
ch:1:sboid:100539;100539;Servizio d'automobili;Servizio d'automobili;Servizio d'automobili;Servizio d'automobili;SNL Auto;SNL Auto;SNL Auto;SNL Auto;737;;1900-01-01;2099-12-31;30
ch:1:sboid:101202;101202;Andermatt-Urserntal Tourismus GmbH;Andermatt-Urserntal Tourismus GmbH;Andermatt-Urserntal Tourismus GmbH;Andermatt-Urserntal Tourismus GmbH;AUT;AUT;AUT;AUT;7069;;1900-01-01;2099-12-31;32
ch:1:sboid:101134;101134;Events / Manifestations / Eventi;Events / Manifestations / Eventi;Events / Manifestaions / Eventi;Events / Manifestations / Eventi;Extrabus 2;Extrabus 2;Extrabus 2;Extrabus 2;7001;;1900-01-01;2099-12-31;32
ch:1:sboid:100193;100193;Seilbahn Rickenbach-Rotenfluh/Rotenfluebahn Mythenregion;Seilbahn Rickenbach-Rotenfluh/Rotenfluebahn Mythenregion;Seilbahn Rickenbach-Rotenfluh/Rotenfluebahn Mythenregion;Seilbahn Rickenbach-Rotenfluh/Rotenfluebahn Mythenregion;SRR;SRR;SRR;SRR;235;;2014-06-01;2099-12-31;10
ch:1:sboid:101188;101188;Funicar AG;Funicar AG;Funicar AG;Funicar AG;FCA;FCA;FCA;FCA;7055;;2019-07-22;2099-12-31;32
ch:1:sboid:100161;100161;Brunni-Bahnen Engelberg AG;Brunni-Bahnen Engelberg AG;Brunni-Bahnen Engelberg AG;Brunni-Bahnen Engelberg AG;EB;EB;EB;EB;203;;2020-07-10;2099-12-31;10
ch:1:sboid:101204;101204;Società Autoservizi Valle d'Aosta;Società Autoservizi Valle d'Aosta;Società Autoservizi Valle d'Aosta;Società Autoservizi Valle d'Aosta;SAVDA;SAVDA;SAVDA;SAVDA;7071;;2007-01-01;2021-10-07;32
ch:1:sboid:100122;100122;Transport publics de la Région Lausannoise;Transport publics de la Région Lausannoise;Transport publics de la Région Lausannoise;Transport publics de la Région Lausannoise;TL;TL;TL;TL;151;;1900-01-01;2021-10-07;10
ch:1:sboid:100100;100100;Transport publics de la Région Lausannoise (lo);Transport publics de la Région Lausannoise (lo);Transport publics de la Région Lausannoise (lo);Transport publics de la Région Lausannoise (lo);TL-lo;TL-lo;TL-lo;TL-lo;127;;1900-01-01;2021-10-07;10
ch:1:sboid:100100;100100;Transports Publics de la Région Lausannoise sa;Transports Publics de la Région Lausannoise sa;Transports Publics de la Région Lausannoise sa;Transports Publics de la Région Lausannoise sa;TL-lo;TL-lo;TL-lo;TL-lo;127;;2021-10-08;2099-12-31;10
ch:1:sboid:100032;100032;Frauenfeld-Wil;Frauenfeld-Wil;Frauenfeld-Wil;Frauenfeld-Wil;FW;FW;FW;FW;51;;1900-01-01;2021-10-10;10
ch:1:sboid:100032;100032;Appenzeller Bahnen (fw);Appenzeller Bahnen (fw);Appenzeller Bahnen (fw);Appenzeller Bahnen (fw);AB-fw;AB-fw;AB-fw;AB-fw;51;;2021-10-11;2099-12-31;10
ch:1:sboid:100754;100754;Trasporti Pubblici Luganesi;Trasporti Pubblici Luganesi;Trasporti Pubblici Luganesi;Trasporti Pubblici Luganesi;TPL;TPL;TPL;TPL;955;info@tplsa.ch;1900-01-01;2021-10-11;30
ch:1:sboid:101780;101780;Deutsche Eisenbahn-Infrastruktur in der Schweiz;Deutsche Eisenbahn-Infrastruktur in der Schweiz;Deutsche Eisenbahn-Infrastruktur in der Schweiz;Deutsche Eisenbahn-Infrastruktur in der Schweiz;DICH;DICH;DICH;DICH;5058;;2020-02-07;2021-08-03;10
ch:1:sboid:1017151;1017151;Transports Publics de l'agglomération d'Annemasse;Transports Publics de l'agglomération d'Annemasse;Transports Publics de l'agglomération d'Annemasse;Transports Publics de l'agglomération d'Annemasse;TAC;TAC;TAC;TAC;776;;2018-11-30;2099-12-31;32
ch:1:sboid:100942;100942;Tschentenbahnen Adelboden;Tschentenbahnen Adelboden;Tschentenbahnen Adelboden;Tschentenbahnen Adelboden;TBA fpl;TBA fpl;TBA fpl;TBA fpl;3001;;2021-10-15;2099-12-31;12
ch:1:sboid:101818;101818;Tschentenbahnen AG;Tschentenbahnen AG;Tschentenbahnen AG;Tschentenbahnen AG;TBA;TBA;TBA;TBA;613;;2021-10-15;2099-12-31;
ch:1:sboid:101013;101013;Luftseilbahn Elsigbach-Elsigenalp;Luftseilbahn Elsigbach-Elsigenalp;Luftseilbahn Elsigbach-Elsigenalp;Luftseilbahn Elsigbach-Elsigenalp;LEE fpl;LEE fpl;LEE fpl;LEE fpl;3072;;2021-10-15;2099-12-31;12
ch:1:sboid:101819;101819;Elsigenalpbahnen AG Frutigen, Luftseilbahn und Skilifte;Elsigenalpbahnen AG Frutigen, Luftseilbahn und Skilifte;Elsigenalpbahnen AG Frutigen, Luftseilbahn und Skilifte;Elsigenalpbahnen AG Frutigen, Luftseilbahn und Skilifte;LEE;LEE;LEE;LEE;614;;2021-10-15;2099-12-31;
ch:1:sboid:100176;100176;Bergbahnen Engadin St. Moritz, Bernina-Diavolezza (lbd);Bergbahnen Engadin St. Moritz, Bernina-Diavolezza (lbd);Bergbahnen Engadin St. Moritz, Bernina-Diavolezza (lbd);Bergbahnen Engadin St. Moritz, Bernina-Diavolezza (lbd);DIALA-lbd;DIALA-lbd;DIALA-lbd;DIALA-lbd;218;;1900-01-01;2099-12-31;10
ch:1:sboid:100175;100175;Télé Champéry - Crosets Portes du Soleil SA;Télé Champéry - Crosets Portes du Soleil SA;Télé Champéry - Crosets Portes du Soleil SA;Télé Champéry - Crosets Portes du Soleil SA;TCP;TCP;TCP;TCP;217;;1900-01-01;2099-12-31;10
ch:1:sboid:101196;101196;Walter Tschannen Zofingen;Walter Tschannen Zofingen;Walter Tschannen Zofingen;Walter Tschannen Zofingen;WTZ;WTZ;WTZ;WTZ;7063;;1900-01-01;2099-12-31;32
ch:1:sboid:100617;100617;Service d'automobiles TPC (aomc auto);Service d'automobiles TPC (aomc auto);Service d'automobiles TPC (aomc auto);Service d'automobiles TPC (aomc auto);TPC/Auaomc;TPC/Auaomc;TPC/Auaomc;TPC/Auaomc;818;;1900-01-01;2019-05-31;30
ch:1:sboid:100008;100008;Transports Publics du Chablais (al);Transports Publics du Chablais (al);Transports Publics du Chablais (al);Transports Publics du Chablais (al);TPC-al;TPC-al;TPC-al;TPC-al;23;;1900-01-01;2019-05-31;10
ch:1:sboid:100008;100008;Transports Publics du Chablais;Transports Publics du Chablais;Transports Publics du Chablais;Transports Publics du Chablais;TPC;TPC;TPC;TPC;23;;2019-06-01;2099-12-31;10
ch:1:sboid:100619;100619;Verkehrsbetriebe Luzern;Verkehrsbetriebe Luzern;Verkehrsbetriebe Luzern;Verkehrsbetriebe Luzern;VBL;VBL;VBL;VBL;820;;1900-01-01;2019-08-28;30
ch:1:sboid:100093;100093;Drahtseilbahn Marzili-Bundesterrasse (Bern);Drahtseilbahn Marzili-Bundesterrasse (Bern);Drahtseilbahn Marzili-Bundesterrasse (Bern);Drahtseilbahn Marzili-Bundesterrasse (Bern);DMB;DMB;DMB;DMB;119;;1900-01-01;2019-08-28;10
ch:1:sboid:100093;100093;Drahtseilbahn Marzili-Stadt Bern AG;Drahtseilbahn Marzili-Stadt Bern AG;Drahtseilbahn Marzili-Stadt Bern AG;Drahtseilbahn Marzili-Stadt Bern AG;DMB;DMB;DMB;DMB;119;;2019-08-29;2099-12-31;10
ch:1:sboid:101704;101704;Alliance SwissPass;Alliance SwissPass;Alliance SwissPass;Alliance SwissPass;ASP;ASP;ASP;ASP;100;tarife@allianceswisspass.ch;2020-10-06;2099-12-31;95
ch:1:sboid:101784;101784;SBB Ersatzverkehr LOS 2;SBB Ersatzverkehr LOS 2;SBB Ersatzverkehr LOS 2;SBB Ersatzverkehr LOS 2;SBB-LOS2;SBB-LOS2;SBB-LOS2;SBB-LOS2;7201;;2020-04-15;2099-12-31;
ch:1:sboid:101785;101785;SBB Ersatzverkehr LOS 3;SBB Ersatzverkehr LOS 3;SBB Ersatzverkehr LOS 3;SBB Ersatzverkehr LOS 3;SBB-LOS3;SBB-LOS3;SBB-LOS3;SBB-LOS3;7202;;2020-04-15;2099-12-31;
ch:1:sboid:101787;101787;SBB Ersatzverkehr LOS 5;SBB Ersatzverkehr LOS 5;SBB Ersatzverkehr LOS 5;SBB Ersatzverkehr LOS 5;SBB-LOS5;SBB-LOS5;SBB-LOS5;SBB-LOS5;7204;;2020-04-15;2099-12-31;
ch:1:sboid:101790;101790;SBB Ersatzverkehr LOS 8;SBB Ersatzverkehr LOS 8;SBB Ersatzverkehr LOS 8;SBB Ersatzverkehr LOS 8;SBB-LOS8;SBB-LOS8;SBB-LOS8;SBB-LOS8;7207;;2020-04-15;2099-12-31;
ch:1:sboid:101791;101791;SBB Ersatzverkehr LOS 9;SBB Ersatzverkehr LOS 9;SBB Ersatzverkehr LOS 9;SBB Ersatzverkehr LOS 9;SBB-LOS9;SBB-LOS9;SBB-LOS9;SBB-LOS9;7208;;2020-04-15;2099-12-31;
ch:1:sboid:101794;101794;SBB Ersatzverkehr LOS 12;SBB Ersatzverkehr LOS 12;SBB Ersatzverkehr LOS 12;SBB Ersatzverkehr LOS 12;SBB-LOS12;SBB-LOS12;SBB-LOS12;SBB-LOS12;7211;;2020-04-15;2099-12-31;
ch:1:sboid:101797;101797;ZB Ersatzverkehr LOS 1;ZB Ersatzverkehr LOS 1;ZB Ersatzverkehr LOS 1;ZB Ersatzverkehr LOS 1;ZB-LOS1;ZB-LOS1;ZB-LOS1;ZB-LOS1;7214;;2020-04-15;2099-12-31;
ch:1:sboid:101800;101800;BLS Ersatzverkehr LOS 1;BLS Ersatzverkehr LOS 1;BLS Ersatzverkehr LOS 1;BLS Ersatzverkehr LOS 1;BLS-LOS1;BLS-LOS1;BLS-LOS1;BLS-LOS1;7217;;2020-04-15;2099-12-31;
ch:1:sboid:101803;101803;SOB Ersatzverkehr LOS 3;SOB Ersatzverkehr LOS 3;SOB Ersatzverkehr LOS 3;SOB Ersatzverkehr LOS 3;SOB-LOS3;SOB-LOS3;SOB-LOS3;SOB-LOS3;7220;;2020-04-15;2099-12-31;99
ch:1:sboid:101824;101824;Schweizer Museumspass;Schweizer Museumspass;Schweizer Museumspass;Schweizer Museumspass;CHMUS;CHMUS;CHMUS;CHMUS;918;;2022-01-01;2099-12-31;95
ch:1:sboid:100764;100764;Rail In-Club Interlaken;Rail In-Club Interlaken;Rail In-Club Interlaken;Rail In-Club Interlaken;RICI;RICI;RICI;RICI;965;;1900-01-01;2021-11-17;50
ch:1:sboid:101826;101826;Verein Zürcher Museen;Verein Zürcher Museen;Verein Zürcher Museen;Verein Zürcher Museen;VZUEM;VZUEM;VZUEM;VZUEM;968;;2022-01-01;2099-12-31;95
ch:1:sboid:101827;101827;Zürich Tourismus;Zürich Tourismus;Zürich Tourismus;Zürich Tourismus;ZUET;ZUET;ZUET;ZUET;982;;2022-01-01;2099-12-31;95
ch:1:sboid:100152;100152;Schweiz. Schifffahrtsgesellschaft Untersee und Rhein AG;Schweiz. Schifffahrtsgesellschaft Untersee und Rhein AG;Schweiz. Schifffahrtsgesellschaft Untersee und Rhein AG;Schweiz. Schifffahrtsgesellschaft Untersee und Rhein AG;URh;URh;URh;URh;193;info@urh.ch;2021-12-07;2099-12-31;20
ch:1:sboid:101783;101783;SBB Ersatzverkehr LOS 1;SBB Ersatzverkehr LOS 1;SBB Ersatzverkehr LOS 1;SBB Ersatzverkehr LOS 1;SBB-LOS1;SBB-LOS1;SBB-LOS1;SBB-LOS1;7200;;2020-04-15;2099-12-31;
ch:1:sboid:101786;101786;SBB Ersatzverkehr LOS 4;SBB Ersatzverkehr LOS 4;SBB Ersatzverkehr LOS 4;SBB Ersatzverkehr LOS 4;SBB-LOS4;SBB-LOS4;SBB-LOS4;SBB-LOS4;7203;;2020-04-15;2099-12-31;
ch:1:sboid:101788;101788;SBB Ersatzverkehr LOS 6;SBB Ersatzverkehr LOS 6;SBB Ersatzverkehr LOS 6;SBB Ersatzverkehr LOS 6;SBB-LOS6;SBB-LOS6;SBB-LOS6;SBB-LOS6;7205;;2020-04-15;2099-12-31;
ch:1:sboid:101789;101789;SBB Ersatzverkehr LOS 7;SBB Ersatzverkehr LOS 7;SBB Ersatzverkehr LOS 7;SBB Ersatzverkehr LOS 7;SBB-LOS7;SBB-LOS7;SBB-LOS7;SBB-LOS7;7206;;2020-04-15;2099-12-31;
ch:1:sboid:101792;101792;SBB Ersatzverkehr LOS 10;SBB Ersatzverkehr LOS 10;SBB Ersatzverkehr LOS 10;SBB Ersatzverkehr LOS 10;SBB-LOS10;SBB-LOS10;SBB-LOS10;SBB-LOS10;7209;;2020-04-15;2099-12-31;
ch:1:sboid:101793;101793;SBB Ersatzverkehr LOS 11;SBB Ersatzverkehr LOS 11;SBB Ersatzverkehr LOS 11;SBB Ersatzverkehr LOS 11;SBB-LOS11;SBB-LOS11;SBB-LOS11;SBB-LOS11;7210;;2020-04-15;2099-12-31;
ch:1:sboid:1017941;1017941;SBB Ersatzverkehr LOS 13;SBB Ersatzverkehr LOS 13;SBB Ersatzverkehr LOS 13;SBB Ersatzverkehr LOS 13;SBB-LOS13;SBB-LOS13;SBB-LOS13;SBB-LOS13;7212;;2020-04-15;2099-12-31;
ch:1:sboid:101796;101796;SBB Ersatzverkehr LOS 14;SBB Ersatzverkehr LOS 14;SBB Ersatzverkehr LOS 14;SBB Ersatzverkehr LOS 14;SBB-LOS14;SBB-LOS14;SBB-LOS14;SBB-LOS14;7213;;2020-04-15;2099-12-31;
ch:1:sboid:101798;101798;ZB Ersatzverkehr LOS 2;ZB Ersatzverkehr LOS 2;ZB Ersatzverkehr LOS 2;ZB Ersatzverkehr LOS 2;ZB-LOS2;ZB-LOS2;ZB-LOS2;ZB-LOS2;7215;;2020-04-15;2099-12-31;
ch:1:sboid:101799;101799;ZB Ersatzverkehr LOS 3;ZB Ersatzverkehr LOS 3;ZB Ersatzverkehr LOS 3;ZB Ersatzverkehr LOS 3;ZB-LOS3;ZB-LOS3;ZB-LOS3;ZB-LOS3;7216;;2020-04-15;2099-12-31;
ch:1:sboid:101801;101801;SOB Ersatzverkehr LOS 1;SOB Ersatzverkehr LOS 1;SOB Ersatzverkehr LOS 1;SOB Ersatzverkehr LOS 1;SOB-LOS1;SOB-LOS1;SOB-LOS1;SOB-LOS1;7218;;2020-04-15;2099-12-31;
ch:1:sboid:101802;101802;SOB Ersatzverkehr LOS 2;SOB Ersatzverkehr LOS 2;SOB Ersatzverkehr LOS 2;SOB Ersatzverkehr LOS 2;SOB-LOS2;SOB-LOS2;SOB-LOS2;SOB-LOS2;7219;;2020-04-15;2099-12-31;
ch:1:sboid:101804;101804;THURBO Ersatzverkehr LOS 1;THURBO Ersatzverkehr LOS 1;THURBO Ersatzverkehr LOS 1;THURBO Ersatzverkehr LOS 1;THB-LOS1;THB-LOS1;THB-LOS1;THB-LOS1;7221;;2020-05-06;2099-12-31;
ch:1:sboid:101805;101805;THURBO Ersatzverkehr LOS 2;THURBO Ersatzverkehr LOS 2;THURBO Ersatzverkehr LOS 2;THURBO Ersatzverkehr LOS 2;THB-LOS2;THB-LOS2;THB-LOS2;THB-LOS2;7222;;2020-05-06;2099-12-31;
ch:1:sboid:101808;101808;Tarifverbund Davos Klosters;Tarifverbund Davos Klosters;Tarifverbund Davos Klosters;Tarifverbund Davos Klosters;TVDK;TVDK;TVDK;TVDK;412;;2020-05-18;2099-12-31;51
ch:1:sboid:100152;100152;Untersee und Rhein;Untersee und Rhein;Untersee und Rhein;Untersee und Rhein;URh;URh;URh;URh;193;info@urh.ch;1900-01-01;2021-12-06;20
ch:1:sboid:100025;100025;Transports Publics Neuchâtelois SA (cmn);Transports Publics Neuchâtelois SA (cmn);Transports Publics Neuchâtelois SA (cmn);Transports Publics Neuchâtelois SA (cmn);TRN-cmn;TRN-cmn;TRN-cmn;TRN-cmn;44;;1900-01-01;2099-12-31;10
ch:1:sboid:100127;100127;Service d'automobiles TRN (vr);Service d'automobiles TRN (vr);Service d'automobiles TRN (vr);Service d'automobiles TRN (vr);TRN/Autovr;TRN/Autovr;TRN/Autovr;TRN/Autovr;156;;1900-01-01;2099-12-31;30
ch:1:sboid:101014;101014;Bergbahnen Adelboden AG;Bergbahnen Adelboden AG;Bergbahnen Adelboden AG;Bergbahnen Adelboden AG;BA SB;BA SB;BA SB;BA SB;3073;;2020-01-27;2022-01-10;45
ch:1:sboid:100678;100678;Auto BLT;Auto BLT;Auto BLT;Auto BLT;BLT Auto;BLT Auto;BLT Auto;BLT Auto;879;;1900-01-01;2099-12-31;30
ch:1:sboid:100950;100950;Centre Touristique Moléson;Centre Touristique Moléson;Centre Touristique Moléson;Centre Touristique Moléson;TTM-tmv;TTM-tmv;TTM-tmv;TTM-tmv;3009;;1900-01-01;2020-05-31;12
ch:1:sboid:101054;101054;Winterhorn Gotthard Sportbahnen GmbH;Winterhorn Gotthard Sportbahnen GmbH;Winterhorn Gotthard Sportbahnen GmbH;Winterhorn Gotthard Sportbahnen GmbH;WGS;WGS;WGS;WGS;3114;;1900-01-01;2020-05-31;12
ch:1:sboid:100072;100072;BDWM Transport (wm);BDWM Transport (wm);BDWM Transport (wm);BDWM Transport (wm);BDWM-wm;BDWM-wm;BDWM-wm;BDWM-wm;95;;1900-01-01;2020-05-31;10
ch:1:sboid:101189;101189;Oehrlis Taxi Lenk im Simmental;Oehrlis Taxi Lenk im Simmental;Oehrlis Taxi Lenk im Simmental;Oehrlis Taxi Lenk im Simmental;OETL;OETL;OETL;OETL;7056;;1900-01-01;2020-05-31;32
ch:1:sboid:101167;101167;Transports Publics du Chablais                           Fpl;Transports Publics du Chablais                           Fpl;Transports Publics du Chablais                           Fpl;Transports Publics du Chablais                           Fpl;TPC    Fpl;TPC    Fpl;TPC    Fpl;TPC    Fpl;7034;;1900-01-01;2020-05-31;32
ch:1:sboid:101177;101177;Bürgerbus Walperswil-Epsach-Täuffelen-Aarberg;Bürgerbus Walperswil-Epsach-Täuffelen-Aarberg;Bürgerbus Walperswil-Epsach-Täuffelen-Aarberg;Bürgerbus Walperswil-Epsach-Täuffelen-Aarberg;WETA Fpl;WETA Fpl;WETA Fpl;WETA Fpl;7044;;2018-12-14;2020-05-31;32
ch:1:sboid:100949;100949;Télécabine Charmey-Vounetse;Télécabine Charmey-Vounetse;Télécabine Charmey-Vounetse;Télécabine Charmey-Vounetse;TCV;TCV;TCV;TCV;3008;;1900-01-01;2020-05-31;12
ch:1:sboid:101018;101018;Bergbahnen Adelboden AG;Bergbahnen Adelboden AG;Bergbahnen Adelboden AG;Bergbahnen Adelboden AG;BA-sglg;BA-sglg;BA-sglg;BA-sglg;3077;;1900-01-01;2020-12-12;12
ch:1:sboid:101152;101152;Bergbahnen Adelboden AG;Bergbahnen Adelboden AG;Bergbahnen Adelboden AG;Bergbahnen Adelboden AG;BA-bgh;BA-bgh;BA-bgh;BA-bgh;7019;;1900-01-01;2020-12-12;12
ch:1:sboid:101829;101829;HSL Schweiz GmbH;HSL Schweiz GmbH;HSL Schweiz GmbH;HSL Schweiz GmbH;HSLCH;HSLCH;HSLCH;HSLCH;616;;2022-01-03;2099-12-31;10
ch:1:sboid:100236;100236;Intragna-Pila Costa;Intragna-Pila Costa;Intragna-Pila Costa;Intragna-Pila Costa;FART-klic;FART-klic;FART-klic;FART-klic;278;;1900-01-01;2021-12-11;10
ch:1:sboid:100236;100236;Intragna-Pila Costa;Intragna-Pila Costa;Intragna-Pila Costa;Intragna-Pila Costa;Cent-klic;Cent-klic;Cent-klic;Cent-klic;278;;2021-12-12;2099-12-31;10
ch:1:sboid:100118;100118;Verkehrsbetriebe STI AG;Verkehrsbetriebe STI AG;Verkehrsbetriebe STI AG;Verkehrsbetriebe STI AG;STI;STI;STI;STI;146;;1900-01-01;2019-11-10;30
ch:1:sboid:101806;101806;Regio Verkehrsverbund Lörrach;Regio Verkehrsverbund Lörrach;Regio Verkehrsverbund Lörrach;Regio Verkehrsverbund Lörrach;RVL;RVL;RVL;RVL;607;;2020-04-17;2099-12-31;95
ch:1:sboid:100693;100693;Busbetrieb Grenchen und Umgebung;Busbetrieb Grenchen und Umgebung;Busbetrieb Grenchen und Umgebung;Busbetrieb Grenchen und Umgebung;BGU;BGU;BGU;BGU;894;;1900-01-01;2099-12-31;30
ch:1:sboid:101772;101772;FUSE;FUSE;FUSE;FUSE;FUSE;FUSE;FUSE;FUSE;564;;2019-11-07;2099-12-31;95
ch:1:sboid:101775;101775;Stadtbus Tuttlingen Klink GmbH;Stadtbus Tuttlingen Klink GmbH;Stadtbus Tuttlingen Klink GmbH;Stadtbus Tuttlingen Klink GmbH;SBT;SBT;SBT;SBT;369;info@stadtbus.de;2019-11-22;2099-12-31;30
ch:1:sboid:100317;100317;Bodensee-Schiffsbetriebe Romanshorn-Friedrichshafen;Bodensee-Schiffsbetriebe Romanshorn-Friedrichshafen;Bodensee-Schiffsbetriebe Romanshorn-Friedrichshafen;Bodensee-Schiffsbetriebe Romanshorn-Friedrichshafen;BSB Fähr;BSB Fähr;BSB Fähr;BSB Fähr;360;;1900-01-01;2020-06-08;20
ch:1:sboid:100317;100317;Bodensee-Schiffsbetriebe GmbH;Bodensee-Schiffsbetriebe GmbH;Bodensee-Schiffsbetriebe GmbH;Bodensee-Schiffsbetriebe GmbH;BSB;BSB;BSB;BSB;360;;2020-06-09;2099-12-31;20
ch:1:sboid:101769;101769;La Punt Ferien;La Punt Ferien;La Punt Ferien;La Punt Ferien;LPF;LPF;LPF;LPF;3257;lapunt@engadin.ch;2019-10-07;2099-12-31;
ch:1:sboid:101770;101770;Wengernalpbahn Grindelwald Grund - Eigergletscher;Wengernalpbahn Grindelwald Grund - Eigergletscher;Wengernalpbahn Grindelwald Grund - Eigergletscher;Wengernalpbahn Grindelwald Grund - Eigergletscher;WAB-sbge;WAB-sbge;WAB-sbge;WAB-sbge;200;;2019-10-14;2099-12-31;
ch:1:sboid:101779;101779;Bodensee-Oberschwaben Verkehrsverbund GmbH;Bodensee-Oberschwaben Verkehrsverbund GmbH;Bodensee-Oberschwaben Verkehrsverbund GmbH;Bodensee-Oberschwaben Verkehrsverbund GmbH;BODO;BODO;BODO;BODO;604;;2020-01-28;2099-12-31;30|51
ch:1:sboid:101807;101807;BLS AG (zlb);BLS AG (zlb);BLS AG (zlb);BLS AG (zlb);BLS-zlb;BLS-zlb;BLS-zlb;BLS-zlb;608;;2020-05-01;2099-12-31;95
ch:1:sboid:101170;101170;Bahnersatz Jahresfahrplan;Bahnersatz Jahresfahrplan;Bahnersatz Jahresfahrplan;Bahnersatz Jahresfahrplan;Bahnersatz;Bahnersatz;Bahnersatz;Bahnersatz;7037;;1900-01-01;2019-10-14;32
ch:1:sboid:101073;101073;Bergbahnen Malbun AG;Bergbahnen Malbun AG;Bergbahnen Malbun AG;Bergbahnen Malbun AG;BBMAG;BBMAG;BBMAG;BBMAG;3133;;2018-01-09;2099-12-31;12
ch:1:sboid:101085;101085;Bergbahnen Obersaxen AG;Bergbahnen Obersaxen AG;Bergbahnen Obersaxen AG;Bergbahnen Obersaxen AG;BO-swas;BO-swas;BO-swas;BO-swas;3146;;1900-01-01;2018-12-08;12
ch:1:sboid:100246;100246;Prodkammbahnen Flumserberg AG;Prodkammbahnen Flumserberg AG;Prodkammbahnen Flumserberg AG;Prodkammbahnen Flumserberg AG;PBF-stp;PBF-stp;PBF-stp;PBF-stp;288;;1900-01-01;2019-05-31;10
ch:1:sboid:100246;100246;Prodkammbahnen Flumserberg AG;Prodkammbahnen Flumserberg AG;Prodkammbahnen Flumserberg AG;Prodkammbahnen Flumserberg AG;PBF;PBF;PBF;PBF;288;;2019-06-01;2099-12-31;10
ch:1:sboid:100085;100085;Sportbahnen Davos;Sportbahnen Davos;Sportbahnen Davos;Sportbahnen Davos;SDS-dsb;SDS-dsb;SDS-dsb;SDS-dsb;111;;1900-01-01;2018-05-31;12
ch:1:sboid:100962;100962;Télé-Torgon SA (tpcj);Télé-Torgon SA (tpcj);Télé-Torgon SA (tpcj);Télé-Torgon SA (tpcj);TTG-tpcj;TTG-tpcj;TTG-tpcj;TTG-tpcj;3021;;1900-01-01;2018-12-08;12
ch:1:sboid:100961;100961;Télé-Torgon SA (tpct);Télé-Torgon SA (tpct);Télé-Torgon SA (tpct);Télé-Torgon SA (tpct);TTG-tpct;TTG-tpct;TTG-tpct;TTG-tpct;3020;;1900-01-01;2018-12-08;12
ch:1:sboid:100055;100055;Regionalps;Regionalps;Regionalps;Regionalps;RA;RA;RA;RA;74;info@regionalps.ch;1900-01-01;2099-12-31;10
ch:1:sboid:100436;100436;Limmattalbahn AG Zürich;Limmattalbahn AG Zürich;Limmattalbahn AG Zürich;Limmattalbahn AG Zürich;LBZ;LBZ;LBZ;LBZ;524;;2018-01-13;2021-05-04;95
ch:1:sboid:100436;100436;Limmattalbahn AG Zürich;Limmattalbahn AG Zürich;Limmattalbahn AG Zürich;Limmattalbahn AG Zürich;LTB;LTB;LTB;LTB;524;;2021-05-05;2099-12-31;10
ch:1:sboid:100606;100606;Automobildienst SZU;Automobildienst SZU;Automobildienst SZU;Automobildienst SZU;SZU Auto;SZU Auto;SZU Auto;SZU Auto;807;info@szu.ch;1900-01-01;2099-12-31;30
ch:1:sboid:100652;100652;Theytaz Excursions Sion;Theytaz Excursions Sion;Theytaz Excursions Sion;Theytaz Excursions Sion;TSD-asdt;TSD-asdt;TSD-asdt;TSD-asdt;853;;1900-01-01;2099-12-31;30
ch:1:sboid:100635;100635;Verkehrsbetriebe Schaffhausen;Verkehrsbetriebe Schaffhausen;Verkehrsbetriebe Schaffhausen;Verkehrsbetriebe Schaffhausen;VBSH;VBSH;VBSH;VBSH;836;;1900-01-01;2099-12-31;30
ch:1:sboid:101750;101750;Staldenried–Gspon;Staldenried–Gspon;Staldenried–Gspon;Staldenried–Gspon;LSG/LSG;LSG/LSG;LSG/LSG;LSG/LSG;291;;2018-12-11;2099-12-31;45|95
ch:1:sboid:101177;101177;Bürgerbus Walperswil-Epsach-Täuffelen-Aarberg;Bürgerbus Walperswil-Epsach-Täuffelen-Aarberg;Bürgerbus Walperswil-Epsach-Täuffelen-Aarberg;Bürgerbus Walperswil-Epsach-Täuffelen-Aarberg;WETA;WETA;WETA;WETA;7044;;1900-01-01;2018-12-13;32
ch:1:sboid:101704;101704;ch-direct;ch-direct;ch-direct;ch-direct;ch-direct;ch-direct;ch-direct;ch-direct;100;tarife@ch-direct.org;2018-10-17;2020-10-05;95
ch:1:sboid:101755;101755;Foxtrail - Swisscovery GmbH;Foxtrail - Swisscovery GmbH;Foxtrail - Swisscovery GmbH;Foxtrail - Swisscovery GmbH;Foxtrail;Foxtrail;Foxtrail;Foxtrail;946;;2019-02-13;2099-12-31;95
ch:1:sboid:101804;101804;THURBO Ersatzverkehr LOS 1;THURBO Ersatzverkehr LOS 1;THURBO Ersatzverkehr LOS 1;THURBO Ersatzverkehr LOS 1;THU-LOS1;THU-LOS1;THU-LOS1;THU-LOS1;7221;;2020-04-15;2020-05-05;99
ch:1:sboid:101805;101805;THURBO Ersatzverkehr LOS 2;THURBO Ersatzverkehr LOS 2;THURBO Ersatzverkehr LOS 2;THURBO Ersatzverkehr LOS 2;THU-LOS2;THU-LOS2;THU-LOS2;THU-LOS2;7222;;2020-04-15;2020-05-05;99
ch:1:sboid:101815;101815;Aargau Verkehr AG;Aargau Verkehr AG;Aargau Verkehr AG;Aargau Verkehr AG;AVA-ltb;AVA-ltb;AVA-ltb;AVA-ltb;41;;2021-05-20;2099-12-31;10
ch:1:sboid:100224;100224;Aletsch Bahnen AG;Aletsch Bahnen AG;Aletsch Bahnen AG;Aletsch Bahnen AG;ABAG/FE;ABAG/FE;ABAG/FE;ABAG/FE;266;;2018-07-01;2099-12-31;45
ch:1:sboid:101773;101773;WU;WU;WU;WU;WEUN;WEUN;WEUN;WEUN;565;;2019-11-07;2099-12-31;95
ch:1:sboid:100612;100612;Autoverkehr Frutigen-Adelboden;Autoverkehr Frutigen-Adelboden;Autoverkehr Frutigen-Adelboden;Autoverkehr Frutigen-Adelboden;AFA;AFA;AFA;AFA;813;;1900-01-01;2099-12-31;30
ch:1:sboid:101830;101830;Bergbahnen Adelboden AG;Bergbahnen Adelboden AG;Bergbahnen Adelboden AG;Bergbahnen Adelboden AG;BA SB;BA SB;BA SB;BA SB;800;;2022-01-11;2099-12-31;
ch:1:sboid:100508;100508;Südtiroler Transportstrukturen AG;Südtiroler Transportstrukturen AG;Südtiroler Transportstrukturen AG;Südtiroler Transportstrukturen AG;STA Auto;STA Auto;STA Auto;STA Auto;704;;2021-12-21;2099-12-31;30
ch:1:sboid:101782;101782;DistriBus Saint-Louis Agglo;DistriBus Saint-Louis Agglo;DistriBus Saint-Louis Agglo;DistriBus Saint-Louis Agglo;DistriBus;DistriBus;DistriBus;DistriBus;606;;2020-04-06;2099-12-31;32
ch:1:sboid:100099;100099;Montreux-Vevey-Riviera (las);Montreux-Vevey-Riviera (las);Montreux-Vevey-Riviera (las);Montreux-Vevey-Riviera (las);MVR-las;MVR-las;MVR-las;MVR-las;125;;1900-01-01;2099-12-31;10
ch:1:sboid:100104;100104;Montreux-Vevey-Riviera (mtgn);Montreux-Vevey-Riviera (mtgn);Montreux-Vevey-Riviera (mtgn);Montreux-Vevey-Riviera (mtgn);MVR-mtgn;MVR-mtgn;MVR-mtgn;MVR-mtgn;131;;1900-01-01;2099-12-31;10
ch:1:sboid:100126;100126;Montreux-Vevey-Riviera (vcp);Montreux-Vevey-Riviera (vcp);Montreux-Vevey-Riviera (vcp);Montreux-Vevey-Riviera (vcp);MVR-vcp;MVR-vcp;MVR-vcp;MVR-vcp;155;;1900-01-01;2099-12-31;10
ch:1:sboid:100597;100597;Automobiles MOB;Automobiles MOB;Automobiles MOB;Automobiles MOB;MOB Auto;MOB Auto;MOB Auto;MOB Auto;795;;1900-01-01;2099-12-31;32
ch:1:sboid:101771;101771;SNCF 1   $;SNCF 1   $;SNCF 1   $;SNCF 1   $;SNCF 1   $;SNCF 1   $;SNCF 1   $;SNCF 1   $;1987;;2019-10-18;2099-12-31;
ch:1:sboid:100758;100758;Heuberge Fideris;Heuberge Fideris;Heuberge Fideris;Heuberge Fideris;HEUB;HEUB;HEUB;HEUB;959;;1900-01-01;2020-01-20;50
ch:1:sboid:100276;100276;Morschach-Stoos;Morschach-Stoos;Morschach-Stoos;Morschach-Stoos;LMS;LMS;LMS;LMS;319;;1900-01-01;2020-02-10;10
ch:1:sboid:100276;100276;Stoosbahnen AG;Stoosbahnen AG;Stoosbahnen AG;Stoosbahnen AG;StoB-lms;StoB-lms;StoB-lms;StoB-lms;319;;2020-02-11;2099-12-31;45
ch:1:sboid:101042;101042;Stoosbahnen AG;Stoosbahnen AG;Stoosbahnen AG;Stoosbahnen AG;StoB;StoB;StoB;StoB;3102;;1900-01-01;2020-02-10;45
ch:1:sboid:101042;101042;Stoosbahnen AG;Stoosbahnen AG;Stoosbahnen AG;Stoosbahnen AG;StoB-sb;StoB-sb;StoB-sb;StoB-sb;3102;;2020-02-11;2099-12-31;45
ch:1:sboid:101776;101776;BLS Fernverkehr AG;BLS Fernverkehr AG;BLS Fernverkehr AG;BLS Fernverkehr AG;BLSFV;BLSFV;BLSFV;BLSFV;91;;2019-11-26;2099-12-31;10
ch:1:sboid:100301;100301;Transports de la Région Morges-Bière-Cossonay;Transports de la Région Morges-Bière-Cossonay;Transports de la Région Morges-Bière-Cossonay;Transports de la Région Morges-Bière-Cossonay;MBC-cg;MBC-cg;MBC-cg;MBC-cg;344;;1900-01-01;2099-12-31;10
ch:1:sboid:100217;100217;Centre Touristique Moléson;Centre Touristique Moléson;Centre Touristique Moléson;Centre Touristique Moléson;TTM-tmpf;TTM-tmpf;TTM-tmpf;TTM-tmpf;259;;1900-01-01;2020-05-31;10
ch:1:sboid:100950;100950;Centre Touristique Moléson;Centre Touristique Moléson;Centre Touristique Moléson;Centre Touristique Moléson;TTM;TTM;TTM;TTM;3009;;2020-06-01;2099-12-31;12
ch:1:sboid:100206;100206;Kräbel-Rigi Scheidegg;Kräbel-Rigi Scheidegg;Kräbel-Rigi Scheidegg;Kräbel-Rigi Scheidegg;LKR;LKR;LKR;LKR;248;;1900-01-01;2020-05-31;10
ch:1:sboid:100288;100288;Télé Champéry - Crosets Portes du Soleil SA (tps);Télé Champéry - Crosets Portes du Soleil SA (tps);Télé Champéry - Crosets Portes du Soleil SA (tps);Télé Champéry - Crosets Portes du Soleil SA (tps);TCP-tps;TCP-tps;TCP-tps;TCP-tps;331;;1900-01-01;2020-12-12;12
ch:1:sboid:101186;101186;Bürgerbus Hellsau-Höchstetten-Willadingen-Koppigen;Bürgerbus Hellsau-Höchstetten-Willadingen-Koppigen;Bürgerbus Hellsau-Höchstetten-Willadingen-Koppigen;Bürgerbus Hellsau-Höchstetten-Willadingen-Koppigen;BüBu Fpl;BüBu Fpl;BüBu Fpl;BüBu Fpl;7053;;2019-11-15;2020-12-12;32
ch:1:sboid:101017;101017;Bergbahnen Adelboden AG;Bergbahnen Adelboden AG;Bergbahnen Adelboden AG;Bergbahnen Adelboden AG;BA-sgl;BA-sgl;BA-sgl;BA-sgl;3076;;1900-01-01;2020-12-12;12
ch:1:sboid:100314;100314;Bodensee Quer SBB Rorschach-Lindau/Friedrichshaf;Bodensee Quer SBB Rorschach-Lindau/Friedrichshaf;Bodensee Quer SBB Rorschach-Lindau/Friedrichshaf;Bodensee Quer SBB Rorschach-Lindau/Friedrichshaf;SBB Quer;SBB Quer;SBB Quer;SBB Quer;357;;1900-01-01;2009-06-30;95
ch:1:sboid:100315;100315;Bodensee Rundfahrten DB;Bodensee Rundfahrten DB;Bodensee Rundfahrten DB;Bodensee Rundfahrten DB;DB/Bsee-Rf;DB/Bsee-Rf;DB/Bsee-Rf;DB/Bsee-Rf;358;;1900-01-01;1998-12-31;95
ch:1:sboid:100316;100316;Bodensee Fähr SBB Romanshorn-Friedrichshafen;Bodensee Fähr SBB Romanshorn-Friedrichshafen;Bodensee Fähr SBB Romanshorn-Friedrichshafen;Bodensee Fähr SBB Romanshorn-Friedrichshafen;SBB Fähr;SBB Fähr;SBB Fähr;SBB Fähr;359;;1900-01-01;2009-06-30;95
ch:1:sboid:100319;100319;Stadtwerke Konstanz;Stadtwerke Konstanz;Stadtwerke Konstanz;Stadtwerke Konstanz;StW Konsta;StW Konsta;StW Konsta;StW Konsta;362;;1900-01-01;2011-12-31;95
ch:1:sboid:100320;100320;Rorschach - Bad Schachen;Rorschach - Bad Schachen;Rorschach - Bad Schachen;Rorschach - Bad Schachen;DB/Rs-BS..;DB/Rs-BS..;DB/Rs-BS..;DB/Rs-BS..;363;;1900-01-01;1994-12-31;95
ch:1:sboid:100322;100322;OeBB St. Margrethen-Lindau Bodensee Anteile Rundfahrt;OeBB St. Margrethen-Lindau Bodensee Anteile Rundfahrt;OeBB St. Margrethen-Lindau Bodensee Anteile Rundfahrt;OeBB St. Margrethen-Lindau Bodensee Anteile Rundfahrt;OeBB SMG-L;OeBB SMG-L;OeBB SMG-L;OeBB SMG-L;365;;1900-01-01;2011-12-31;95
ch:1:sboid:100323;100323;Bodensee Sonder-/Extrafahrten SBB;Bodensee Sonder-/Extrafahrten SBB;Bodensee Sonder-/Extrafahrten SBB;Bodensee Sonder-/Extrafahrten SBB;Bsee-So/Ex;Bsee-So/Ex;Bsee-So/Ex;Bsee-So/Ex;366;;1900-01-01;1998-12-31;95
ch:1:sboid:100326;100326;Verbindungsbahn Basel Gepäck;Verbindungsbahn Basel Gepäck;Verbindungsbahn Basel Gepäck;Verbindungsbahn Basel Gepäck;DB/VB-Gep;DB/VB-Gep;DB/VB-Gep;DB/VB-Gep;370;;1900-01-01;1998-01-31;95
ch:1:sboid:100331;100331;SNCF / Trafic frontarlier (CFF);SNCF / Trafic frontarlier (CFF);SNCF / Trafic frontarlier (CFF);SNCF / Trafic frontarlier (CFF);SNCF/Front;SNCF/Front;SNCF/Front;SNCF/Front;399;;1900-01-01;1995-06-30;95
ch:1:sboid:100335;100335;Info Schweiz. Bahnen Stuttgart;Info Schweiz. Bahnen Stuttgart;Info Schweiz. Bahnen Stuttgart;Info Schweiz. Bahnen Stuttgart;ISBS;ISBS;ISBS;ISBS;404;;1900-01-01;2011-12-31;80
ch:1:sboid:100659;100659;EXPO;EXPO;EXPO;EXPO;EXPO;EXPO;EXPO;EXPO;860;;1900-01-01;2003-05-31;95
ch:1:sboid:100660;100660;Associazione Imprese di trasporto Lugano e dintorni;Associazione Imprese di trasporto Lugano e dintorni;Associazione Imprese di trasporto Lugano e dintorni;Associazione Imprese di trasporto Lugano e dintorni;AIT;AIT;AIT;AIT;861;;1900-01-01;2008-12-31;30
ch:1:sboid:100201;100201;Luftseilbahnen Lungern-Schönbüel;Luftseilbahnen Lungern-Schönbüel;Luftseilbahnen Lungern-Schönbüel;Luftseilbahnen Lungern-Schönbüel;LLS;LLS;LLS;LLS;243;;1900-01-01;2017-05-09;10
ch:1:sboid:100265;100265;Téléphérique Zinal-Sorebois;Téléphérique Zinal-Sorebois;Téléphérique Zinal-Sorebois;Téléphérique Zinal-Sorebois;TZS;TZS;TZS;TZS;308;;1900-01-01;2017-05-09;10
ch:1:sboid:100510;100510;Espace Tourisme Jacky Ballestraz;Espace Tourisme Jacky Ballestraz;Espace Tourisme Jacky Ballestraz;Espace Tourisme Jacky Ballestraz;ETJB;ETJB;ETJB;ETJB;706;;1900-01-01;2017-05-09;30
ch:1:sboid:101023;101023;Mühleggbahn AG St. Gallen;Mühleggbahn AG St. Gallen;Mühleggbahn AG St. Gallen;Mühleggbahn AG St. Gallen;MSG-msg;MSG-msg;MSG-msg;MSG-msg;3082;;1900-01-01;2017-05-31;12
ch:1:sboid:100528;100528;Autoservizi pubblici Bellinzona;Autoservizi pubblici Bellinzona;Autoservizi pubblici Bellinzona;Autoservizi pubblici Bellinzona;APB;APB;APB;APB;726;;1900-01-01;2016-03-24;30
ch:1:sboid:101383;101383;E.S. Voyages Genève          O;E.S. Voyages Genève          O;E.S. Voyages Genève          O;E.S. Voyages Genève          O;ES VOYAGES;ES VOYAGES;ES VOYAGES;ES VOYAGES;21518;;1900-01-01;2016-06-09;60
ch:1:sboid:100354;100354;Tageskarte EUREGIO Bodensee alt;Tageskarte EUREGIO Bodensee alt;Tageskarte EUREGIO Bodensee alt;Tageskarte EUREGIO Bodensee alt;TKEB alt;TKEB alt;TKEB alt;TKEB alt;433;;1900-01-01;2015-01-31;95
ch:1:sboid:100459;100459;Erlös Generalsekretariat;Erlös Generalsekretariat;Erlös Generalsekretariat;Erlös Generalsekretariat;Erlös GS;Erlös GS;Erlös GS;Erlös GS;556;;1900-01-01;2011-12-31;95
ch:1:sboid:100196;100196;Celeriner Bergbahnen - Celerina-Saluver;Celeriner Bergbahnen - Celerina-Saluver;Celeriner Bergbahnen - Celerina-Saluver;Celeriner Bergbahnen - Celerina-Saluver;ESMM-Ics;ESMM-Ics;ESMM-Ics;ESMM-Ics;238;;2018-06-06;2099-12-31;12
ch:1:sboid:100119;100119;Bergbahnen Engadin St. Moritz AG;Bergbahnen Engadin St. Moritz AG;Bergbahnen Engadin St. Moritz AG;Bergbahnen Engadin St. Moritz AG;ESMM-smbb;ESMM-smbb;ESMM-smbb;ESMM-smbb;147;;2018-06-06;2099-12-31;12
ch:1:sboid:100992;100992;Sesselbahn St. Moritz Suvretta-Randolins;Sesselbahn St. Moritz Suvretta-Randolins;Sesselbahn St. Moritz Suvretta-Randolins;Sesselbahn St. Moritz Suvretta-Randolins;BEST-smsr;BEST-smsr;BEST-smsr;BEST-smsr;3051;;1900-01-01;2018-06-05;12
ch:1:sboid:100073;100073;Wynental-und Suhrental-Bahn;Wynental-und Suhrental-Bahn;Wynental-und Suhrental-Bahn;Wynental-und Suhrental-Bahn;WSB;WSB;WSB;WSB;96;;1900-01-01;2018-06-30;10
ch:1:sboid:100073;100073;Aargau Verkehr AG;Aargau Verkehr AG;Aargau Verkehr AG;Aargau Verkehr AG;AVA-wsb;AVA-wsb;AVA-wsb;AVA-wsb;96;;2018-07-01;2099-12-31;10
ch:1:sboid:100698;100698;BDWM Transport (wm Auto);BDWM Transport (wm Auto);BDWM Transport (wm Auto);BDWM Transport (wm Auto);BDWM/Autwm;BDWM/Autwm;BDWM/Autwm;BDWM/Autwm;899;;1900-01-01;2018-06-30;30
ch:1:sboid:100149;100149;Schiffahrtsbetrieb Rorschach;Schiffahrtsbetrieb Rorschach;Schiffahrtsbetrieb Rorschach;Schiffahrtsbetrieb Rorschach;SRR;SRR;SRR;SRR;190;;1900-01-01;2011-05-31;20
ch:1:sboid:1017081;1017081;Verkehrsbetriebe Luzern AG (Tr.b.a.);Verkehrsbetriebe Luzern AG (Tr.b.a.);Verkehrsbetriebe Luzern AG (Tr.b.a.);Verkehrsbetriebe Luzern AG (Tr.b.a.);VBL-T;VBL-T;VBL-T;VBL-T;506;nadine.glanzmann@vbl.ch;2018-08-15;2099-12-31;95
ch:1:sboid:100685;100685;Regionale Verkehrsbetriebe Baden-Wettingen;Regionale Verkehrsbetriebe Baden-Wettingen;Regionale Verkehrsbetriebe Baden-Wettingen;Regionale Verkehrsbetriebe Baden-Wettingen;RVBW;RVBW;RVBW;RVBW;886;info@rvbw.ch;1900-01-01;2099-12-31;30
ch:1:sboid:101781;101781;Grindelwald Bus AG;Grindelwald Bus AG;Grindelwald Bus AG;Grindelwald Bus AG;GWB Berg;GWB Berg;GWB Berg;GWB Berg;605;;2020-03-11;2099-12-31;95
ch:1:sboid:100687;100687;Autotransports Sion-Grône-Sierre;Autotransports Sion-Grône-Sierre;Autotransports Sion-Grône-Sierre;Autotransports Sion-Grône-Sierre;ASGS;ASGS;ASGS;ASGS;888;;1900-01-01;2099-12-31;30
ch:1:sboid:101778;101778;Bergbahnen Adelboden AG;Bergbahnen Adelboden AG;Bergbahnen Adelboden AG;Bergbahnen Adelboden AG;BA Auto-T;BA Auto-T;BA Auto-T;BA Auto-T;603;;2020-01-27;2099-12-31;95
ch:1:sboid:101777;101777;Bergbahnen Adelboden AG;Bergbahnen Adelboden AG;Bergbahnen Adelboden AG;Bergbahnen Adelboden AG;BA Auto;BA Auto;BA Auto;BA Auto;602;;2020-01-27;2099-12-31;30
ch:1:sboid:101814;101814;Bus und Service AG (Chur);Bus und Service AG (Chur);Bus und Service AG (Chur);Bus und Service AG (Chur);BuS/rv;BuS/rv;BuS/rv;BuS/rv;769;;2021-04-27;2099-12-31;30
ch:1:sboid:101186;101186;Bürgerbus Hellsau-Höchstetten-Willadingen-Koppigen;Bürgerbus Hellsau-Höchstetten-Willadingen-Koppigen;Bürgerbus Hellsau-Höchstetten-Willadingen-Koppigen;Bürgerbus Hellsau-Höchstetten-Willadingen-Koppigen;BüBu;BüBu;BüBu;BüBu;7053;;1900-01-01;2019-11-14;32
ch:1:sboid:101774;101774;Bürgerbus Hellsau-Höchstetten-Willadingen-Koppigen;Bürgerbus Hellsau-Höchstetten-Willadingen-Koppigen;Bürgerbus Hellsau-Höchstetten-Willadingen-Koppigen;Bürgerbus Hellsau-Höchstetten-Willadingen-Koppigen;BüBu;BüBu;BüBu;BüBu;711;;2019-11-15;2099-12-31;
ch:1:sboid:100602;100602;PostAuto AG;CarPostal SA;AutoPostale SA;PostBus Ltd;PAG;PAG;PAG;PAG;801;;2019-09-10;2099-12-31;30
ch:1:sboid:100602;100602;PostAuto Schweiz;CarPostal Suisse;AutoPostale Svizzera;PostAuto Schweiz;PAG;PAG;PAG;PAG;801;;1900-01-01;2019-09-09;30
ch:1:sboid:101820;101820;Transports publics fribourgeois Infrastructure SA;Transports publics fribourgeois Infrastructure SA;Transports publics fribourgeois Infrastructure SA;Transports publics fribourgeois Infrastructure SA;TPF-fvp01;TPF-fvp01;TPF-fvp01;TPF-fvp01;413;;2021-11-18;2099-12-31;95
ch:1:sboid:101821;101821;Transports publics fribourgeois Immobilier SA;Transports publics fribourgeois Immobilier SA;Transports publics fribourgeois Immobilier SA;Transports publics fribourgeois Immobilier SA;TPF-fvp02;TPF-fvp02;TPF-fvp02;TPF-fvp02;414;;2021-11-18;2099-12-31;95
ch:1:sboid:100061;100061;Schweizerische Südostbahn (sob);Schweizerische Südostbahn (sob);Schweizerische Südostbahn (sob);Schweizerische Südostbahn (sob);SOB-sob;SOB-sob;SOB-sob;SOB-sob;82;;1900-01-01;2099-12-31;10
ch:1:sboid:100054;100054;Transports Publics Neuchâtelois SA (rvt);Transports Publics Neuchâtelois SA (rvt);Transports Publics Neuchâtelois SA (rvt);Transports Publics Neuchâtelois SA (rvt);TRN-rvt;TRN-rvt;TRN-rvt;TRN-rvt;73;;1900-01-01;2099-12-31;10
ch:1:sboid:100124;100124;Transports Publics Neuchâtelois SA (tn);Transports Publics Neuchâtelois SA (tn);Transports Publics Neuchâtelois SA (tn);Transports Publics Neuchâtelois SA (tn);TRN-tn;TRN-tn;TRN-tn;TRN-tn;153;;1900-01-01;2099-12-31;10
ch:1:sboid:100598;100598;Service d'automobiles TRN (rvt Auto);Service d'automobiles TRN (rvt Auto);Service d'automobiles TRN (rvt Auto);Service d'automobiles TRN (rvt Auto);TRN/Autrvt;TRN/Autrvt;TRN/Autrvt;TRN/Autrvt;796;;1900-01-01;2099-12-31;30
ch:1:sboid:100594;100594;Transports Publics Neuchâtelois SA (tc);Transports Publics Neuchâtelois SA (tc);Transports Publics Neuchâtelois SA (tc);Transports Publics Neuchâtelois SA (tc);TRN/tc;TRN/tc;TRN/tc;TRN/tc;792;;1900-01-01;2099-12-31;30
ch:1:sboid:100019;100019;Baselland Transport;Baselland Transport;Baselland Transport;Baselland Transport;BLT-blt;BLT-blt;BLT-blt;BLT-blt;37;;1900-01-01;2099-12-31;10
ch:1:sboid:100071;100071;Waldenburgerbahn;Waldenburgerbahn;Waldenburgerbahn;Waldenburgerbahn;BLT-wb;BLT-wb;BLT-wb;BLT-wb;94;;1900-01-01;2099-12-31;10
ch:1:sboid:100023;100023;Montreux-Vevey-Riviera (cev);Montreux-Vevey-Riviera (cev);Montreux-Vevey-Riviera (cev);Montreux-Vevey-Riviera (cev);MVR-cev;MVR-cev;MVR-cev;MVR-cev;42;;1900-01-01;2099-12-31;10
ch:1:sboid:100045;100045;Montreux-Oberland Bernois;Montreux-Oberland Bernois;Montreux-Oberland Bernois;Montreux-Oberland Bernois;MOB;MOB;MOB;MOB;64;;1900-01-01;2099-12-31;10
ch:1:sboid:100209;100209;Andermatt Gotthard Sportbahnen;Andermatt Gotthard Sportbahnen;Andermatt Gotthard Sportbahnen;Andermatt Gotthard Sportbahnen;ASS-ags;ASS-ags;ASS-ags;ASS-ags;251;;2018-12-09;2020-05-06;45
ch:1:sboid:100204;100204;Andermatt-Sedrun Sport AG;Andermatt-Sedrun Sport AG;Andermatt-Sedrun Sport AG;Andermatt-Sedrun Sport AG;ASS;ASS;ASS;ASS;246;;1900-01-01;2020-05-06;45
ch:1:sboid:100204;100204;Andermatt-Sedrun Sport AG;Andermatt-Sedrun Sport AG;Andermatt-Sedrun Sport AG;Andermatt-Sedrun Sport AG;ASS-ass;ASS-ass;ASS-ass;ASS-ass;246;;2020-05-07;2099-12-31;45
ch:1:sboid:100209;100209;Andermatt-Sedrun Sport AG;Andermatt-Sedrun Sport AG;Andermatt-Sedrun Sport AG;Andermatt-Sedrun Sport AG;ASS;ASS;ASS;ASS;251;;2020-05-07;2099-12-31;45
ch:1:sboid:101170;101170;Bahnersatz Jahresfahrplan;Service de remplacement par bus - Horaire annuel;Bus sostitutivo - Orario annuale;Railway replacement - annual timetable;Bahnersatz;Bahnersatz;Bahnersatz;Bahnersatz;7037;;2019-10-15;2099-12-31;32
ch:1:sboid:100871;100871;Deutsche Bundesbahn;Chemin de fer fédéral allemand;Deutsche Bundesbahn;German Federal Railways;DB;DB;DB;DB;1080;;2018-10-17;2019-11-19;11
ch:1:sboid:100871;100871;DB Netz AG;DB Netz AG;DB Netz AG;DB Netz AG;DB Netz;DB Netz;DB Netz;DB Netz;1080;;2019-11-20;2099-12-31;11
ch:1:sboid:100874;100874;Italienische Staatsbahnen;Chemins de fer italiens de l'Etat;Italienische Staatsbahnen;Italian State Railways;FS;FS;FS;FS;1083;;1900-01-01;2019-11-19;11
ch:1:sboid:100874;100874;Ferrovie dello Stato Italiane SpA;Ferrovie dello Stato Italiane SpA;Ferrovie dello Stato Italiane SpA;Ferrovie dello Stato Italiane SpA;FS;FS;FS;FS;1083;;2019-11-20;2099-12-31;11
ch:1:sboid:100872;100872;Oesterreichische Bundesbahnen;Chemins de fer fédéraux autrichiens;Oesterreichische Bundesbahnen;Austrian Federal Railways;OEBB;OEBB;OEBB;OEBB;1081;;1900-01-01;2019-11-19;11
ch:1:sboid:100878;100878;Société Nationale des Chemins de fer français Réseau;Société Nationale des Chemins de fer français Réseau;Société Nationale des Chemins de fer français Réseau;Société Nationale des Chemins de fer français Réseau;SNCF Rés;SNCF Rés;SNCF Rés;SNCF Rés;1087;;2019-11-20;2099-12-31;11
ch:1:sboid:1017811;1017811;SNCF National;SNCF National;SNCF National;SNCF National;SNCF Nat;SNCF Nat;SNCF Nat;SNCF Nat;418;;2020-03-30;2099-12-31;95
ch:1:sboid:100237;100237;Verdasio-Rasa;Verdasio-Rasa;Verdasio-Rasa;Verdasio-Rasa;FART-klvr;FART-klvr;FART-klvr;FART-klvr;279;;1900-01-01;2021-12-11;10
ch:1:sboid:100237;100237;Verdasio-Rasa;Verdasio-Rasa;Verdasio-Rasa;Verdasio-Rasa;Cent-klvr;Cent-klvr;Cent-klvr;Cent-klvr;279;;2021-12-12;2099-12-31;10
ch:1:sboid:100542;100542;Verkehrsbetrieb der Landschaft Davos;Verkehrsbetrieb der Landschaft Davos;Verkehrsbetrieb der Landschaft Davos;Verkehrsbetrieb der Landschaft Davos;VBD;VBD;VBD;VBD;740;;1900-01-01;2099-12-31;30
ch:1:sboid:100091;100091;Piotta-Ritom;Piotta-Ritom;Piotta-Ritom;Piotta-Ritom;FPR;FPR;FPR;FPR;117;;1900-01-01;2020-02-06;10
ch:1:sboid:100091;100091;Funicolare Ritom SA;Funicolare Ritom SA;Funicolare Ritom SA;Funicolare Ritom SA;FPR;FPR;FPR;FPR;117;;2020-02-07;2099-12-31;10
ch:1:sboid:1018222;1018222;Transports publics fribourgeois Holding SA;Transports publics fribourgeois Holding SA;Transports publics fribourgeois Holding SA;Transports publics fribourgeois Holding SA;TPF-fvp03;TPF-fvp03;TPF-fvp03;TPF-fvp03;415;;2021-11-18;2099-12-31;95
ch:1:sboid:100508;100508;Südtiroler Transportstrukturen AG;Südtiroler Transportstrukturen AG;Südtiroler Transportstrukturen AG;Südtiroler Transportstrukturen AG;STA;STA;STA;STA;704;;2021-12-12;2021-12-20;30
ch:1:sboid:101828;101828;Südtiroler Transportstrukturen AG;Südtiroler Transportstrukturen AG;Südtiroler Transportstrukturen AG;Südtiroler Transportstrukturen AG;STA;STA;STA;STA;615;;2021-12-21;2099-12-31;10
ch:1:sboid:100151;100151;BLS Schifffahrt AG (ths);BLS Schifffahrt AG (ths);BLS Schifffahrt AG (ths);BLS Schifffahrt AG (ths);BLS-ths;BLS-ths;BLS-ths;BLS-ths;192;;2022-01-19;2099-12-31;20
ch:1:sboid:100142;100142;BLS AG (brs);BLS AG (brs);BLS AG (brs);BLS AG (brs);BLS-brs;BLS-brs;BLS-brs;BLS-brs;183;;1900-01-01;2022-01-18;20
ch:1:sboid:100220;100220;Aletsch Bahnen AG;Aletsch Bahnen AG;Aletsch Bahnen AG;Aletsch Bahnen AG;ABAG;ABAG;ABAG;ABAG;262;;2018-07-01;2099-12-31;10
ch:1:sboid:100000;100000;Zollbehandlungsgebühren Mini-tiger;Zollbehandlungsgebühren Mini-tigerFRFRF;Zollbehandlungsgebühren Mini-tigerII;Zollbehandlungsgebühren Mini-tigerllllllll;TIG ZBG;TIG ZBG;TIG ZBG;TIG ZBG;10;;1998-01-01;2099-12-31;95
ch:1:sboid:100118;100118;STI Bus AG;STI Bus AG;STI Bus AG;STI Bus AG;STI;STI;STI;STI;146;;2019-11-11;2099-12-31;30
ch:1:sboid:101014;101014;Bergbahnen Adelboden AG;Bergbahnen Adelboden AG;Bergbahnen Adelboden AG;Bergbahnen Adelboden AG;BA-SB;BA-SB;BA-SB;BA-SB;3073;;2022-01-11;2099-12-31;45
ch:1:sboid:100151;100151;BLS AG (ths);BLS AG (ths);BLS AG (ths);BLS AG (ths);BLS-ths;BLS-ths;BLS-ths;BLS-ths;192;;1900-01-01;2022-01-18;20
ch:1:sboid:100142;100142;BLS Schifffahrt AG (brs);BLS Schifffahrt AG (brs);BLS Schifffahrt AG (brs);BLS Schifffahrt AG (brs);BLS-brs;BLS-brs;BLS-brs;BLS-brs;183;;2022-01-19;2099-12-31;20
ch:1:sboid:100174;100174;Wengen-Männlichen;Wengen-Männlichen;Wengen-Männlichen;Wengen-Männlichen;LWM;LWM;LWM;LWM;216;info@maennlichen.ch;1900-01-01;2099-12-31;10
ch:1:sboid:1018223;1018223;Gemeinde Dürnten;Gemeinde Dürnten;Gemeinde Dürnten;Gemeinde Dürnten;DUERN;DUERN;DUERN;DUERN;917;;2022-01-01;2099-12-31;
ch:1:sboid:101825;101825;Zoo Zürich;Zoo Zürich;Zoo Zürich;Zoo Zürich;ZOOZ;ZOOZ;ZOOZ;ZOOZ;965;;2022-01-01;2099-12-31;95
ch:1:sboid:101780;101780;Deutsche Eisenbahn-Infrastruktur in der Schweiz;Deutsche Eisenbahn-Infrastruktur in der Schweiz;Deutsche Eisenbahn-Infrastruktur in der Schweiz;Deutsche Eisenbahn-Infrastruktur in der Schweiz;DICH-fpl;DICH-fpl;DICH-fpl;DICH-fpl;5058;;2021-08-04;2099-12-31;10
ch:1:sboid:100878;100878;Nationalgesellschaft der Französischen Eisenbahnen;Société Nationale des Chemins de fer français;Nationalgesellschaft der Französischen Eisenbahnen;French National Railway Company;SNCF;SNCF;SNCF;SNCF;1087;;1900-01-01;2019-11-19;11
ch:1:sboid:100872;100872;ÖBB-Infrastruktur AG;ÖBB-Infrastruktur AG;ÖBB-Infrastruktur AG;ÖBB-Infrastruktur AG;ÖBB-I;ÖBB-I;ÖBB-I;ÖBB-I;1081;;2019-11-20;2099-12-31;11
ch:1:sboid:100658;100658;Autoverkehr Grindelwald;Autoverkehr Grindelwald;Autoverkehr Grindelwald;Autoverkehr Grindelwald;AVG;AVG;AVG;AVG;859;;1900-01-01;2019-09-30;30
ch:1:sboid:100658;100658;Grindelwald Bus AG;Grindelwald Bus AG;Grindelwald Bus AG;Grindelwald Bus AG;GWB;GWB;GWB;GWB;859;;2019-10-01;2099-12-31;30
ch:1:sboid:101768;101768;TéléCharmey SA;TéléCharmey SA;TéléCharmey SA;TéléCharmey SA;TCSA;TCSA;TCSA;TCSA;3258;;2019-10-07;2099-12-31;
ch:1:sboid:100566;100566;Automobiles MBC;Automobiles MBC;Automobiles MBC;Automobiles MBC;MBC Auto;MBC Auto;MBC Auto;MBC Auto;764;;1900-01-01;2099-12-31;30
ch:1:sboid:100645;100645;Regionale Verkehrsbetriebe Schaffhausen;Regionale Verkehrsbetriebe Schaffhausen;Regionale Verkehrsbetriebe Schaffhausen;Regionale Verkehrsbetriebe Schaffhausen;RVSH;RVSH;RVSH;RVSH;846;;1900-01-01;2020-05-31;30
ch:1:sboid:100758;100758;Heuberge AG;Heuberge AG;Heuberge AG;Heuberge AG;HAG;HAG;HAG;HAG;959;info@heuberge.ch;2020-01-21;2099-12-31;32|50
ch:1:sboid:101014;101014;Bergbahnen Adelboden;Bergbahnen Adelboden;Bergbahnen Adelboden;Bergbahnen Adelboden;BA;BA;BA;BA;3073;;1900-01-01;2020-01-26;12
ch:1:sboid:100628;100628;Autoverkehr Thun-Goldiwil-Heiligenschwendi;Autoverkehr Thun-Goldiwil-Heiligenschwendi;Autoverkehr Thun-Goldiwil-Heiligenschwendi;Autoverkehr Thun-Goldiwil-Heiligenschwendi;ATGH;ATGH;ATGH;ATGH;829;;1900-01-01;1998-06-30;30
ch:1:sboid:100629;100629;Automobiles Vallée d'Aosta;Automobiles Vallée d'Aosta;Automobiles Vallée d'Aosta;Automobiles Vallée d'Aosta;SAVDA;SAVDA;SAVDA;SAVDA;830;;1900-01-01;2002-08-31;30
ch:1:sboid:100636;100636;Autobus Régionaux du Coeur de la Côte;Autobus Régionaux du Coeur de la Côte;Autobus Régionaux du Coeur de la Côte;Autobus Régionaux du Coeur de la Côte;ARCC;ARCC;ARCC;ARCC;837;;1900-01-01;2001-12-31;30
ch:1:sboid:100641;100641;Autobusbetrieb Biel-Meinisberg;Autobusbetrieb Biel-Meinisberg;Autobusbetrieb Biel-Meinisberg;Autobusbetrieb Biel-Meinisberg;ABM;ABM;ABM;ABM;842;;1900-01-01;2011-05-31;30
ch:1:sboid:100643;100643;Busbetrieb Volketswil;Busbetrieb Volketswil;Busbetrieb Volketswil;Busbetrieb Volketswil;BBV;BBV;BBV;BBV;844;;1900-01-01;1997-02-28;30
ch:1:sboid:100644;100644;Autotransports St-Imier-Chasseral;Autotransports St-Imier-Chasseral;Autotransports St-Imier-Chasseral;Autotransports St-Imier-Chasseral;ASIC;ASIC;ASIC;ASIC;845;;1900-01-01;2013-05-31;30
ch:1:sboid:100646;100646;Busbetrieb Seetal-Freiamt;Busbetrieb Seetal-Freiamt;Busbetrieb Seetal-Freiamt;Busbetrieb Seetal-Freiamt;BSF;BSF;BSF;BSF;847;;1900-01-01;2005-12-10;30
ch:1:sboid:100647;100647;Automobildienst Sensetalbahn;Automobildienst Sensetalbahn;Automobildienst Sensetalbahn;Automobildienst Sensetalbahn;STB Auto;STB Auto;STB Auto;STB Auto;848;;1900-01-01;2012-05-31;30
ch:1:sboid:100653;100653;Auto Porrentruy-Bure casernes;Auto Porrentruy-Bure casernes;Auto Porrentruy-Bure casernes;Auto Porrentruy-Bure casernes;POST/PBu;POST/PBu;POST/PBu;POST/PBu;854;;1900-01-01;2008-05-31;95
ch:1:sboid:100656;100656;Automobiles Vevey-Châtel-St-Denis/-Bossonnens;Automobiles Vevey-Châtel-St-Denis/-Bossonnens;Automobiles Vevey-Châtel-St-Denis/-Bossonnens;Automobiles Vevey-Châtel-St-Denis/-Bossonnens;GFM/VMCV;GFM/VMCV;GFM/VMCV;GFM/VMCV;857;;1900-01-01;2001-06-09;30
ch:1:sboid:101482;101482;RTO Thônex                   O;RTO Thônex                   O;RTO Thônex                   O;RTO Thônex                   O;RTO THONEX;RTO THONEX;RTO THONEX;RTO THONEX;21623;;1900-01-01;2005-12-31;60
ch:1:sboid:101483;101483;Ritschard Genève             O;Ritschard Genève             O;Ritschard Genève             O;Ritschard Genève             O;RITSCHARD;RITSCHARD;RITSCHARD;RITSCHARD;21624;;1900-01-01;2005-06-30;60
ch:1:sboid:101484;101484;Mittelthurgau Weinfelden     O;Mittelthurgau Weinfelden     O;Mittelthurgau Weinfelden     O;Mittelthurgau Weinfelden     O;MITTELTHUR;MITTELTHUR;MITTELTHUR;MITTELTHUR;21625;;1900-01-01;2002-11-02;60
ch:1:sboid:101485;101485;Railtour Suisse Bern         O;Railtour Suisse Bern         O;Railtour Suisse Bern         O;Railtour Suisse Bern         O;RAILTOUR S;RAILTOUR S;RAILTOUR S;RAILTOUR S;21626;;1900-01-01;1999-03-31;60
ch:1:sboid:101486;101486;REISEBUERO SBB               O;REISEBUERO SBB               O;REISEBUERO SBB               O;REISEBUERO SBB               O;RB-SBB;RB-SBB;RB-SBB;RB-SBB;21627;;1900-01-01;1998-04-21;60
ch:1:sboid:101487;101487;Pacific Tours Zürich         O;Pacific Tours Zürich         O;Pacific Tours Zürich         O;Pacific Tours Zürich         O;PACIFIC ZH;PACIFIC ZH;PACIFIC ZH;PACIFIC ZH;21628;;1900-01-01;2006-04-30;60
ch:1:sboid:101488;101488;VATAN Zürich                 O;VATAN Zürich                 O;VATAN Zürich                 O;VATAN Zürich                 O;VATAN ZH;VATAN ZH;VATAN ZH;VATAN ZH;21629;;1900-01-01;2003-12-31;60
ch:1:sboid:101489;101489;Schmid Wettingen             O;Schmid Wettingen             O;Schmid Wettingen             O;Schmid Wettingen             O;SCHMID;SCHMID;SCHMID;SCHMID;21630;;1900-01-01;2003-12-31;60
ch:1:sboid:101490;101490;REISEDIENST ZOFINGEN         O;REISEDIENST ZOFINGEN         O;REISEDIENST ZOFINGEN         O;REISEDIENST ZOFINGEN         O;REISEDI ZF;REISEDI ZF;REISEDI ZF;REISEDI ZF;21631;;1900-01-01;1998-04-01;60
ch:1:sboid:101492;101492;STA Zürich                   O;STA Zürich                   O;STA Zürich                   O;STA Zürich                   O;STA ZUE;STA ZUE;STA ZUE;STA ZUE;21633;;1900-01-01;2015-05-31;60
ch:1:sboid:101493;101493;Graubünden Ferien Chur       O;Graubünden Ferien Chur       O;Graubünden Ferien Chur       O;Graubünden Ferien Chur       O;GRAUBUE CH;GRAUBUE CH;GRAUBUE CH;GRAUBUE CH;21634;;1900-01-01;2015-05-31;60
ch:1:sboid:100220;100220;Bettmeralp Bahnen;Bettmeralp Bahnen;Bettmeralp Bahnen;Bettmeralp Bahnen;BAB;BAB;BAB;BAB;262;;1900-01-01;2018-06-30;10
ch:1:sboid:100013;100013;Aargau Verkehr AG;Aargau Verkehr AG;Aargau Verkehr AG;Aargau Verkehr AG;AVA-bd;AVA-bd;AVA-bd;AVA-bd;31;;2018-07-01;2099-12-31;10
ch:1:sboid:100298;100298;Lenzerheide Bergbahnen Danis Stätz;Lenzerheide Bergbahnen Danis Stätz;Lenzerheide Bergbahnen Danis Stätz;Lenzerheide Bergbahnen Danis Stätz;LBDS;LBDS;LBDS;LBDS;341;;1900-01-01;2007-12-08;10
ch:1:sboid:100309;100309;Verbindungsbahn Basel;Verbindungsbahn Basel;Verbindungsbahn Basel;Verbindungsbahn Basel;DB/VB;DB/VB;DB/VB;DB/VB;352;;1900-01-01;2006-05-31;95
ch:1:sboid:100312;100312;Waldshut;Waldshut;Waldshut;Waldshut;DB/Whut;DB/Whut;DB/Whut;DB/Whut;355;;1900-01-01;2009-12-31;95
ch:1:sboid:100313;100313;Bodensee Längs/Ausflug SBB;Bodensee Längs/Ausflug SBB;Bodensee Längs/Ausflug SBB;Bodensee Längs/Ausflug SBB;SBB/Bsee;SBB/Bsee;SBB/Bsee;SBB/Bsee;356;;1900-01-01;2009-06-30;95
ch:1:sboid:101660;101660;City Night Line Zürich       O;City Night Line Zürich       O;City Night Line Zürich       O;City Night Line Zürich       O;CNL Zürich;CNL Zürich;CNL Zürich;CNL Zürich;21838;;1900-01-01;2015-05-31;60
ch:1:sboid:101154;101154;Pferdeomnibus Sils/Segl Maria-Fex;Pferdeomnibus Sils/Segl Maria-Fex;Pferdeomnibus Sils/Segl Maria-Fex;Pferdeomnibus Sils/Segl Maria-Fex;PSFM;PSFM;PSFM;PSFM;7021;;1900-01-01;2010-05-31;32
ch:1:sboid:101155;101155;Nachtbus Bern-Laupen;Nachtbus Bern-Laupen;Nachtbus Bern-Laupen;Nachtbus Bern-Laupen;NBL;NBL;NBL;NBL;7022;;1900-01-01;2014-12-13;32
ch:1:sboid:101157;101157;Commune de Bassins;Commune de Bassins;Commune de Bassins;Commune de Bassins;CB-fpl;CB-fpl;CB-fpl;CB-fpl;7024;;1900-01-01;2012-12-08;32
ch:1:sboid:101159;101159;Tramway du sud-ouest lausannois;Tramway du sud-ouest lausannois;Tramway du sud-ouest lausannois;Tramway du sud-ouest lausannois;TSOL;TSOL;TSOL;TSOL;7026;;1900-01-01;2013-12-14;32
ch:1:sboid:101161;101161;Autolinea Vico Morcote - Olivella;Autolinea Vico Morcote - Olivella;Autolinea Vico Morcote - Olivella;Autolinea Vico Morcote - Olivella;AVMO;AVMO;AVMO;AVMO;7028;;1900-01-01;2012-05-31;32
ch:1:sboid:101165;101165;Bus Biberbrugg-Sattelegg-Vorderthal;Bus Biberbrugg-Sattelegg-Vorderthal;Bus Biberbrugg-Sattelegg-Vorderthal;Bus Biberbrugg-Sattelegg-Vorderthal;BBSV;BBSV;BBSV;BBSV;7032;;1900-01-01;2010-12-11;32
ch:1:sboid:101166;101166;Bus Evionnaz-Dorénaz-Branson;Bus Evionnaz-Dorénaz-Branson;Bus Evionnaz-Dorénaz-Branson;Bus Evionnaz-Dorénaz-Branson;BEDB;BEDB;BEDB;BEDB;7033;;1900-01-01;2010-05-31;32
ch:1:sboid:101168;101168;Autobus Bitsch-Naters;Autobus Bitsch-Naters;Autobus Bitsch-Naters;Autobus Bitsch-Naters;ABN;ABN;ABN;ABN;7035;;1900-01-01;2010-05-31;32
ch:1:sboid:101169;101169;Autolinea SNL;Autolinea SNL;Autolinea SNL;Autolinea SNL;SNL AUTO1;SNL Auto1;SNL Auto1;SNL AUTO1;7036;;1900-01-01;2010-12-11;32
ch:1:sboid:101173;101173;Bus de la Commune de Chandolin;Bus de la Commune de Chandolin;Bus de la Commune de Chandolin;Bus de la Commune de Chandolin;BCC;BCC;BCC;BCC;7040;;1900-01-01;2014-12-13;32
ch:1:sboid:101174;101174;Personen Transporte und Touristik Fällanden;Personen Transporte und Touristik Fällanden;Personen Transporte und Touristik Fällanden;Personen Transporte und Touristik Fällanden;PTF;PTF;PTF;PTF;7041;;1900-01-01;2010-12-11;32
ch:1:sboid:101187;101187;Alpstein Touristik Eberle;Alpstein Touristik Eberle;Alpstein Touristik Eberle;Alpstein Touristik Eberle;ATE;ATE;ATE;ATE;7054;;1900-01-01;2014-12-13;32
ch:1:sboid:101199;101199;Transports urbains Bruntrutains;Transports urbains Bruntrutains;Transports urbains Bruntrutains;Transports urbains Bruntrutains;TUB Fpl;TUB Fpl;TUB Fpl;TUB Fpl;7066;;1900-01-01;2012-12-08;32
ch:1:sboid:101201;101201;Trasporti pubblici città di Mendrisio;Trasporti pubblici città di Mendrisio;Trasporti pubblici città di Mendrisio;Trasporti pubblici città di Mendrisio;TPCM Fpl;TPCM Fpl;TPCM Fpl;TPCM Fpl;7068;;1900-01-01;2011-12-10;32
ch:1:sboid:101219;101219;Gemeinde Thalwil;Gemeinde Thalwil;Gemeinde Thalwil;Gemeinde Thalwil;GDT;GDT;GDT;GDT;7086;;1900-01-01;2014-12-13;32
ch:1:sboid:101353;101353;Travelling 2000 Genève       O;Travelling 2000 Genève       O;Travelling 2000 Genève       O;Travelling 2000 Genève       O;TRAVELL GE;TRAVELL GE;TRAVELL GE;TRAVELL GE;21388;;1900-01-01;2015-05-31;60
ch:1:sboid:101354;101354;Urbatours Orbe               O;Urbatours Orbe               O;Urbatours Orbe               O;Urbatours Orbe               O;URBA  ORBE;URBA  ORBE;URBA  ORBE;URBA  ORBE;21389;;1900-01-01;2002-11-02;60
ch:1:sboid:101356;101356;Dest.Santé Chavannes-de-BogisO;Dest.Santé Chavannes-de-BogisO;Dest.Santé Chavannes-de-BogisO;Dest.Santé Chavannes-de-BogisO;DEST S CHA;DEST S CHA;DEST S CHA;DEST S CHA;21391;;1900-01-01;2009-06-30;60
ch:1:sboid:101358;101358;Geo Travel Uster             O;Geo Travel Uster             O;Geo Travel Uster             O;Geo Travel Uster             O;GEO TR UST;GEO TR UST;GEO TR UST;GEO TR UST;21393;;1900-01-01;2008-06-30;60
ch:1:sboid:101359;101359;Fritsche Zürich              O;Fritsche Zürich              O;Fritsche Zürich              O;Fritsche Zürich              O;FRITSCHEZH;FRITSCHEZH;FRITSCHEZH;FRITSCHEZH;21394;;1900-01-01;2012-04-30;60
ch:1:sboid:101360;101360;Universal Zürich             O;Universal Zürich             O;Universal Zürich             O;Universal Zürich             O;UNIVERS ZH;UNIVERS ZH;UNIVERS ZH;UNIVERS ZH;21395;;1900-01-01;2005-02-28;60
ch:1:sboid:101361;101361;Holiday Maker Zürich     BK  O;Holiday Maker Zürich     BK  O;Holiday Maker Zürich     BK  O;Holiday Maker Zürich     BK  O;9OLIDAY ZH;9OLIDAY ZH;9OLIDAY ZH;9OLIDAY ZH;21396;;1900-01-01;2012-03-05;60
ch:1:sboid:100663;100663;Autoverkehr Heimenschwand;Autoverkehr Heimenschwand;Autoverkehr Heimenschwand;Autoverkehr Heimenschwand;AVH;AVH;AVH;AVH;864;;1900-01-01;2000-12-31;30
ch:1:sboid:101506;101506;Soleans Travel Genève        O;Soleans Travel Genève        O;Soleans Travel Genève        O;Soleans Travel Genève        O;SOLEANS GE;SOLEANS GE;SOLEANS GE;SOLEANS GE;21649;;1900-01-01;2014-04-30;60
ch:1:sboid:101507;101507;Tourisair Genève             O;Tourisair Genève             O;Tourisair Genève             O;Tourisair Genève             O;TOURISA GE;TOURISA GE;TOURISA GE;TOURISA GE;21650;;1900-01-01;2005-05-31;60
ch:1:sboid:101508;101508;Univair Genève               O;Univair Genève               O;Univair Genève               O;Univair Genève               O;UNIVAIR GE;UNIVAIR GE;UNIVAIR GE;UNIVAIR GE;21651;;1900-01-01;2005-05-31;60
ch:1:sboid:101510;101510;Vista Basel                  O;Vista Basel                  O;Vista Basel                  O;Vista Basel                  O;VISTA BS;VISTA BS;VISTA BS;VISTA BS;21653;;1900-01-01;2005-05-31;60
ch:1:sboid:101511;101511;VCS Herzogenbuchsee          O;VCS Herzogenbuchsee          O;VCS Herzogenbuchsee          O;VCS Herzogenbuchsee          O;VCS HB;VCS HB;VCS HB;VCS HB;21654;;1900-01-01;2006-04-30;60
ch:1:sboid:101512;101512;Vella Bern                   O;Vella Bern                   O;Vella Bern                   O;Vella Bern                   O;VELLA;VELLA;VELLA;VELLA;21655;;1900-01-01;2000-05-31;60
ch:1:sboid:101513;101513;Travelworld Lausanne         O;Travelworld Lausanne         O;Travelworld Lausanne         O;Travelworld Lausanne         O;TRAVELWORL;TRAVELWORL;TRAVELWORL;TRAVELWORL;21656;;1900-01-01;2005-05-31;60
ch:1:sboid:101705;101705;S.A.F. Societa' Autoservizi Fontaneto SRL;S.A.F. Societa' Autoservizi Fontaneto SRL;S.A.F. Societa' Autoservizi Fontaneto SRL;S.A.F. Societa' Autoservizi Fontaneto SRL;SAFSRL;SAFSRL;SAFSRL;SAFSRL;7093;;2018-05-09;2099-12-31;30
ch:1:sboid:100871;100871;Deutsche Bundesbahn;Chemin de fer fédéral allemand;Deutsche Bundesbahn;German Federal Railways;DB       $;DB       $;DB       $;DB       $;1080;;1900-01-01;2018-10-16;11
ch:1:sboid:101707;101707;Società Navigazione del Lago di Lugano SA;Società Navigazione del Lago di Lugano SA;Società Navigazione del Lago di Lugano SA;Società Navigazione del Lago di Lugano SA;SNL-magg;SNL-magg;SNL-magg;SNL-magg;190;;2018-07-26;2099-12-31;20
ch:1:sboid:101205;101205;Società Trasporti Pubblici Sondrio S.p.A.;Società Trasporti Pubblici Sondrio S.p.A.;Società Trasporti Pubblici Sondrio S.p.A.;Società Trasporti Pubblici Sondrio S.p.A.;STPS;STPS;STPS;STPS;7072;;1900-01-01;2013-05-31;32
ch:1:sboid:101246;101246;Schweizerische Speisewagengesellschaft;Schweizerische Speisewagengesellschaft;Schweizerische Speisewagengesellschaft;Schweizerische Speisewagengesellschaft;-SSG-;-SSG-;-SSG-;-SSG-;9901;;1900-01-01;2001-06-30;95
ch:1:sboid:100351;100351;Parco Botanico Isole di Brissago;Parco Botanico Isole di Brissago;Parco Botanico Isole di Brissago;Parco Botanico Isole di Brissago;P Botanico;P Botanico;P Botanico;P Botanico;430;;1900-01-01;2002-08-31;50
ch:1:sboid:100353;100353;Rent a Bike AG;Rent a Bike AG;Rent a Bike AG;Rent a Bike AG;Rent Bike;Rent Bike;Rent Bike;Rent Bike;432;;1900-01-01;2012-05-31;50
ch:1:sboid:100367;100367;Tarifverbund Bern/Solothurn 2 (Abo);Tarifverbund Bern/Solothurn 2 (Abo);Tarifverbund Bern/Solothurn 2 (Abo);Tarifverbund Bern/Solothurn 2 (Abo);TV-BE/SO2;TV-BE/SO2;TV-BE/SO2;TV-BE/SO2;446;;1900-01-01;2015-01-31;51
ch:1:sboid:100379;100379;Tarifverbund Aargau;Tarifverbund Aargau;Tarifverbund Aargau;Tarifverbund Aargau;TVAG;TVAG;TVAG;TVAG;458;;1900-01-01;2015-01-31;51
ch:1:sboid:100399;100399;Communauté tarifaire fribourgeoise 2;Communauté tarifaire fribourgeoise 2;Communauté tarifaire fribourgeoise 2;Communauté tarifaire fribourgeoise 2;CTFR2;CTFR2;CTFR2;CTFR2;478;;1900-01-01;2015-01-31;51
ch:1:sboid:100404;100404;Communauté tarifaire neuchâteloise;Communauté tarifaire neuchâteloise;Communauté tarifaire neuchâteloise;Communauté tarifaire neuchâteloise;CTNE;CTNE;CTNE;CTNE;483;;1900-01-01;2015-01-31;51
ch:1:sboid:100000;100000;Zollbehandlungsgebühren Mini-tiger;Zollbehandlungsgebühren Mini-tiger;Zollbehandlungsgebühren Mini-tiger;Zollbehandlungsgebühren Mini-tiger;TIG ZBG;TIG ZBG;TIG ZBG;TIG ZBG;10;;1900-01-01;1997-12-31;
ch:1:sboid:100003;100003;Differenzen Incoming zulasten SBB;Differenzen Incoming zulasten SBB;Differenzen Incoming zulasten SBB;Differenzen Incoming zulasten SBB;SBB IP-2;SBB IP-2;SBB IP-2;SBB IP-2;13;;1900-01-01;2008-05-31;95
ch:1:sboid:100004;100004;VB-Anteile Minitiger;VB-Anteile Minitiger;VB-Anteile Minitiger;VB-Anteile Minitiger;TIG VB;TIG VB;TIG VB;TIG VB;16;;1900-01-01;1996-12-31;95
ch:1:sboid:100005;100005;Interfrigo;Interfrigo;Interfrigo;Interfrigo;IF;IF;IF;IF;19;;1900-01-01;2002-08-31;80
ch:1:sboid:100006;100006;ELCA Lausanne;ELCA Lausanne;ELCA Lausanne;ELCA Lausanne;ELCA;ELCA;ELCA;ELCA;20;;1900-01-01;1998-12-17;80
ch:1:sboid:100010;100010;Arth-Rigi-Bahn;Arth-Rigi-Bahn;Arth-Rigi-Bahn;Arth-Rigi-Bahn;ARB;ARB;ARB;ARB;25;;1900-01-01;2002-08-31;10
ch:1:sboid:100022;100022;Bern-Neuchâtel Gemeinschaft;Bern-Neuchâtel Gemeinschaft;Bern-Neuchâtel Gemeinschaft;Bern-Neuchâtel Gemeinschaft;BN Gem;BN Gem;BN Gem;BN Gem;40;;1900-01-01;2001-10-12;95
ch:1:sboid:100031;100031;Emmental-Burgdorf-Thun Gemeinschaft;Emmental-Burgdorf-Thun Gemeinschaft;Emmental-Burgdorf-Thun Gemeinschaft;Emmental-Burgdorf-Thun Gemeinschaft;EBT Gem;EBT Gem;EBT Gem;EBT Gem;50;;1900-01-01;2001-10-12;95
ch:1:sboid:100035;100035;Kriens-Luzern-Bahn (Güterverkehr);Kriens-Luzern-Bahn (Güterverkehr);Kriens-Luzern-Bahn (Güterverkehr);Kriens-Luzern-Bahn (Güterverkehr);KLB;KLB;KLB;KLB;54;;1900-01-01;2013-05-31;10
ch:1:sboid:100040;100040;THURBO Abrechnung;THURBO Abrechnung;THURBO Abrechnung;THURBO Abrechnung;THURBO Abr;THURBO Abr;THURBO Abr;THURBO Abr;59;;1900-01-01;2004-12-31;12
ch:1:sboid:100041;100041;THURBO Romanshorn-Schaffhausen;THURBO Romanshorn-Schaffhausen;THURBO Romanshorn-Schaffhausen;THURBO Romanshorn-Schaffhausen;THURBO/RS;THURBO/RS;THURBO/RS;THURBO/RS;60;;1900-01-01;2005-12-31;10
ch:1:sboid:100051;100051;Südostbahn Gemeinschaft;Südostbahn Gemeinschaft;Südostbahn Gemeinschaft;Südostbahn Gemeinschaft;SOB Gem;SOB Gem;SOB Gem;SOB Gem;70;;1900-01-01;2001-10-12;95
ch:1:sboid:100057;100057;SGA alt;SGA alt;SGA alt;SGA alt;SGA alt;SGA alt;SGA alt;SGA alt;77;;1900-01-01;2011-12-31;95
ch:1:sboid:100065;100065;Verkehrsbetriebe Zürcher Oberland;Verkehrsbetriebe Zürcher Oberland;Verkehrsbetriebe Zürcher Oberland;Verkehrsbetriebe Zürcher Oberland;VZO;VZO;VZO;VZO;87;;1900-01-01;1998-12-31;10
ch:1:sboid:100068;100068;Vereinigte Huttwil-Bahnen Gemeinschaft;Vereinigte Huttwil-Bahnen Gemeinschaft;Vereinigte Huttwil-Bahnen Gemeinschaft;Vereinigte Huttwil-Bahnen Gemeinschaft;VHB Gem;VHB Gem;VHB Gem;VHB Gem;90;;1900-01-01;2001-10-12;95
ch:1:sboid:100408;100408;Comunità Tariffale Ticino e Moesano;Comunità Tariffale Ticino e Moesano;Comunità Tariffale Ticino e Moesano;Comunità Tariffale Ticino e Moesano;CTTI;CTTI;CTTI;CTTI;487;;1900-01-01;2015-01-31;51
ch:1:sboid:100413;100413;Comunità Tariffale Ticino e Moesano Ozon;Comunità Tariffale Ticino e Moesano Ozon;Comunità Tariffale Ticino e Moesano Ozon;Comunità Tariffale Ticino e Moesano Ozon;CTTI-Ozon;CTTI-Ozon;CTTI-Ozon;CTTI-Ozon;492;;1900-01-01;2015-01-31;51
ch:1:sboid:100417;100417;Autosalon;Autosalon;Autosalon;Autosalon;AUTOSALON;AUTOSALON;AUTOSALON;AUTOSALON;496;;1900-01-01;2012-09-30;52
ch:1:sboid:100418;100418;BEA Bern;BEA Bern;BEA Bern;BEA Bern;BEA Bern;BEA Bern;BEA Bern;BEA Bern;497;;1900-01-01;2012-09-30;52
ch:1:sboid:100419;100419;COMPTOIR;COMPTOIR;COMPTOIR;COMPTOIR;COMPTOIR;COMPTOIR;COMPTOIR;COMPTOIR;498;;1900-01-01;2012-09-30;52
ch:1:sboid:100420;100420;OLMA;OLMA;OLMA;OLMA;OLMA;OLMA;OLMA;OLMA;499;;1900-01-01;2012-09-30;52
ch:1:sboid:101709;101709;VBG Verkehrsbetriebe Glattal AG;VBG Verkehrsbetriebe Glattal AG;VBG Verkehrsbetriebe Glattal AG;VBG Verkehrsbetriebe Glattal AG;VBG-T;VBG-T;VBG-T;VBG-T;509;info@vbg.ch;2018-08-15;2099-12-31;95
ch:1:sboid:100569;100569;Eurobus swiss-express AG;Eurobus swiss-express AG;Eurobus swiss-express AG;Eurobus swiss-express AG;ESE;ESE;ESE;ESE;767;;2018-07-07;2099-12-31;30
ch:1:sboid:101438;101438;Panalpina Basel              O;Panalpina Basel              O;Panalpina Basel              O;Panalpina Basel              O;PANALPINA;PANALPINA;PANALPINA;PANALPINA;21576;;1900-01-01;1999-12-31;60
ch:1:sboid:101440;101440;KEHRLI & OELER BERN          O;KEHRLI & OELER BERN          O;KEHRLI & OELER BERN          O;KEHRLI & OELER BERN          O;KEHRLI;KEHRLI;KEHRLI;KEHRLI;21578;;1900-01-01;1998-05-01;60
ch:1:sboid:101443;101443;FO-Tours Brig                O;FO-Tours Brig                O;FO-Tours Brig                O;FO-Tours Brig                O;FO-TOURS;FO-TOURS;FO-TOURS;FO-TOURS;21581;;1900-01-01;2004-05-31;60
ch:1:sboid:101445;101445;KD-Triton Basel              O;KD-Triton Basel              O;KD-Triton Basel              O;KD-Triton Basel              O;KD-TRITON;KD-TRITON;KD-TRITON;KD-TRITON;21583;;1900-01-01;2002-11-02;60
ch:1:sboid:101447;101447;Lamprecht Zürich             O;Lamprecht Zürich             O;Lamprecht Zürich             O;Lamprecht Zürich             O;LAMPRECHT;LAMPRECHT;LAMPRECHT;LAMPRECHT;21585;;1900-01-01;2015-05-31;60
ch:1:sboid:101449;101449;Reisebüro Hirschenp Langnau  O;Reisebüro Hirschenp Langnau  O;Reisebüro Hirschenp Langnau  O;Reisebüro Hirschenp Langnau  O;RB Hirs LN;RB Hirs LN;RB Hirs LN;RB Hirs LN;21587;;1900-01-01;2011-01-31;60
ch:1:sboid:101450;101450;Gerber Rothrist              O;Gerber Rothrist              O;Gerber Rothrist              O;Gerber Rothrist              O;GERBER RTR;GERBER RTR;GERBER RTR;GERBER RTR;21588;;1900-01-01;2006-04-30;60
ch:1:sboid:101631;101631;Rosa Travel Basel Missionsstr    O;Rosa Travel Basel Missionsstr    O;Rosa Travel Basel Missionsstr    O;Rosa Travel Basel Missionsstr    O;ROSA TRA;ROSA TRA;ROSA TRA;ROSA TRA;21805;;1900-01-01;2015-05-31;60
ch:1:sboid:101632;101632;OPEN TRAVEL GROUP KRAKOW          O;OPEN TRAVEL GROUP KRAKOW          O;OPEN TRAVEL GROUP KRAKOW          O;OPEN TRAVEL GROUP KRAKOW          O;Open Trav;Open Trav;Open Trav;Open Trav;21806;;1900-01-01;2007-01-31;60
ch:1:sboid:101633;101633;Sunwave Hamburg                   O;Sunwave Hamburg                   O;Sunwave Hamburg                   O;Sunwave Hamburg                   O;SUNWAVE HH;SUNWAVE HH;SUNWAVE HH;SUNWAVE HH;21807;;1900-01-01;2014-04-30;60
ch:1:sboid:101636;101636;Ascent Travel Moscow         O;Ascent Travel Moscow         O;Ascent Travel Moscow         O;Ascent Travel Moscow         O;ASC TRAVEL;ASC TRAVEL;ASC TRAVEL;ASC TRAVEL;21810;;1900-01-01;2012-08-15;60
ch:1:sboid:101637;101637;World Avenues Genève         O;World Avenues Genève         O;World Avenues Genève         O;World Avenues Genève         O;WORLD AV G;WORLD AV G;WORLD AV G;WORLD AV G;21812;;1900-01-01;2009-05-31;60
ch:1:sboid:101638;101638;British Marketing Paris      O;British Marketing Paris      O;British Marketing Paris      O;British Marketing Paris      O;BRMA PARIS;BRMA PARIS;BRMA PARIS;BRMA PARIS;21813;;1900-01-01;2015-05-31;60
ch:1:sboid:101639;101639;Sena Srl Firenze             O;Sena Srl Firenze             O;Sena Srl Firenze             O;Sena Srl Firenze             O;SENA FIREN;SENA FIREN;SENA FIREN;SENA FIREN;21814;;1900-01-01;2015-05-31;60
ch:1:sboid:101640;101640;CD Travel Praha              O;CD Travel Praha              O;CD Travel Praha              O;CD Travel Praha              O;CD T PRAHA;CD T PRAHA;CD T PRAHA;CD T PRAHA;21815;;1900-01-01;2009-05-31;60
ch:1:sboid:101643;101643;Rhätische Bahn Chur__________O;Rhätische Bahn Chur__________O;Rhätische Bahn Chur__________O;Rhätische Bahn Chur__________O;RHB CHUR;RHB CHUR;RHB CHUR;RHB CHUR;21818;;1900-01-01;2007-01-31;60
ch:1:sboid:101647;101647;Congrex Travel Basel         O;Congrex Travel Basel         O;Congrex Travel Basel         O;Congrex Travel Basel         O;Congrex BS;Congrex BS;Congrex BS;Congrex BS;21822;;1900-01-01;2014-04-30;60
ch:1:sboid:101648;101648;Método Barcelona             O;Método Barcelona             O;Método Barcelona             O;Método Barcelona             O;ME BARCEL;ME BARCEL;ME BARCEL;ME BARCEL;21823;;1900-01-01;2008-12-31;60
ch:1:sboid:101650;101650;Open Up Travel Moscow I      O;Open Up Travel Moscow I      O;Open Up Travel Moscow I      O;Open Up Travel Moscow I      O;Open Up SA;Open Up SA;Open Up SA;Open Up SA;21825;;1900-01-01;2015-05-31;60
ch:1:sboid:101651;101651;Open Up Travel Kiev I        O;Open Up Travel Kiev I        O;Open Up Travel Kiev I        O;Open Up Travel Kiev I        O;Open Up Ki;Open Up Ki;Open Up Ki;Open Up Ki;21826;;1900-01-01;2015-05-31;60
ch:1:sboid:101655;101655;Always Vacanze SNC Verbania  O;Always Vacanze SNC Verbania  O;Always Vacanze SNC Verbania  O;Always Vacanze SNC Verbania  O;ALW VA VER;ALW VA VER;ALW VA VER;ALW VA VER;21831;;1900-01-01;2012-04-30;60
ch:1:sboid:100715;100715;Eurotrek-Abenteuerreisen Zürich;Eurotrek-Abenteuerreisen Zürich;Eurotrek-Abenteuerreisen Zürich;Eurotrek-Abenteuerreisen Zürich;EUROTREK;EUROTREK;EUROTREK;EUROTREK;916;;1900-01-01;2011-12-31;50
ch:1:sboid:101341;101341;WORLDSPAN GLATTBRUGG         O;WORLDSPAN GLATTBRUGG         O;WORLDSPAN GLATTBRUGG         O;WORLDSPAN GLATTBRUGG         O;W-SPAN GLB;W-SPAN GLB;W-SPAN GLB;W-SPAN GLB;21376;;1900-01-01;1998-08-21;60
ch:1:sboid:101342;101342;ZENKLUSEN GRAECHEN           O;ZENKLUSEN GRAECHEN           O;ZENKLUSEN GRAECHEN           O;ZENKLUSEN GRAECHEN           O;ZENKLUSEN;ZENKLUSEN;ZENKLUSEN;ZENKLUSEN;21377;;1900-01-01;1998-08-21;60
ch:1:sboid:101343;101343;ZENTRUM MAENNEDORF           O;ZENTRUM MAENNEDORF           O;ZENTRUM MAENNEDORF           O;ZENTRUM MAENNEDORF           O;ZENT MAEN;ZENT MAEN;ZENT MAEN;ZENT MAEN;21378;;1900-01-01;1998-11-10;60
ch:1:sboid:101344;101344;ZIB ZÜRICH                   O;ZIB ZÜRICH                   O;ZIB ZÜRICH                   O;ZIB ZÜRICH                   O;ZIB ZUE;ZIB ZUE;ZIB ZUE;ZIB ZUE;21379;;1900-01-01;1998-11-10;60
ch:1:sboid:101346;101346;Croisitour Neuchâtel         O;Croisitour Neuchâtel         O;Croisitour Neuchâtel         O;Croisitour Neuchâtel         O;CROISI NE;CROISI NE;CROISI NE;CROISI NE;21381;;1900-01-01;2011-01-31;60
ch:1:sboid:101347;101347;Travac Zürich                O;Travac Zürich                O;Travac Zürich                O;Travac Zürich                O;TRAVAC;TRAVAC;TRAVAC;TRAVAC;21382;;1900-01-01;2015-05-31;60
ch:1:sboid:101348;101348;Intercommercial Zürich       O;Intercommercial Zürich       O;Intercommercial Zürich       O;Intercommercial Zürich       O;INTERCOMM;INTERCOMM;INTERCOMM;INTERCOMM;21383;;1900-01-01;2003-04-01;60
ch:1:sboid:101349;101349;Punto Aarau                  O;Punto Aarau                  O;Punto Aarau                  O;Punto Aarau                  O;PUNTO AA;PUNTO AA;PUNTO AA;PUNTO AA;21384;;1900-01-01;1999-02-28;60
ch:1:sboid:101351;101351;Lido Genève                  O;Lido Genève                  O;Lido Genève                  O;Lido Genève                  O;LIDO GE;LIDO GE;LIDO GE;LIDO GE;21386;;1900-01-01;2003-12-31;60
ch:1:sboid:101452;101452;Romontours Romont            O;Romontours Romont            O;Romontours Romont            O;Romontours Romont            O;ROMONTOURS;ROMONTOURS;ROMONTOURS;ROMONTOURS;21591;;1900-01-01;2006-03-31;60
ch:1:sboid:101494;101494;SOL Lausanne                 O;SOL Lausanne                 O;SOL Lausanne                 O;SOL Lausanne                 O;SOL LS;SOL LS;SOL LS;SOL LS;21635;;1900-01-01;2013-04-05;60
ch:1:sboid:101495;101495;Rothorn Lenzerheide          O;Rothorn Lenzerheide          O;Rothorn Lenzerheide          O;Rothorn Lenzerheide          O;ROTHORN;ROTHORN;ROTHORN;ROTHORN;21636;;1900-01-01;2000-05-31;60
ch:1:sboid:101496;101496;Sierre Voyages Sierre        O;Sierre Voyages Sierre        O;Sierre Voyages Sierre        O;Sierre Voyages Sierre        O;SIERRE;SIERRE;SIERRE;SIERRE;21637;;1900-01-01;2015-05-31;60
ch:1:sboid:101497;101497;Stalder Landquart            O;Stalder Landquart            O;Stalder Landquart            O;Stalder Landquart            O;STALDER LQ;STALDER LQ;STALDER LQ;STALDER LQ;21639;;1900-01-01;2006-04-30;60
ch:1:sboid:101499;101499;Sun Travel St-Prex           O;Sun Travel St-Prex           O;Sun Travel St-Prex           O;Sun Travel St-Prex           O;SUN TRAVEL;SUN TRAVEL;SUN TRAVEL;SUN TRAVEL;21641;;1900-01-01;2002-11-02;60
ch:1:sboid:101501;101501;Ticket Bleu La Sarraz        O;Ticket Bleu La Sarraz        O;Ticket Bleu La Sarraz        O;Ticket Bleu La Sarraz        O;TICKET BLE;TICKET BLE;TICKET BLE;TICKET BLE;21644;;1900-01-01;2002-01-31;60
ch:1:sboid:101502;101502;Tevy Wädenswil               O;Tevy Wädenswil               O;Tevy Wädenswil               O;Tevy Wädenswil               O;TEVY WAE;TEVY WAE;TEVY WAE;TEVY WAE;21645;;1900-01-01;1999-02-28;60
ch:1:sboid:101503;101503;Tourisme pr Tous Lausanne    O;Tourisme pr Tous Lausanne    O;Tourisme pr Tous Lausanne    O;Tourisme pr Tous Lausanne    O;TPT LS;TPT LS;TPT LS;TPT LS;21646;;1900-01-01;1999-12-31;60
ch:1:sboid:101504;101504;Tourship Genève              O;Tourship Genève              O;Tourship Genève              O;Tourship Genève              O;TOURSHIP;TOURSHIP;TOURSHIP;TOURSHIP;21647;;1900-01-01;2002-11-02;60
ch:1:sboid:101282;101282;EXOTICA EPALINGES            O;EXOTICA EPALINGES            O;EXOTICA EPALINGES            O;EXOTICA EPALINGES            O;EXOTICA;EXOTICA;EXOTICA;EXOTICA;21317;;1900-01-01;1998-08-21;60
ch:1:sboid:101283;101283;FEREX BIEL/BIENNE            O;FEREX BIEL/BIENNE            O;FEREX BIEL/BIENNE            O;FEREX BIEL/BIENNE            O;FEREX BI;FEREX BI;FEREX BI;FEREX BI;21318;;1900-01-01;1998-08-21;60
ch:1:sboid:101284;101284;FERIEN WELT BERN             O;FERIEN WELT BERN             O;FERIEN WELT BERN             O;FERIEN WELT BERN             O;FERIEN BN;FERIEN BN;FERIEN BN;FERIEN BN;21319;;1900-01-01;1998-08-21;60
ch:1:sboid:101285;101285;FERIFAM DISENTIS/MUSTER      O;FERIFAM DISENTIS/MUSTER      O;FERIFAM DISENTIS/MUSTER      O;FERIFAM DISENTIS/MUSTER      O;FERIF DIS;FERIF DIS;FERIF DIS;FERIF DIS;21320;;1900-01-01;1998-11-10;60
ch:1:sboid:101286;101286;FINLANIA ZUERICH             O;FINLANIA ZUERICH             O;FINLANIA ZUERICH             O;FINLANIA ZUERICH             O;FINL ZUE;FINL ZUE;FINL ZUE;FINL ZUE;21321;;1900-01-01;1998-11-10;60
ch:1:sboid:101287;101287;FINS MUEHLEBERG              O;FINS MUEHLEBERG              O;FINS MUEHLEBERG              O;FINS MUEHLEBERG              O;FINS MUEHL;FINS MUEHL;FINS MUEHL;FINS MUEHL;21322;;1900-01-01;1998-11-10;60
ch:1:sboid:101288;101288;FIRST BERN                   O;FIRST BERN                   O;FIRST BERN                   O;FIRST BERN                   O;FIRST BN;FIRST BN;FIRST BN;FIRST BN;21323;;1900-01-01;1998-08-21;60
ch:1:sboid:100662;100662;Automobildienste BLS AG (aoe auto);Automobildienste BLS AG (aoe auto);Automobildienste BLS AG (aoe auto);Automobildienste BLS AG (aoe auto);BLS/Autaoe;BLS/Autaoe;BLS/Autaoe;BLS/Autaoe;863;;1900-01-01;2012-09-30;30
ch:1:sboid:100665;100665;Autoverkehr SGV;Autoverkehr SGV;Autoverkehr SGV;Autoverkehr SGV;SGV Auto;SGV Auto;SGV Auto;SGV Auto;866;;1900-01-01;2006-12-31;30
ch:1:sboid:100666;100666;Emmer Busbetriebe;Emmer Busbetriebe;Emmer Busbetriebe;Emmer Busbetriebe;EBB;EBB;EBB;EBB;867;;1900-01-01;2013-05-31;30
ch:1:sboid:100668;100668;Automobildienste Regionalverkehr Mittelland (ebt/bu);Automobildienste Regionalverkehr Mittelland (ebt/bu);Automobildienste Regionalverkehr Mittelland (ebt/bu);Automobildienste Regionalverkehr Mittelland (ebt/bu);RM/Autobu;RM/Autobu;RM/Autobu;RM/Autobu;869;;1900-01-01;2008-05-31;30
ch:1:sboid:100673;100673;Regionalbus Wiggertal;Regionalbus Wiggertal;Regionalbus Wiggertal;Regionalbus Wiggertal;RBW;RBW;RBW;RBW;874;;1900-01-01;2004-12-11;95
ch:1:sboid:100674;100674;Autoverkehr Thun-Stocken-Gürbetal;Autoverkehr Thun-Stocken-Gürbetal;Autoverkehr Thun-Stocken-Gürbetal;Autoverkehr Thun-Stocken-Gürbetal;TSG;TSG;TSG;TSG;875;;1900-01-01;1999-07-31;30
ch:1:sboid:100676;100676;Auto Sursee-Triengen;Auto Sursee-Triengen;Auto Sursee-Triengen;Auto Sursee-Triengen;ST Auto;ST Auto;ST Auto;ST Auto;877;;1900-01-01;1998-06-30;30
ch:1:sboid:100677;100677;Autoverkehr Brienz-Brienzwiler;Autoverkehr Brienz-Brienzwiler;Autoverkehr Brienz-Brienzwiler;Autoverkehr Brienz-Brienzwiler;AVBB;AVBB;AVBB;AVBB;878;;1900-01-01;1999-07-31;30
ch:1:sboid:100679;100679;Busbetrieb Rheinfelden;Busbetrieb Rheinfelden;Busbetrieb Rheinfelden;Busbetrieb Rheinfelden;BBR;BBR;BBR;BBR;880;;1900-01-01;2012-05-31;30
ch:1:sboid:100683;100683;Autobusbetrieb Illnau-Effretikon;Autobusbetrieb Illnau-Effretikon;Autobusbetrieb Illnau-Effretikon;Autobusbetrieb Illnau-Effretikon;AIE;AIE;AIE;AIE;884;;1900-01-01;2001-12-31;30
ch:1:sboid:100686;100686;Busbetrieb Horgen;Busbetrieb Horgen;Busbetrieb Horgen;Busbetrieb Horgen;BBH     xx;BBH     xx;BBH     xx;BBH     xx;887;;1900-01-01;2001-12-31;30
ch:1:sboid:100689;100689;Autobusbetrieb Gachnang-Frauenfeld;Autobusbetrieb Gachnang-Frauenfeld;Autobusbetrieb Gachnang-Frauenfeld;Autobusbetrieb Gachnang-Frauenfeld;AGF;AGF;AGF;AGF;890;;1900-01-01;2006-12-31;30
ch:1:sboid:100690;100690;Kantonales Spital Wolhusen;Kantonales Spital Wolhusen;Kantonales Spital Wolhusen;Kantonales Spital Wolhusen;KSW;KSW;KSW;KSW;891;;1900-01-01;2003-02-28;30
ch:1:sboid:100691;100691;Autotransports Sion-Dixence-Thyon 2000;Autotransports Sion-Dixence-Thyon 2000;Autotransports Sion-Dixence-Thyon 2000;Autotransports Sion-Dixence-Thyon 2000;ASDT;ASDT;ASDT;ASDT;892;;1900-01-01;1994-01-02;30
ch:1:sboid:100696;100696;Automobildienste Aare Seeland mobil (rvo auto);Automobildienste Aare Seeland mobil (rvo auto);Automobildienste Aare Seeland mobil (rvo auto);Automobildienste Aare Seeland mobil (rvo auto);ASM/Autrvo;ASM/Autrvo;ASM/autrvo;ASM/Autrvo;897;;1900-01-01;2004-02-29;30
ch:1:sboid:101555;101555;Vela Tour Asti               O;Vela Tour Asti               O;Vela Tour Asti               O;Vela Tour Asti               O;VELA TOUR;VELA TOUR;VELA TOUR;VELA TOUR;21702;;1900-01-01;2014-04-30;60
ch:1:sboid:101558;101558;DB France Paris              O;DB France Paris              O;DB France Paris              O;DB France Paris              O;DB FRANCE;DB FRANCE;DB FRANCE;DB FRANCE;21707;;1900-01-01;2006-12-31;60
ch:1:sboid:101559;101559;Capital Tour Moscow          O;Capital Tour Moscow          O;Capital Tour Moscow          O;Capital Tour Moscow          O;CAPITAL T;CAPITAL T;CAPITAL T;CAPITAL T;21708;;1900-01-01;2013-04-05;60
ch:1:sboid:101570;101570;DSB Kobenhavn                O;DSB Kobenhavn                O;DSB Kobenhavn                O;DSB Kobenhavn                O;DSB KOBENH;DSB KOBENH;DSB KOBENH;DSB KOBENH;21722;;1900-01-01;2013-04-05;60
ch:1:sboid:101571;101571;Elance Genève                O;Elance Genève                O;Elance Genève                O;Elance Genève                O;ELANCE GE;ELANCE GE;ELANCE GE;ELANCE GE;21723;;1900-01-01;2008-01-31;60
ch:1:sboid:101574;101574;Zagorje Travel Kiev          O;Zagorje Travel Kiev          O;Zagorje Travel Kiev          O;Zagorje Travel Kiev          O;ZAGORJE;ZAGORJE;ZAGORJE;ZAGORJE;21728;;1900-01-01;2011-01-31;60
ch:1:sboid:101575;101575;Finland Travel Helsinki      O;Finland Travel Helsinki      O;Finland Travel Helsinki      O;Finland Travel Helsinki      O;FINLAND TR;FINLAND TR;FINLAND TR;FINLAND TR;21729;;1900-01-01;2006-12-31;60
ch:1:sboid:101576;101576;Helvetia Rhenoy              O;Helvetia Rhenoy              O;Helvetia Rhenoy              O;Helvetia Rhenoy              O;HELVETIA R;HELVETIA R;HELVETIA R;HELVETIA R;21731;;1900-01-01;2005-05-31;60
ch:1:sboid:100432;100432;Maag Busbetrieb AG Kloten;Maag Busbetrieb AG Kloten;Maag Busbetrieb AG Kloten;Maag Busbetrieb AG Kloten;MBB;MBB;MBB;MBB;519;;1900-01-01;2014-12-13;95
ch:1:sboid:100460;100460;Erlös Rollmaterial;Erlös Rollmaterial;Erlös Rollmaterial;Erlös Rollmaterial;Erlös RM;Erlös RM;Erlös RM;Erlös RM;557;;1900-01-01;2011-12-31;95
ch:1:sboid:100461;100461;Erlös Personenverkehr;Erlös Personenverkehr;Erlös Personenverkehr;Erlös Personenverkehr;Erlös PV;Erlös PV;Erlös PV;Erlös PV;558;;1900-01-01;2011-12-31;95
ch:1:sboid:100463;100463;Erlös Güterverkehr;Erlös Güterverkehr;Erlös Güterverkehr;Erlös Güterverkehr;Erlös GM;Erlös GM;Erlös GM;Erlös GM;560;;1900-01-01;2011-12-31;95
ch:1:sboid:100464;100464;Erlös Traktion und Zugdienste;Erlös Traktion und Zugdienste;Erlös Traktion und Zugdienste;Erlös Traktion und Zugdienste;Erlös TZ;Erlös TZ;Erlös TZ;Erlös TZ;561;;1900-01-01;2011-12-31;95
ch:1:sboid:100465;100465;Erlös Betriebsführung;Erlös Betriebsführung;Erlös Betriebsführung;Erlös Betriebsführung;Erlös BF;Erlös BF;Erlös BF;Erlös BF;562;;1900-01-01;2011-12-31;95
ch:1:sboid:101663;101663;Gleisnost Freiburg im Br.    O;Gleisnost Freiburg im Br.    O;Gleisnost Freiburg im Br.    O;Gleisnost Freiburg im Br.    O;GLEISNOST;GLEISNOST;GLEISNOST;GLEISNOST;21841;;1900-01-01;2011-06-30;60
ch:1:sboid:101664;101664;Lyria Paris                  O;Lyria Paris                  O;Lyria Paris                  O;Lyria Paris                  O;LYRIA PARI;LYRIA PARI;LYRIA PARI;LYRIA PARI;21842;;1900-01-01;2012-04-30;60
ch:1:sboid:101667;101667;Gullivers Reisen Wien;Gullivers Reisen Wien;Gullivers Reisen Wien;Gullivers Reisen Wien;GULL WIEN;GULL WIEN;GULL WIEN;GULL WIEN;21845;;1900-01-01;2012-08-15;60
ch:1:sboid:101669;101669;360 AB Stockholm             O;360 AB Stockholm             O;360 AB Stockholm             O;360 AB Stockholm             O;360 AB;360 AB;360 AB;360 AB;21847;;1900-01-01;2014-04-30;60
ch:1:sboid:101670;101670;Vai e Via Bozen              O;Vai e Via Bozen              O;Vai e Via Bozen              O;Vai e Via Bozen              O;VAI BOZEN;VAI BOZEN;VAI BOZEN;VAI BOZEN;21848;;1900-01-01;2012-08-15;60
ch:1:sboid:100076;100076;Basler Verkehrsbetriebe Linie 14;Basler Verkehrsbetriebe Linie 14;Basler Verkehrsbetriebe Linie 14;Basler Verkehrsbetriebe Linie 14;BLT/BV;BLT/BV;BLT/BV;BLT/BV;99;;1900-01-01;2003-05-31;10
ch:1:sboid:101514;101514;Club Lausanne                O;Club Lausanne                O;Club Lausanne                O;Club Lausanne                O;CLUB LS;CLUB LS;CLUB LS;CLUB LS;21657;;1900-01-01;2006-04-30;60
ch:1:sboid:101517;101517;Mediorama Winterthur         O;Mediorama Winterthur         O;Mediorama Winterthur         O;Mediorama Winterthur         O;MEDIO;MEDIO;MEDIO;MEDIO;21661;;1900-01-01;2003-12-31;60
ch:1:sboid:101520;101520;Sinici Rorschach             O;Sinici Rorschach             O;Sinici Rorschach             O;Sinici Rorschach             O;SINICI RS;SINICI RS;SINICI RS;SINICI RS;21664;;1900-01-01;2003-06-24;60
ch:1:sboid:101523;101523;Wittwer Neuchâtel            O;Wittwer Neuchâtel            O;Wittwer Neuchâtel            O;Wittwer Neuchâtel            O;WITTWER;WITTWER;WITTWER;WITTWER;21667;;1900-01-01;1999-02-28;60
ch:1:sboid:101526;101526;Culture Air Travel Genève  O;Culture Air Travel Genève  O;Culture Air Travel Genève  O;Culture Air Travel Genève  O;CULT AI GE;CULT AI GE;CULT AI GE;CULT AI GE;21670;;1900-01-01;2004-12-31;60
ch:1:sboid:101529;101529;Switzerland Sweet Home MoscowO;Switzerland Sweet Home MoscowO;Switzerland Sweet Home MoscowO;Switzerland Sweet Home MoscowO;SWIT SWEET;SWIT SWEET;SWIT SWEET;SWIT SWEET;21673;;1900-01-01;2015-05-31;60
ch:1:sboid:101530;101530;Fantazia Svit Kiev           O;Fantazia Svit Kiev           O;Fantazia Svit Kiev           O;Fantazia Svit Kiev           O;FANTA KIEV;FANTA KIEV;FANTA KIEV;FANTA KIEV;21674;;1900-01-01;2009-05-31;60
ch:1:sboid:101531;101531;MyTravel Stockholm           O;MyTravel Stockholm           O;MyTravel Stockholm           O;MyTravel Stockholm           O;MYTRAV ST;MYTRAV ST;MYTRAV ST;MYTRAV ST;21676;;1900-01-01;2006-12-31;60
ch:1:sboid:101533;101533;TQ3 Travel Mechelen          O;TQ3 Travel Mechelen          O;TQ3 Travel Mechelen          O;TQ3 Travel Mechelen          O;TQ3 MECHEL;TQ3 MECHEL;TQ3 MECHEL;TQ3 MECHEL;21678;;1900-01-01;2007-01-31;60
ch:1:sboid:101536;101536;PostAuto Schweiz Bern        O;PostAuto Schweiz Bern        O;PostAuto Schweiz Bern        O;PostAuto Schweiz Bern        O;PAG BN;PAG BN;PAG BN;PAG BN;21681;;1900-01-01;2009-05-31;60
ch:1:sboid:101540;101540;Rosati Winterthur            O;Rosati Winterthur            O;Rosati Winterthur            O;Rosati Winterthur            O;ROSATI W;ROSATI W;ROSATI W;ROSATI W;21686;;1900-01-01;2012-08-15;60
ch:1:sboid:101541;101541;Celli Dietikon Bahnhofstr    O;Celli Dietikon Bahnhofstr    O;Celli Dietikon Bahnhofstr    O;Celli Dietikon Bahnhofstr    O;CELLI DIET;CELLI DIET;CELLI DIET;CELLI DIET;21687;;1900-01-01;2009-06-30;60
ch:1:sboid:101545;101545;Kuoni Zürich TO              O;Kuoni Zürich TO              O;Kuoni Zürich TO              O;Kuoni Zürich TO              O;KUONI ZH T;KUONI ZH T;KUONI ZH T;KUONI ZH T;21691;;1900-01-01;2015-05-31;60
ch:1:sboid:101672;101672;Benetour Aosta               O;Benetour Aosta               O;Benetour Aosta               O;Benetour Aosta               O;BENE AOSTA;BENE AOSTA;BENE AOSTA;BENE AOSTA;21850;;1900-01-01;2015-05-31;60
ch:1:sboid:101675;101675;Reisecenter Plus AG;Reisecenter Plus AG;Reisecenter Plus AG;Reisecenter Plus AG;REISE PLUS;REISE PLUS;REISE PLUS;REISE PLUS;21853;;1900-01-01;2015-05-31;60
ch:1:sboid:101697;101697;Unterbruch DDB-P gelöscht neu 09990;Unterbruch DDB-P gelöscht neu 09990;Unterbruch DDB-P gelöscht neu 09990;Unterbruch DDB-P gelöscht neu 09990;Unterb....;Unterb....;Unterb....;Unterb....;99990;;1900-01-01;1994-08-02;99
ch:1:sboid:101247;101247;Compagnie internationale des Wagons-Lits et du Tourisme;Compagnie internationale des Wagons-Lits et du Tourisme;Compagnie internationale des Wagons-Lits et du Tourisme;Compagnie internationale des Wagons-Lits et du Tourisme;-ISG-;-ISG-;-ISG-;-ISG-;9902;;1900-01-01;2001-06-30;95
ch:1:sboid:101248;101248;Deutsche Service-Gesellschaft der Bahn;Deutsche Service-Gesellschaft der Bahn;Deutsche Service-Gesellschaft der Bahn;Deutsche Service-Gesellschaft der Bahn;-DSG-;-DSG-;-DSG-;-DSG-;9903;;1900-01-01;2001-06-30;95
ch:1:sboid:101249;101249;Schlafwagen- und Speisewagen-Gesellschaft Tschechien;Schlafwagen- und Speisewagen-Gesellschaft Tschechien;Schlafwagen- und Speisewagen-Gesellschaft Tschechien;Schlafwagen- und Speisewagen-Gesellschaft Tschechien;-JLV-;-JLV-;-JLV-;-JLV-;9904;;1900-01-01;2001-06-30;95
ch:1:sboid:101250;101250;Minibuffet AG;Minibuffet AG;Minibuffet AG;Minibuffet AG;-MB-;-MB-;-MB-;-MB-;9905;;1900-01-01;2001-06-30;95
ch:1:sboid:101251;101251;AGAPE, Ristorazione Ferroviaria Italia;AGAPE, Ristorazione Ferroviaria Italia;AGAPE, Ristorazione Ferroviaria Italia;AGAPE, Ristorazione Ferroviaria Italia;-AGA-;-AGA-;-AGA-;-AGA-;9906;;1900-01-01;2001-06-30;95
ch:1:sboid:101252;101252;MITROPA, Mitteleuropäische Schlafwagen und Speisewagen;MITROPA, Mitteleuropäische Schlafwagen und Speisewagen;MITROPA, Mitteleuropäische Schlafwagen und Speisewagen;MITROPA, Mitteleuropäische Schlafwagen und Speisewagen;-MIT-;-MIT-;-MIT-;-MIT-;9907;;1900-01-01;2001-06-30;95
ch:1:sboid:101253;101253;McDonald's Suisse SA;McDonald's Suisse SA;McDonald's Suisse SA;McDonald's Suisse SA;-McD-;-McD-;-McD-;-McD-;9908;;1900-01-01;2001-06-30;95
ch:1:sboid:101254;101254;Sercolsa, Espagna;Sercolsa, Espagna;Sercolsa, Espagna;Sercolsa, Espagna;-SER-;-SER-;-SER-;-SER-;9909;;1900-01-01;2001-06-30;95
ch:1:sboid:101255;101255;Schlafwagen- und Speisewagen-Gesellschaft Ungarn;Schlafwagen- und Speisewagen-Gesellschaft Ungarn;Schlafwagen- und Speisewagen-Gesellschaft Ungarn;Schlafwagen- und Speisewagen-Gesellschaft Ungarn;-UV-;-UV-;-UV-;-UV-;9910;;1900-01-01;2001-06-30;95
ch:1:sboid:101266;101266;ACAPA SCHINZNACH DORF        O;ACAPA SCHINZNACH DORF        O;ACAPA SCHINZNACH DORF        O;ACAPA SCHINZNACH DORF        O;ACAPA;ACAPA;ACAPA;ACAPA;21301;;1900-01-01;1998-08-21;60
ch:1:sboid:101267;101267;UNIVERSAL GENEVE             O;UNIVERSAL GENEVE             O;UNIVERSAL GENEVE             O;UNIVERSAL GENEVE             O;UNIVER GE;UNIVER GE;UNIVER GE;UNIVER GE;21302;;1900-01-01;1998-08-21;60
ch:1:sboid:101547;101547;Made to Measure Chichester   O;Made to Measure Chichester   O;Made to Measure Chichester   O;Made to Measure Chichester   O;MADE MEA;MADE MEA;MADE MEA;MADE MEA;21693;;1900-01-01;2014-04-30;60
ch:1:sboid:101550;101550;BN_ESG_RB_I1                 O;BN_ESG_RB_I1                 O;BN_ESG_RB_I1                 O;BN_ESG_RB_I1                 O;BNESG_RBI1;BNESG_RBI1;BNESG_RBI1;BNESG_RBI1;21697;;1900-01-01;2003-12-31;95
ch:1:sboid:101551;101551;BERN TUP-3                   O;BERN TUP-3                   O;BERN TUP-3                   O (FC/VK Testraum P Bern);BERN TUP-3                   O;BERN TUP-3;BERN TUP-3;BERN TUP-3;BERN TUP-3;21698;;1900-01-01;1998-08-21;95
ch:1:sboid:100540;100540;Transports Publics de la Région Nyonnaise;Transports Publics de la Région Nyonnaise;Transports Publics de la Région Nyonnaise;Transports Publics de la Région Nyonnaise;TPN;TPN;TPN;TPN;738;;1900-01-01;2099-12-31;30
ch:1:sboid:100927;100927;GYSEV 1 (MAV);GYSEV 1 (MAV);GYSEV 1 (MAV);GYSEV 1 (MAV);GYSEV 1  $;GYSEV 1  $;GYSEV 1  $;GYSEV 1  $;1955;;1900-01-01;2007-05-31;95
ch:1:sboid:100929;100929;ATTICA BSF (BlueStar-Ferries);ATTICA BSF (BlueStar-Ferries);ATTICA BSF (BlueStar-Ferries);ATTICA BSF (BlueStar-Ferries);ATT BSF  $;ATT BSF  $;ATT BSF  $;ATT BSF  $;1964;;1900-01-01;2005-12-31;95
ch:1:sboid:100930;100930;SeaFrance  (Calais-Dover);SeaFrance  (Calais-Dover);SeaFrance  (Calais-Dover);SeaFrance  (Calais-Dover);SeaFr    $;SeaFr    $;SeaFr    $;SeaFr    $;1966;;1900-01-01;2007-05-31;95
ch:1:sboid:100931;100931;BR 1 Gatwick-Express;BR 1 Gatwick-Express;BR 1 Gatwick-Express;BR 1 Gatwick-Express;BR 1     $;BR 1     $;BR 1     $;BR 1     $;1970;;1900-01-01;2005-08-31;95
ch:1:sboid:100932;100932;TRAS Mediterranea Algeciras-Tanger;TRAS Mediterranea Algeciras-Tanger;TRAS Mediterranea Algeciras-Tanger;TRAS Mediterranea Algeciras-Tanger;TRAS     $;TRAS     $;TRAS     $;TRAS     $;1971;;1900-01-01;2002-12-31;95
ch:1:sboid:100933;100933;Silja Line Stockholm-Helsinki/Turku;Silja Line Stockholm-Helsinki/Turku;Silja Line Stockholm-Helsinki/Turku;Silja Line Stockholm-Helsinki/Turku;Silja L  $;Silja L  $;Silja L  $;Silja L  $;1974;;1900-01-01;2002-12-31;95
ch:1:sboid:100934;100934;NSB Bus Fauske - Narvik;NSB Bus Fauske - Narvik;NSB Bus Fauske - Narvik;NSB Bus Fauske - Narvik;NSB Bus  $;NSB Bus  $;NSB Bus  $;NSB Bus  $;1976;;1900-01-01;2005-12-31;95
ch:1:sboid:100937;100937;AdN-HML Brindisi-Corfou/Igoume/Patras;AdN-HML Brindisi-Corfou/Igoume/Patras;AdN-HML Brindisi-Corfou/Igoume/Patras;AdN-HML Brindisi-Corfou/Igoume/Patras;AdN-HML  $;AdN-HML  $;AdN-HML  $;AdN-HML  $;1983;;1900-01-01;2001-06-09;95
ch:1:sboid:101268;101268;ALBIS ZÜRICH                 O;ALBIS ZÜRICH                 O;ALBIS ZÜRICH                 O;ALBIS ZÜRICH                 O;ALBIS ZUE;ALBIS ZUE;ALBIS ZUE;ALBIS ZUE;21303;;1900-01-01;1998-08-21;60
ch:1:sboid:101269;101269;ALLIANCE ZUERICH             O;ALLIANCE ZUERICH             O;ALLIANCE ZUERICH             O;ALLIANCE ZUERICH             O;ALLIAN ZUE;ALLIAN ZUE;ALLIAN ZUE;ALLIAN ZUE;21304;;1900-01-01;1998-08-21;60
ch:1:sboid:101270;101270;AQUA LA NEUVEVILLE           O;AQUA LA NEUVEVILLE           O;AQUA LA NEUVEVILLE           O;AQUA LA NEUVEVILLE           O;AQUA NV;AQUA NV;AQUA NV;AQUA NV;21305;;1900-01-01;1998-08-21;60
ch:1:sboid:101271;101271;Bachmann Uznach              O;Bachmann Uznach              O;Bachmann Uznach              O;Bachmann Uznach              O;BACH UZ;BACH UZ;BACH UZ;BACH UZ;21306;;1900-01-01;2008-12-31;60
ch:1:sboid:100466;100466;Erlös Infrastruktur-Management;Erlös Infrastruktur-Management;Erlös Infrastruktur-Management;Erlös Infrastruktur-Management;Erlös IM;Erlös IM;Erlös IM;Erlös IM;563;;1900-01-01;2011-12-31;95
ch:1:sboid:100467;100467;Erlös Bau;Erlös Bau;Erlös Bau;Erlös Bau;Erlös BT;Erlös BT;Erlös BT;Erlös BT;564;;1900-01-01;2011-12-31;95
ch:1:sboid:100468;100468;Erlös Material und Einkauf;Erlös Material und Einkauf;Erlös Material und Einkauf;Erlös Material und Einkauf;Erlös ME;Erlös ME;Erlös ME;Erlös ME;565;;1900-01-01;2011-12-31;95
ch:1:sboid:100469;100469;Erlös Telecom;Erlös Telecom;Erlös Telecom;Erlös Telecom;Erlös TC;Erlös TC;Erlös TC;Erlös TC;566;;1900-01-01;2011-12-31;95
ch:1:sboid:100470;100470;Bahnhofmarkt;Bahnhofmarkt;Bahnhofmarkt;Bahnhofmarkt;Bhf-Markt;Bhf-Markt;Bhf-Markt;Bhf-Markt;567;;1900-01-01;2011-12-31;95
ch:1:sboid:100473;100473;Communauté tarifaire vaudoise 3 (billets);Communauté tarifaire vaudoise 3 (billets);Communauté tarifaire vaudoise 3 (billets;Communauté tarifaire vaudoise 3 (billets);CTV3;CTV3;CTV3;CTV3;570;;1900-01-01;2009-08-07;51
ch:1:sboid:100474;100474;Communauté tarifaire vaudoise 4 (abos);Communauté tarifaire vaudoise 4 (abos);Communauté tarifaire vaudoise 4 (abos);Communauté tarifaire vaudoise 4 (abos);CTV4;CTV4;CTV4;CTV4;571;;1900-01-01;2009-08-07;51
ch:1:sboid:100475;100475;Comunità Tariffale Ticino e Moesano 2 (biglietti);Comunità Tatiffale Ticino e Moesano 2 (biglietti);Comunità Tariffale Ticino e Moesano 2 (biglietti);Comunità Tariffale Ticino e Moesano 2 (biglietti);CTTI2;CTTI2;CTTI2;CTTI2;572;;1900-01-01;2009-08-07;51
ch:1:sboid:100476;100476;Comunità Tariffale Ticino e Moesano 3 (abo);Comunità Tatiffale Ticino e Moesano 3 (abo);Comunità Tariffale Ticino e Moesano 3 (abo);Comunità Tariffale Ticino e Moesano 3 (abo);CTTI3;CTTI3;CTTI3;CTTI3;573;;1900-01-01;2009-08-07;51
ch:1:sboid:100478;100478;Wallie;Wallie;Wallie;Wallie;Wallie;Wallie;Wallie;Wallie;575;;1900-01-01;2012-05-31;95
ch:1:sboid:101272;101272;BICHSEL SCHAFFHAUSEN         O;BICHSEL SCHAFFHAUSEN         O;BICHSEL SCHAFFHAUSEN         O;BICHSEL SCHAFFHAUSEN         O;BICHSEL SH;BICHSEL SH;BICHSEL SH;BICHSEL SH;21307;;1900-01-01;1998-09-04;60
ch:1:sboid:100938;100938;SBB-Werbekostenanteile XEU;SBB-Werbekostenanteile XEU;SBB-Werbekostenanteile XEU;SBB-Werbekostenanteile XEU;SBBW XEU$;SBBW XEU$;SBBW XEU$;SBBW XEU$;1985;;1900-01-01;1996-08-02;95
ch:1:sboid:100958;100958;Télé-Villars-Gryon SA;Télé-Villars-Gryon SA;Télé-Villars-Gryon SA;Télé-Villars-Gryon SA;TVG-tccc;TVG-tccc;TVG-tccc;TVG-tccc;3017;;1900-01-01;2015-12-12;12
ch:1:sboid:100964;100964;Télémorgins;Télémorgins;Télémorgins;Télémorgins;TM;TM;TM;TM;3023;;1900-01-01;2013-05-31;12
ch:1:sboid:100968;100968;Téléphériques Bruson-La Côt;Téléphériques Bruson-La Côt;Téléphériques Bruson-La Côt;Téléphériques Bruson-La Côt;TBLC;TBLC;TBLC;TBLC;3027;;1900-01-01;2010-12-11;12
ch:1:sboid:100976;100976;Seilbahn Rickenbach-Rotenfluh/Rotenfluebahn Mythenregion;Seilbahn Rickenbach-Rotenfluh/Rotenfluebahn Mythenregion;Seilbahn Rickenbach-Rotenfluh/Rotenfluebahn Mythenregion;Seilbahn Rickenbach-Rotenfluh/Rotenfluebahn Mythenregion;SRR;SRR;SRR;SRR;3035;;1900-01-01;2014-05-31;12
ch:1:sboid:100996;100996;Luftseilbahn Grächen-Hannigalp;Luftseilbahn Grächen-Hannigalp;Luftseilbahn Grächen-Hannigalp;Luftseilbahn Grächen-Hannigalp;LGH;LGH;LGH;LGH;3055;;1900-01-01;2010-12-11;12
ch:1:sboid:100999;100999;Luftseilbahnen Saas Grund-Kreuzboden;Luftseilbahnen Saas Grund-Kreuzboden;Luftseilbahnen Saas Grund-Kreuzboden;Luftseilbahnen Saas Grund-Kreuzboden;LSGK.;LSGK.;LSGK.;LSGK.;3058;;1900-01-01;2010-12-11;12
ch:1:sboid:101002;101002;Sesselbahn Mühlebach-Chäserstatt-Schäre;Sesselbahn Mühlebach-Chäserstatt-Schäre;Sesselbahn Mühlebach-Chäserstatt-Schäre;Sesselbahn Mühlebach-Chäserstatt-Schäre;SMCS;SMCS;SMCS;SMCS;3061;;1900-01-01;2013-05-31;12
ch:1:sboid:101005;101005;Bergbahnen Obergoms AG;Bergbahnen Obergoms AG;Bergbahnen Obergoms AG;Bergbahnen Obergoms AG;BBOG-suh;BBOG-suh;BBOG-suh;BBOG-suh;3064;;1900-01-01;2013-05-31;12
ch:1:sboid:100084;100084;Blonay-Les Pleiades;Blonay-Les Pleiades;Blonay-Les Pleiades;Blonay-Les Pleiades;BP;BP;BP;BP;110;;1900-01-01;2001-10-25;10
ch:1:sboid:100132;100132;GN res;GN res;GN res;GN res;GN res;GN res;GN res;GN res;161;;1900-01-01;2001-10-25;95
ch:1:sboid:100137;100137;Test Basler Verkehrsbetriebe Linie 14;Test Basler Verkehrsbetriebe Linie 14;Test Basler Verkehrsbetriebe Linie 14;Test Basler Verkehrsbetriebe Linie 14;TestBLT/BV;TestBLT/BV;TestBLT/BV;TestBLT/BV;170;;1900-01-01;1999-02-04;10
ch:1:sboid:100200;100200;Rougemont-La Videmanette;Rougemont-La Videmanette;Rougemont-La Videmanette;Rougemont-La Videmanette;TRV;TRV;TRV;TRV;242;;1900-01-01;2009-12-12;10
ch:1:sboid:100218;100218;Bergbahnen Destination Gstaad AG (she);Bergbahnen Destination Gstaad AG (she);Bergbahnen Destination Gstaad AG (she);Bergbahnen Destination Gstaad AG (she);BDGAG-she;BDGAG-she;BDGAG-she;BDGAG-she;260;;1900-01-01;2009-12-12;10
ch:1:sboid:101554;101554;International Rail Ropley    O;International Rail Ropley    O;International Rail Ropley    O;International Rail Ropley    O;INTER RAIL;INTER RAIL;INTER RAIL;INTER RAIL;21701;;1900-01-01;2015-05-31;60
ch:1:sboid:101274;101274;Capricom Ilanz               O;Capricom Ilanz               O;Capricom Ilanz               O;Capricom Ilanz               O;CAPRI ILZ;CAPRI ILZ;CAPRI ILZ;CAPRI ILZ;21309;;1900-01-01;2005-12-31;60
ch:1:sboid:101275;101275;Concorde Basel               O;Concorde Basel               O;Concorde Basel               O;Concorde Basel               O;CONCO BS;CONCO BS;CONCO BS;CONCO BS;21310;;1900-01-01;2005-12-31;60
ch:1:sboid:101276;101276;COTE MARTIGNY                O;COTE MARTIGNY                O;COTE MARTIGNY                O;COTE MARTIGNY                O;COTE MA;COTE MA;COTE MA;COTE MA;21311;;1900-01-01;1998-08-21;60
ch:1:sboid:101277;101277;CUPPI LANDQUART              O;CUPPI LANDQUART              O;CUPPI LANDQUART              O;CUPPI LANDQUART              O;CUPPI LQ;CUPPI LQ;CUPPI LQ;CUPPI LQ;21312;;1900-01-01;1998-05-01;60
ch:1:sboid:101278;101278;DECO GENEVE                  O;DECO GENEVE                  O;DECO GENEVE                  O;DECO GENEVE                  O;DECO GE;DECO GE;DECO GE;DECO GE;21313;;1900-01-01;1998-08-21;60
ch:1:sboid:101279;101279;Divi Cham                    O;Divi Cham                    O;Divi Cham                    O;Divi Cham                    O;DIVI CHAM;DIVI CHAM;DIVI CHAM;DIVI CHAM;21314;;1900-01-01;2006-04-30;60
ch:1:sboid:101280;101280;EDI LENGNAU BE               O;EDI LENGNAU BE               O;EDI LENGNAU BE               O;EDI LENGNAU BE               O;EDI LENG;EDI LENG;EDI LENG;EDI LENG;21315;;1900-01-01;1998-11-10;60
ch:1:sboid:101281;101281;Emmental Sumiswald           O;Emmental Sumiswald           O;Emmental Sumiswald           O;Emmental Sumiswald           O;EMME SWG;EMME SWG;EMME SWG;EMME SWG;21316;;1900-01-01;2005-12-31;60
ch:1:sboid:101067;101067;Sesselbahn Buechen-Färch;Sesselbahn Buechen-Färch;Sesselbahn Buechen-Färch;Sesselbahn Buechen-Färch;SBF;SBF;SBF;SBF;3127;;1900-01-01;2008-07-02;12
ch:1:sboid:101074;101074;Sesselbahn Malbun-Vaduzer Täli;Sesselbahn Malbun-Vaduzer Täli;Sesselbahn Malbun-Vaduzer Täli;Sesselbahn Malbun-Vaduzer Täli;SMVT;SMVT;SMVT;SMVT;3134;;1900-01-01;2006-12-09;12
ch:1:sboid:101084;101084;Luftseilbahn Strelapass-Hauptertäli;Luftseilbahn Strelapass-Hauptertäli;Luftseilbahn Strelapass-Hauptertäli;Luftseilbahn Strelapass-Hauptertäli;LStH/P;LStH/P;LStH/P;LStH/P;3144;;1900-01-01;2010-05-31;12
ch:1:sboid:100552;100552;Autokurse Schongau-Hitzkirch;Autokurse Schongau-Hitzkirch;Autokurse Schongau-Hitzkirch;Autokurse Schongau-Hitzkirch;ASH;ASH;ASH;ASH;750;;1900-01-01;2001-06-09;30
ch:1:sboid:100553;100553;Busbetrieb Uitikon;Busbetrieb Uitikon;Busbetrieb Uitikon;Busbetrieb Uitikon;BBU;BBU;BBU;BBU;751;;1900-01-01;2001-12-31;32
ch:1:sboid:101289;101289;FUCHS ARBON                  O;FUCHS ARBON                  O;FUCHS ARBON                  O;FUCHS ARBON                  O;FUCHS ARB;FUCHS ARB;FUCHS ARB;FUCHS ARB;21324;;1900-01-01;1998-08-21;60
ch:1:sboid:101290;101290;GABBINO LUGANO               O;GABBINO LUGANO               O;GABBINO LUGANO               O;GABBINO LUGANO               O;GABB LG;GABB LG;GABB LG;GABB LG;21325;;1900-01-01;1998-11-10;60
ch:1:sboid:101292;101292;GERIBERZ WETTINGEN           O;GERIBERZ WETTINGEN           O;GERIBERZ WETTINGEN           O;GERIBERZ WETTINGEN           O;GERIB WE;GERIB WE;GERIB WE;GERIB WE;21327;;1900-01-01;1998-11-10;60
ch:1:sboid:101293;101293;GIOVANI LUGANO               O;GIOVANI LUGANO               O;GIOVANI LUGANO               O;GIOVANI LUGANO               O;GIOVA LG;GIOVA LG;GIOVA LG;GIOVA LG;21328;;1900-01-01;1998-08-21;60
ch:1:sboid:101294;101294;GLOBETROTTER BERN            O;GLOBETROTTER BERN            O;GLOBETROTTER BERN            O;GLOBETROTTER BERN            O;GLOBE BN;GLOBE BN;GLOBE BN;GLOBE BN;21329;;1900-01-01;1998-08-21;60
ch:1:sboid:101295;101295;Glur Basel                   O;Glur Basel                   O;Glur Basel                   O;Glur Basel                   O;GLUR BS;GLUR BS;GLUR BS;GLUR BS;21330;;1900-01-01;2006-04-30;60
ch:1:sboid:101297;101297;GURTNER BIEL/BIENNE          O;GURTNER BIEL/BIENNE          O;GURTNER BIEL/BIENNE          O;GURTNER BIEL/BIENNE          O;GURTNER BI;GURTNER BI;GURTNER BI;GURTNER BI;21332;;1900-01-01;1998-11-10;60
ch:1:sboid:101298;101298;HORS FRONTIERE PAYERNE       O;HORS FRONTIERE PAYERNE       O;HORS FRONTIERE PAYERNE       O;HORS FRONTIERE PAYERNE       O;HORS PAY;HORS PAY;HORS PAY;HORS PAY;21333;;1900-01-01;1998-11-10;60
ch:1:sboid:101299;101299;IBUSZ ZUERICH                O;IBUSZ ZUERICH                O;IBUSZ ZUERICH                O;IBUSZ ZUERICH                O;IBUSZ ZUE;IBUSZ ZUE;IBUSZ ZUE;IBUSZ ZUE;21334;;1900-01-01;1998-08-21;60
ch:1:sboid:101301;101301;Immer Niederhasli            O;Immer Niederhasli            O;Immer Niederhasli            O;Immer Niederhasli            O;IMMER;IMMER;IMMER;IMMER;21336;;1900-01-01;1999-03-31;60
ch:1:sboid:101302;101302;INDERMUEHLE ZURZACH          O;INDERMUEHLE ZURZACH          O;INDERMUEHLE ZURZACH          O;INDERMUEHLE ZURZACH          O;INDER ZZ;INDER ZZ;INDER ZZ;INDER ZZ;21337;;1900-01-01;1998-11-10;60
ch:1:sboid:101303;101303;Ighi Zürich                  O;Ighi Zürich                  O;Ighi Zürich                  O;Ighi Zürich                  O;IGHI ZUE;IGHI ZUE;IGHI ZUE;IGHI ZUE;21338;;1900-01-01;2003-04-01;60
ch:1:sboid:101304;101304;JO MURTEN                    O;JO MURTEN                    O;JO MURTEN                    O;JO MURTEN                    O;JO MRT;JO MRT;JO MRT;JO MRT;21339;;1900-01-01;1998-11-10;60
ch:1:sboid:101373;101373;Charter Genève               O;Charter Genève               O;Charter Genève               O;Charter Genève               O;CHARTER;CHARTER;CHARTER;CHARTER;21508;;1900-01-01;2011-01-31;60
ch:1:sboid:101374;101374;Hermes Reisen Horw           O;Hermes Reisen Horw           O;Hermes Reisen Horw           O;Hermes Reisen Horw           O;HERME HORW;HERME HORW;HERME HORW;HERME HORW;21509;;1900-01-01;2005-03-15;60
ch:1:sboid:101376;101376;Argo Travel Genève           O;Argo Travel Genève           O;Argo Travel Genève           O;Argo Travel Genève           O;ARGO GE;ARGO GE;ARGO GE;ARGO GE;21511;;1900-01-01;2005-05-31;60
ch:1:sboid:101377;101377;FIFA Travel Zürich           O;FIFA Travel Zürich           O;FIFA Travel Zürich           O;FIFA Travel Zürich           O;FIFA ZH;FIFA ZH;FIFA ZH;FIFA ZH;21512;;1900-01-01;2011-06-30;60
ch:1:sboid:101378;101378;Henda Dietlikon              O;Henda Dietlikon              O;Henda Dietlikon              O;Henda Dietlikon              O;HENDA DTL;HENDA DTL;HENDA DTL;HENDA DTL;21513;;1900-01-01;2002-09-03;60
ch:1:sboid:101379;101379;Giovani Viaggi Lugano        O;Giovani Viaggi Lugano        O;Giovani Viaggi Lugano        O;Giovani Viaggi Lugano        O;GIOVANI LG;GIOVANI LG;GIOVANI LG;GIOVANI LG;21514;;1900-01-01;2002-09-03;60
ch:1:sboid:101380;101380;Insider Travel Zürich        O;Insider Travel Zürich        O;Insider Travel Zürich        O;Insider Travel Zürich        O;INSIDER ZH;INSIDER ZH;INSIDER ZH;INSIDER ZH;21515;;1900-01-01;2002-09-03;60
ch:1:sboid:101381;101381;Kolb Kilchberg ZH            O;Kolb Kilchberg ZH            O;Kolb Kilchberg ZH            O;Kolb Kilchberg ZH            O;KOLB KIL;KOLB KIL;KOLB KIL;KOLB KIL;21516;;1900-01-01;2004-05-31;60
ch:1:sboid:101382;101382;Felix Zürich Dubsstrasse     O;Felix Zürich Dubsstrasse     O;Felix Zürich Dubsstrasse     O;Felix Zürich Dubsstrasse     O;FELIX ZH;FELIX ZH;FELIX ZH;FELIX ZH;21517;;1900-01-01;2003-12-31;60
ch:1:sboid:101384;101384;Aydeniz Wil SG               O;Aydeniz Wil SG               O;Aydeniz Wil SG               O;Aydeniz Wil SG               O;AYDENIZ WI;AYDENIZ WI;AYDENIZ WI;AYDENIZ WI;21519;;1900-01-01;2003-04-01;60
ch:1:sboid:101385;101385;Basilisk Basel               O;Basilisk Basel               O;Basilisk Basel               O;Basilisk Basel               O;BASILISK;BASILISK;BASILISK;BASILISK;21520;;1900-01-01;2015-05-31;60
ch:1:sboid:101386;101386;Sahlan Basel                 O;Sahlan Basel                 O;Sahlan Basel                 O;Sahlan Basel                 O;SAHLAN BS;SAHLAN BS;SAHLAN BS;SAHLAN BS;21521;;1900-01-01;2002-10-01;60
ch:1:sboid:100697;100697;Busbetrieb BTI;Busbetrieb BTI;Busbetrieb BTI;Busbetrieb BTI;BTI Auto;BTI Auto;BTI Auto;BTI Auto;898;;1900-01-01;1998-06-30;30
ch:1:sboid:100713;100713;Rückstellung Velo-Mieten;Rückstellung Velo-Mieten;Rückstellung Velo-Mieten;Rückstellung Velo-Mieten;R-Velo;R-Velo;R-Velo;R-Velo;914;;1900-01-01;2003-01-31;95
ch:1:sboid:100716;100716;Railtour Bern;Railtour Bern;Railtour Bern;Railtour Bern;RT Bern;RT Bern;RT Bern;RT Bern;917;;1900-01-01;2011-12-31;95
ch:1:sboid:101305;101305;KIRA BADEN                   O;KIRA BADEN                   O;KIRA BADEN                   O;KIRA BADEN                   O;KIRA BD;KIRA BD;KIRA BD;KIRA BD;21340;;1900-01-01;1998-08-21;60
ch:1:sboid:101306;101306;KLOPFENSTEIN MURTEN          O;KLOPFENSTEIN MURTEN          O;KLOPFENSTEIN MURTEN          O;KLOPFENSTEIN MURTEN          O;KLOPF MRT;KLOPF MRT;KLOPF MRT;KLOPF MRT;21341;;1900-01-01;1998-08-21;60
ch:1:sboid:101307;101307;KOENIG REINACH BL            O;KOENIG REINACH BL            O;KOENIG REINACH BL            O;KOENIG REINACH BL            O;KOENIG R;KOENIG R;KOENIG R;KOENIG R;21342;;1900-01-01;1998-11-10;60
ch:1:sboid:100554;100554;Ortsbus Adliswil;Ortsbus Adliswil;Ortsbus Adliswil;Ortsbus Adliswil;OBA;OBA;OBA;OBA;752;;1900-01-01;2001-12-31;32
ch:1:sboid:100555;100555;Ortsbus Bülach;Ortsbus Bülach;Ortsbus Bülach;Ortsbus Bülach;OBB;OBB;OBB;OBB;753;;1900-01-01;1999-03-31;32
ch:1:sboid:100556;100556;Ortsbus Erlenbach ZH;Ortsbus Erlenbach ZH;Ortsbus Erlenbach ZH;Ortsbus Erlenbach ZH;OBE;OBE;OBE;OBE;754;;1900-01-01;1999-03-31;32
ch:1:sboid:100558;100558;Autobus Glattfelden;Autobus Glattfelden;Autobus Glattfelden;Autobus Glattfelden;ABG;ABG;ABG;ABG;756;;1900-01-01;2001-12-31;95
ch:1:sboid:100559;100559;Ortsbus Horgen;Ortsbus Horgen;Ortsbus Horgen;Ortsbus Horgen;OBH;OBH;OBH;OBH;757;;1900-01-01;2001-12-31;32
ch:1:sboid:100560;100560;Busbetrieb Kilchberg ZH;Busbetrieb Kilchberg ZH;Busbetrieb Kilchberg ZH;Busbetrieb Kilchberg ZH;BBK;BBK;BBK;BBK;758;;1900-01-01;2001-12-31;95
ch:1:sboid:100561;100561;Busbetrieb Wädenswil;Busbetrieb Wädenswil;Busbetrieb Wädenswil;Busbetrieb Wädenswil;BBW;BBW;BBW;BBW;759;;1900-01-01;2001-12-31;32
ch:1:sboid:100562;100562;Busbetrieb Zollikerberg-Oberhueb;Busbetrieb Zollikerberg-Oberhueb;Busbetrieb Zollikerberg-Oberhueb;Busbetrieb Zollikerberg-Oberhueb;BZO;BZO;BZO;BZO;760;;1900-01-01;1998-05-23;95
ch:1:sboid:100563;100563;Bus Eschenbach LU-Gisikon;Bus Eschenbach LU-Gisikon;Bus Eschenbach LU-Gisikon;Bus Eschenbach LU-Gisikon;BEG;BEG;BEG;BEG;761;;1900-01-01;2001-06-09;30
ch:1:sboid:100564;100564;Automobildienste BLS AG (bubu);Automobildienste BLS AG (bubu);Automobildienste BLS AG (bubu);Automobildienste BLS AG (bubu);BLS/bubu;BLS/bubu;BLS/bubu;BLS/bubu;762;;1900-01-01;2012-09-30;30
ch:1:sboid:100565;100565;Bus Lyss-Kappelen;Bus Lyss-Kappelen;Bus Lyss-Kappelen;Bus Lyss-Kappelen;BLK;BLK;BLK;BLK;763;;1900-01-01;1994-10-13;30
ch:1:sboid:100570;100570;Autobusbetrieb Walenstadt-Walenstadtberg;Autobusbetrieb Walenstadt-Walenstadtberg;Autobusbetrieb Walenstadt-Walenstadtberg;Autobusbetrieb Walenstadt-Walenstadtberg;ABW;ABW;ABW;ABW;768;;1900-01-01;2006-12-09;30
ch:1:sboid:100571;100571;Autobus Zürich-Zollikon-Küsnacht;Autobus Zürich-Zollikon-Küsnacht;Autobus Zürich-Zollikon-Küsnacht;Autobus Zürich-Zollikon-Küsnacht;AZZK;AZZK;AZZK;AZZK;769;;1900-01-01;2001-12-31;30
ch:1:sboid:100572;100572;Verkehrsbetriebe Region Furttal;Verkehrsbetriebe Region Furttal;Verkehrsbetriebe Region Furttal;Verkehrsbetriebe Region Furttal;VBRF;VBRF;VBRF;VBRF;770;;1900-01-01;2000-05-27;30
ch:1:sboid:100787;100787;Anzahl Billette + Bruttoerheb-ungsbetrag aller Reisebüros;Anzahl Billette + Bruttoerheb-ungsbetrag aller Reisebüros;Anzahl Billette + Bruttoerheb-ungsbetrag aller Reisebüros;Anzahl Billette + Bruttoerheb-ungsbetrag aller Reisebüros;PAPPESANZ;PAPPESANZ;PAPPESANZ;PAPPESANZ;988;;1900-01-01;1997-04-30;95
ch:1:sboid:100788;100788;Provisionsbetrag aller Reisebüros;Provisionsbetrag aller Reisebüros;Provisionsbetrag aller Reisebüros;Provisionsbetrag aller Reisebüros;PAPPESPRO;PAPPESPRO;PAPPESPRO;PAPPESPRO;989;;1900-01-01;1997-04-30;95
ch:1:sboid:100789;100789;Pauschal-Abr PP-Einheitsbil / Erfassung PP-Rundfahrtbil;Pauschal-Abr PP-Einheitsbil / Erfassung PP-Rundfahrtbil;Pauschal-Abr PP-Einheitsbil / Erfassung PP-Rundfahrtbil;Pauschal-Abr PP-Einheitsbil / Erfassung PP-Rundfahrtbil;PAPPESRDF;PAPPESRDF;PAPPESRDF;PAPPESRDF;990;;1900-01-01;1997-04-30;95
ch:1:sboid:100829;100829;interner Gebrauch SBB ZfW = STB;interner Gebrauch SBB ZfW = STB;interner Gebrauch SBB ZfW = STB;interner Gebrauch SBB ZfW = STB;STB      $;STB      $;STB      $;STB      $;1037;;1900-01-01;2001-07-09;11
ch:1:sboid:100896;100896;RTM 4 Oostende-Ramsgate, Gr Jug;RTM 4 Oostende-Ramsgate, Gr Jug;RTM 4 Oostende-Ramsgate, Gr Jug;RTM 4 Oostende-Ramsgate, Gr Jug;RTM 4    $;RTM 4    $;RTM 4    $;RTM 4    $;1609;;1900-01-01;1988-01-01;95
ch:1:sboid:100898;100898;BR 3 Stansted Sky Train;BR 3 Stansted Sky Train;BR 3 Stansted Sky Train;BR 3 Stansted Sky Train;BR 3     $;BR 3     $;BR 3     $;BR 3     $;1670;;1900-01-01;2005-08-31;95
ch:1:sboid:100903;100903;SEALINK 3 Fishguard-Rosslare;SEALINK 3 Fishguard-Rosslare;SEALINK 3 Fishguard-Rosslare;SEALINK 3 Fishguard-Rosslare;SEALINK 3$;SEALINK 3$;SEALINK 3$;SEALINK 3$;1708;;1900-01-01;2002-12-31;95
ch:1:sboid:100904;100904;RTM 3 Oostende-Ramsgate, Gr Kind;RTM 3 Oostende-Ramsgate, Gr Kind;RTM 3 Oostende-Ramsgate, Gr Kind;RTM 3 Oostende-Ramsgate, Gr Kind;RTM 3    $;RTM 3    $;RTM 3    $;RTM 3    $;1709;;1900-01-01;1988-01-01;95
ch:1:sboid:100906;100906;BR 2 Manchester Airport Raillink;BR 2 Manchester Airport Raillink;BR 2 Manchester Airport Raillink;BR 2 Manchester Airport Raillink;BR 2     $;BR 2     $;BR 2     $;BR 2     $;1770;;1900-01-01;2005-08-31;95
ch:1:sboid:100912;100912;SEALINK 2 Holyhead-Dun Laoghaire;SEALINK 2 Holyhead-Dun Laoghaire;SEALINK 2 Holyhead-Dun Laoghaire;SEALINK 2 Holyhead-Dun Laoghaire;SEALINK 2$;SEALINK 2$;SEALINK 2$;SEALINK 2$;1808;;1900-01-01;2002-12-31;95
ch:1:sboid:100913;100913;RTM 2 Oostende-Ramsgate, Gr Erw;RTM 2 Oostende-Ramsgate, Gr Erw;RTM 2 Oostende-Ramsgate, Gr Erw;RTM 2 Oostende-Ramsgate, Gr Erw;RTM 2    $;RTM 2    $;RTM 2    $;RTM 2    $;1809;;1900-01-01;1988-01-01;95
ch:1:sboid:101579;101579;LTI Tours Kriens             O;LTI Tours Kriens             O;LTI Tours Kriens             O;LTI Tours Kriens             O;LTI TOURS;LTI TOURS;LTI TOURS;LTI TOURS;21735;;1900-01-01;2011-06-30;60
ch:1:sboid:101587;101587;OZAN Turizm Tesvikiye-Istanb O;OZAN Turizm Tesvikiye-Istanb O;OZAN Turizm Tesvikiye-Istanb O;OZAN Turizm Tesvikiye-Istanb O;OZAN;OZAN;OZAN;OZAN;21748;;1900-01-01;2004-06-17;60
ch:1:sboid:101588;101588;Politours Madrid             O;Politours Madrid             O;Politours Madrid             O;Politours Madrid             O;POLITOURS;POLITOURS;POLITOURS;POLITOURS;21750;;1900-01-01;2007-10-01;60
ch:1:sboid:101592;101592;Lakeside Genève              O;Lakeside Genève              O;Lakeside Genève              O;Lakeside Genève              O;LAKESIDE;LAKESIDE;LAKESIDE;LAKESIDE;21755;;1900-01-01;2015-05-31;60
ch:1:sboid:101595;101595;Caika Swiss Cl St.Petersburg O;Caika Swiss Cl St.Petersburg O;Caika Swiss Cl St.Petersburg O;Caika Swiss Cl St.Petersburg O;CAIKA SWIS;CAIKA SWIS;CAIKA SWIS;CAIKA SWIS;21759;;1900-01-01;2011-06-30;60
ch:1:sboid:101596;101596;NSB Oslo                     O;NSB Oslo                     O;NSB Oslo                     O;NSB Oslo                     O;NSB OSLO;NSB OSLO;NSB OSLO;NSB OSLO;21761;;1900-01-01;2005-05-31;60
ch:1:sboid:100481;100481;Tele2;Tele2;Tele2;Tele2;Tele2;Tele2;Tele2;Tele2;578;;1900-01-01;2012-05-31;95
ch:1:sboid:100505;100505;FFS/PAG 1 Cadenazzo - Pino transito;FFS/PAG 1 Cadenazzo - Pino transito;FFS/PAG 1 Cadenazzo - Pino transito;FFS/PAG 1 Cadenazzo - Pino transito;FFS/PAG 1;FFS/PAG 1;FFS/PAG 1;FFS/PAG 1;701;;1900-01-01;2012-12-31;95
ch:1:sboid:100517;100517;Bus Sarganserland Werdenberg;Bus Sarganserland Werdenberg;Bus Sarganserland Werdenberg;Bus Sarganserland Werdenberg;BSW;BSW;BSW;BSW;715;;1900-01-01;2013-05-31;30
ch:1:sboid:100522;100522;SVB/RBS Bremgarten-Worblaufen-Unterzollikofen;SVB/RBS Bremgarten-Worblaufen-Unterzollikofen;SVB/RBS Bremgarten-Worblaufen-Unterzollikofen;SVB/RBS Bremgarten-Worblaufen-Unterzollikofen;SVB/RBS;SVB/RBS;SVB/RBS;SVB/RBS;720;;1900-01-01;2006-12-31;30
ch:1:sboid:100526;100526;Ortsbus Gemeinde Ebikon;Ortsbus Gemeinde Ebikon;Ortsbus Gemeinde Ebikon;Ortsbus Gemeinde Ebikon;OBGE;OBGE;OBGE;OBGE;724;;1900-01-01;2009-12-31;30
ch:1:sboid:100532;100532;Association des autobus régionaux du coeur de la Côte;Association des autobus régionaux du coeur de la Côte;Association des autobus régionaux du coeur de la Côte;Association des autobus régionaux du coeur de la Côte;ARCC   FVP;ARCC   FVP;ARCC   FVP;ARCC   FVP;730;;1900-01-01;1998-01-02;30
ch:1:sboid:100534;100534;Ortsbus Wohlen AG;Ortsbus Wohlen AG;Ortsbus Wohlen AG;Ortsbus Wohlen AG;OW;OW;OW;OW;732;;1900-01-01;2009-12-31;30
ch:1:sboid:100535;100535;Busbetrieb Bischofszell-St. Pelagiberg;Busbetrieb Bischofszell-St. Pelagiberg;Busbetrieb Bischofszell-St. Pelagiberg;Busbetrieb Bischofszell-St. Pelagiberg;BBP;BBP;BBP;BBP;733;;1900-01-01;2006-12-09;30
ch:1:sboid:100536;100536;Automobildienste BLS AG (vhb Auto);Automobildienste BLS AG (vhb Auto);Automobildienste BLS AG (vhb Auto);Automobildienste BLS AG (vhb Auto);BLS/Autvhb;BLS/Autvhb;BLS/Autvhb;BLS/Autvhb;734;;1900-01-01;2012-09-30;30
ch:1:sboid:100537;100537;WilMobil/Stadtbus Wil;WilMobil/Stadtbus Wil;WilMobil/Stadtbus Wil;WilMobil/Stadtbus Wil;WIMO/sbw;WIMO/sbw;WIMO/sbw;WIMO/sbw;735;;1900-01-01;2013-05-31;30
ch:1:sboid:100541;100541;Autobetrieb Wil-Littenheid;Autobetrieb Wil-Littenheid;Autobetrieb Wil-Littenheid;Autobetrieb Wil-Littenheid;AWL;AWL;AWL;AWL;739;;1900-01-01;2005-12-31;30
ch:1:sboid:100545;100545;Ortsbus Köniz;Ortsbus Köniz;Ortsbus Köniz;Ortsbus Köniz;OBK;OBK;OBK;OBK;743;;1900-01-01;2002-12-31;30
ch:1:sboid:100547;100547;Autobus Weissbad-Brülisau;Autobus Weissbad-Brülisau;Autobus Weissbad-Brülisau;Autobus Weissbad-Brülisau;AWB;AWB;AWB;AWB;745;;1900-01-01;2001-10-31;32
ch:1:sboid:100548;100548;Regionalbus Zurzach;Regionalbus Zurzach;Regionalbus Zurzach;Regionalbus Zurzach;RBZ;RBZ;RBZ;RBZ;746;;1900-01-01;2012-05-31;30
ch:1:sboid:100549;100549;Städtlibus Lenzburg;Städtlibus Lenzburg;Städtlibus Lenzburg;Städtlibus Lenzburg;SBL;SBL;SBL;SBL;747;;1900-01-01;1999-06-30;30
ch:1:sboid:100551;100551;Autoverkehr Zweisimmen-Sparenmoos;Autoverkehr Zweisimmen-Sparenmoos;Autoverkehr Zweisimmen-Sparenmoos;Autoverkehr Zweisimmen-Sparenmoos;AZS;AZS;AZS;AZS;749;;1900-01-01;2012-09-30;30
ch:1:sboid:100692;100692;Automobildienst Matterhorn Gotthard Bahn (bvz auto);Automobildienst Matterhorn Gotthard Bahn (bvz auto);Automobildienst Matterhorn Gotthard Bahn (bvz auto);Automobildienst Matterhorn Gotthard Bahn (bvz auto);MGB/Autbv;MGB/Autbv;MGB/Autbv;MGB/Autbv;893;;1900-01-01;2012-09-30;30
ch:1:sboid:100224;100224;Fiesch-Eggishorn;Fiesch-Eggishorn;Fiesch-Eggishorn;Fiesch-Eggishorn;FE/FE;FE/FE;FE/FE;FE/FE;266;;1900-01-01;2018-06-30;45
ch:1:sboid:100013;100013;BDWM Transport (bd);BDWM Transport (bd);BDWM Transport (bd);BDWM Transport (bd);BDWM-bd;BDWM-bd;BDWM-bd;BDWM-bd;31;;1900-01-01;2018-06-30;10
ch:1:sboid:100525;100525;BDWM Transport AG;BDWM Transport AG;BDWM Transport AG;BDWM Transport AG;BDWM/rbz;BDWM/rbz;BDWM/rbz;BDWM/rbz;723;;1900-01-01;2018-06-30;30
ch:1:sboid:100525;100525;Aargau Verkehr AG;Aargau Verkehr AG;Aargau Verkehr AG;Aargau Verkehr AG;AVA/rbz;AVA/rbz;AVA/rbz;AVA/rbz;723;;2018-07-01;2099-12-31;30
ch:1:sboid:100698;100698;Aargau Verkehr AG;Aargau Verkehr AG;Aargau Verkehr AG;Aargau Verkehr AG;AVA/Autwm;AVA/Autwm;AVA/Autwm;AVA/Autwm;899;;2018-07-01;2099-12-31;30
ch:1:sboid:100568;100568;Stadtbus Chur;Stadtbus Chur;Stadtbus Chur;Stadtbus Chur;SBC;SBC;SBC;SBC;766;;1900-01-01;2018-12-08;30
ch:1:sboid:100705;100705;Rundfahrten RhB Kt Graubünden (ESG 9100);Rundfahrten RhB Kt Graubünden (ESG 9100);Rundfahrten RhB Kt Graubünden (ESG 9100);Rundfahrten RhB Kt Graubünden (ESG 9100);RhB/Rdf;RhB/Rdf;RhB/Rdf;RhB/Rdf;906;;1900-01-01;1997-05-31;95
ch:1:sboid:101366;101366;ACS Bern                     O;ACS Bern                     O;ACS Bern                     O;ACS Bern                     O;ACS BN;ACS BN;ACS BN;ACS BN;21501;;1900-01-01;2004-12-31;60
ch:1:sboid:101369;101369;Allemann Bassecourt          O;Allemann Bassecourt          O;Allemann Bassecourt          O;Allemann Bassecourt          O;ALLEMANN;ALLEMANN;ALLEMANN;ALLEMANN;21504;;1900-01-01;2007-12-31;60
ch:1:sboid:101370;101370;BH Travel Vesenaz            O;BH Travel Vesenaz            O;BH Travel Vesenaz            O;BH Travel Vesenaz            O;BH Vesenaz;BH Vesenaz;BH Vesenaz;BH Vesenaz;21505;;1900-01-01;2005-02-28;60
ch:1:sboid:101372;101372;Reiseteam Ittigen            O;Reiseteam Ittigen            O;Reiseteam Ittigen            O;Reiseteam Ittigen            O;REISETEAM;REISETEAM;REISETEAM;REISETEAM;21507;;1900-01-01;2005-04-30;60
ch:1:sboid:101597;101597;NSB Reisesenter Oslo         O;NSB Reisesenter Oslo         O;NSB Reisesenter Oslo         O;NSB Reisesenter Oslo         O;NSB REISE;NSB REISE;NSB REISE;NSB REISE;21763;;1900-01-01;2005-05-31;60
ch:1:sboid:101038;101038;Fürigenbahn;Fürigenbahn;Fürigenbahn;Fürigenbahn;FüB;FüB;FüB;FüB;3097;;1900-01-01;2006-12-09;12
ch:1:sboid:101040;101040;Luftseilbahn Brunnen-Urmiberg;Luftseilbahn Brunnen-Urmiberg;Luftseilbahn Brunnen-Urmiberg;Luftseilbahn Brunnen-Urmiberg;KlBU;KlBU;KlBU;KlBU;3100;;1900-01-01;2006-12-09;12
ch:1:sboid:101043;101043;Luftseilbahn Rickenbach-Huserenberg-Rotenfluh;Luftseilbahn Rickenbach-Huserenberg-Rotenfluh;Luftseilbahn Rickenbach-Huserenberg-Rotenfluh;Luftseilbahn Rickenbach-Huserenberg-Rotenfluh;LRHR;LRHR;LRHR;LRHR;3103;;1900-01-01;2013-11-05;12
ch:1:sboid:101044;101044;Luftseilbahngenossenschaft Illgau;Luftseilbahngenossenschaft Illgau;Luftseilbahngenossenschaft Illgau;Luftseilbahngenossenschaft Illgau;SRI Fpl;SRI Fpl;SRI Fpl;SRI Fpl;3104;;1900-01-01;2011-12-10;12
ch:1:sboid:101051;101051;Luftseilbahn Schattdorf-Haldi;Luftseilbahn Schattdorf-Haldi;Luftseilbahn Schattdorf-Haldi;Luftseilbahn Schattdorf-Haldi;LSH Fpl;LSH Fpl;LSH Fpl;LSH Fpl;3111;;1900-01-01;2011-12-10;12
ch:1:sboid:101053;101053;Sportbahnen Andermatt-Nätschen-Gütsch;Sportbahnen Andermatt-Nätschen-Gütsch;Sportbahnen Andermatt-Nätschen-Gütsch;Sportbahnen Andermatt-Nätschen-Gütsch;SANG;SANG;SANG;SANG;3113;;1900-01-01;2000-05-27;12
ch:1:sboid:101056;101056;Impianti Turistici di Risalità Cari;Impianti Turistici di Risalità Cari;Impianti Turistici di Risalità Cari;Impianti Turistici di Risalità Cari;ITRC;ITRC;ITRC;ITRC;3116;;1900-01-01;2002-12-14;12
ch:1:sboid:101057;101057;Seggiovia Leontica-Cancori;Seggiovia Leontica-Cancori;Seggiovia Leontica-Cancori;Seggiovia Leontica-Cancori;SLC;SLC;SLC;SLC;3117;;1900-01-01;2003-05-13;12
ch:1:sboid:101058;101058;Funiva Alpe Fracch-Confin Basso;Funiva Alpe Fracch-Confin Basso;Funiva Alpe Fracch-Confin Basso;Funiva Alpe Fracch-Confin Basso;FFCB;FFCB;FFCB;FFCB;3118;;1900-01-01;2007-12-08;12
ch:1:sboid:101064;101064;Imp. Turistici Monte Tamaro;Imp. Turistici Monte Tamaro;Imp. Turistici Monte Tamaro;Imp. Turistici Monte Tamaro;ITRT-fraf;ITRT-fraf;ITRT-fraf;ITRT-fraf;3124;;1900-01-01;2014-12-13;12
ch:1:sboid:101066;101066;Sesselbahn Uetliburg-Rämel;Sesselbahn Uetliburg-Rämel;Sesselbahn Uetliburg-Rämel;Sesselbahn Uetliburg-Rämel;SUeR;SUeR;SUeR;SUeR;3126;;1900-01-01;2004-12-11;12
ch:1:sboid:101621;101621;TUI Nederland                O;TUI Nederland                O;TUI Nederland                O;TUI Nederland                O;TUI NL;TUI NL;TUI NL;TUI NL;21794;;1900-01-01;2006-08-31;60
ch:1:sboid:101623;101623;Catai Tours Madrid           O;Catai Tours Madrid           O;Catai Tours Madrid           O;Catai Tours Madrid           O;CATAI;CATAI;CATAI;CATAI;21796;;1900-01-01;2007-10-01;60
ch:1:sboid:101624;101624;Transrutas Barcelona         O;Transrutas Barcelona         O;Transrutas Barcelona         O;Transrutas Barcelona         O;TRANSRUTAS;TRANSRUTAS;TRANSRUTAS;TRANSRUTAS;21798;;1900-01-01;2005-02-28;60
ch:1:sboid:101626;101626;Minotel Lausanne             O;Minotel Lausanne             O;Minotel Lausanne             O;Minotel Lausanne             O;MINOTEL LS;MINOTEL LS;MINOTEL LS;MINOTEL LS;21800;;1900-01-01;2005-05-31;60
ch:1:sboid:101627;101627;Hans Meier Zürich            O;Hans Meier Zürich            O;Hans Meier Zürich            O;Hans Meier Zürich            O;HMZ;HMZ;HMZ;HMZ;21801;;1900-01-01;2009-05-31;60
ch:1:sboid:101629;101629;RB Bühler,Hauptstr.Schramberg;RB Bühler,Hauptstr.Schramberg;RB Bühler,Hauptstr.Schramberg;RB Bühler,Hauptstr.Schramberg;RBBUE;RBBUE;RBBUE;RBBUE;21803;;1900-01-01;2012-08-15;60
ch:1:sboid:101092;101092;Sedrun Pendicularas SA;Sedrun Pendicularas SA;Sedrun Pendicularas SA;Sedrun Pendicularas SA;PSR-ssr;PSR-ssr;PSR-ssr;PSR-ssr;3154;;1900-01-01;2013-12-14;12
ch:1:sboid:101093;101093;Sesselbahn Ristis-Brunnihütte;Sesselbahn Ristis-Brunnihütte;Sesselbahn Ristis-Brunnihütte;Sesselbahn Ristis-Brunnihütte;SRB;SRB;SRB;SRB;3155;;1900-01-01;1999-05-19;12
ch:1:sboid:100590;100590;Automobilgesellschaft Gösgeramt-Olten;Automobilgesellschaft Gösgeramt-Olten;Automobilgesellschaft Gösgeramt-Olten;Automobilgesellschaft Gösgeramt-Olten;AGO;AGO;AGO;AGO;788;;1900-01-01;1999-07-01;30
ch:1:sboid:100591;100591;Busbetrieb Arth-Goldau;Busbetrieb Arth-Goldau;Busbetrieb Arth-Goldau;Busbetrieb Arth-Goldau;BAG;BAG;BAG;BAG;789;;1900-01-01;1999-10-30;30
ch:1:sboid:100592;100592;Autotransports Sion-Ovronnaz;Autotransports Sion-Ovronnaz;Autotransports Sion-Ovronnaz;Autotransports Sion-Ovronnaz;ASO;ASO;ASO;ASO;790;;1900-01-01;1999-07-31;30
ch:1:sboid:100596;100596;Städtischer Autobusbetrieb Thun;Städtischer Autobusbetrieb Thun;Städtischer Autobusbetrieb Thun;Städtischer Autobusbetrieb Thun;SAT;SAT;SAT;SAT;794;;1900-01-01;1998-06-30;30
ch:1:sboid:100600;100600;Autotransports de la Vallée de l'Orbe;Autotransports de la Vallée de l'Orbe;Autotransports de la Vallée de l'Orbe;Autotransports de la Vallée de l'Orbe;AVO;AVO;AVO;AVO;798;;1900-01-01;2003-12-31;30
ch:1:sboid:100605;100605;Automobilgesellschaft Kirchberg SG (akag);Automobilgesellschaft Kirchberg SG (akag);Automobilgesellschaft Kirchberg SG (akag);Automobilgesellschaft Kirchberg SG (akag);AKAG/akag;AKAG/akag;AKAG/akag;AKAG/akag;806;;1900-01-01;2005-12-31;30
ch:1:sboid:100607;100607;Autobetrieb Entlebuch-Gfellen;Autobetrieb Entlebuch-Gfellen;Autobetrieb Entlebuch-Gfellen;Autobetrieb Entlebuch-Gfellen;AEG;AEG;AEG;AEG;808;;1900-01-01;2001-12-31;30
ch:1:sboid:100608;100608;Autokurse Gelfingen-Schongau;Autokurse Gelfingen-Schongau;Autokurse Gelfingen-Schongau;Autokurse Gelfingen-Schongau;BGS;BGS;BGS;BGS;809;;1900-01-01;1994-05-28;30
ch:1:sboid:101711;101711;RegionAlps Bus;RegionAlps Bus;RegionAlps Bus;RegionAlps Bus;RA/bus;RA/bus;RA/bus;RA/bus;814;;2018-08-28;2099-12-31;30
ch:1:sboid:101324;101324;RW Bern                      O;RW Bern                      O;RW Bern                      O;RW Bern                      O;RW BN;RW BN;RW BN;RW BN;21359;;1900-01-01;2006-04-30;60
ch:1:sboid:101326;101326;Senator Rapperswil SG        O;Senator Rapperswil SG        O;Senator Rapperswil SG        O;Senator Rapperswil SG        O;SENATOR;SENATOR;SENATOR;SENATOR;21361;;1900-01-01;2012-04-30;60
ch:1:sboid:101327;101327;SPI NIDAU                    O;SPI NIDAU                    O;SPI NIDAU                    O;SPI NIDAU                    O;SPI NIDAU;SPI NIDAU;SPI NIDAU;SPI NIDAU;21362;;1900-01-01;1998-11-10;60
ch:1:sboid:101328;101328;TAMAM WINTERTHUR             O;TAMAM WINTERTHUR             O;TAMAM WINTERTHUR             O;TAMAM WINTERTHUR             O;TAMAM W;TAMAM W;TAMAM W;TAMAM W;21363;;1900-01-01;1998-11-10;60
ch:1:sboid:101329;101329;TSR GENEVE                   O;TSR GENEVE                   O;TSR GENEVE                   O;TSR GENEVE                   O;TSR GE;TSR GE;TSR GE;TSR GE;21364;;1900-01-01;1998-08-21;60
ch:1:sboid:101330;101330;Tourama Wabern               O;Tourama Wabern               O;Tourama Wabern               O;Tourama Wabern               O;TOURAMA;TOURAMA;TOURAMA;TOURAMA;21365;;1900-01-01;1999-01-01;60
ch:1:sboid:101469;101469;Rosenbluth Genève            O;Rosenbluth Genève            O;Rosenbluth Genève            O;Rosenbluth Genève            O;ROSENBLUTH;ROSENBLUTH;ROSENBLUTH;ROSENBLUTH;21609;;1900-01-01;2005-04-30;60
ch:1:sboid:101470;101470;Indermühle Zurzach           O;Indermühle Zurzach           O;Indermühle Zurzach           O;Indermühle Zurzach           O;INDERM ZZ;INDERM ZZ;INDERM ZZ;INDERM ZZ;21610;;1900-01-01;2006-04-30;60
ch:1:sboid:101471;101471;Imagine Meyrin               O;Imagine Meyrin               O;Imagine Meyrin               O;Imagine Meyrin               O;IMAGINE VM;IMAGINE VM;IMAGINE VM;IMAGINE VM;21611;;1900-01-01;2002-11-02;60
ch:1:sboid:101472;101472;V.I.P. Voyages Genève        O;V.I.P. Voyages Genève        O;V.I.P. Voyages Genève        O;V.I.P. Voyages Genève        O;V.I.P. GE;V.I.P. GE;V.I.P. GE;V.I.P. GE;21612;;1900-01-01;2011-01-31;60
ch:1:sboid:101473;101473;Zermatt Tours Zermatt        O;Zermatt Tours Zermatt        O;Zermatt Tours Zermatt        O;Zermatt Tours Zermatt        O;ZERMATT TO;ZERMATT TO;ZERMATT TO;ZERMATT TO;21613;;1900-01-01;2002-12-31;60
ch:1:sboid:101474;101474;Patty Tours Landeron         O;Patty Tours Landeron         O;Patty Tours Landeron         O;Patty Tours Landeron         O;PATTY LD;PATTY LD;PATTY LD;PATTY LD;21614;;1900-01-01;2002-11-02;60
ch:1:sboid:100916;100916;Viking Line Stockholm-Helsinki/Turku;Viking Line Stockholm-Helsinki/Turku;Viking Line Stockholm-Helsinki/Turku;Viking Line Stockholm-Helsinki/Turku;Viking L $;Viking L $;Viking L $;Viking L $;1874;;1900-01-01;2002-12-31;95
ch:1:sboid:101086;101086;Sesselbahnen Miraniga-Alp Stein;Sesselbahnen Miraniga-Alp Stein;Sesselbahnen Miraniga-Alp Stein;Sesselbahnen Miraniga-Alp Stein;SMAS;SMAS;SMAS;SMAS;3147;;1900-01-01;2003-12-11;12
ch:1:sboid:101088;101088;Sesselbahn Waltensburg/Vuorz-Parli;Sesselbahn Waltensburg/Vuorz-Parli;Sesselbahn Waltensburg/Vuorz-Parli;Sesselbahn Waltensburg/Vuorz-Parli;SWP;SWP;SWP;SWP;3149;;1900-01-01;1999-05-19;12
ch:1:sboid:101089;101089;Emmentalbahn GmbH;Emmentalbahn GmbH;Emmentalbahn GmbH;Emmentalbahn GmbH;ETB;ETB;ETB;ETB;3150;;1900-01-01;2015-07-22;12
ch:1:sboid:100229;100229;Reusch-Cabane-des-Diablerets;Reusch-Cabane-des-Diablerets;Reusch-Cabane-des-Diablerets;Reusch-Cabane-des-Diablerets;LRD;LRD;LRD;LRD;271;;1900-01-01;2000-05-27;12
ch:1:sboid:100242;100242;Gstaad-Wasserngrat;Gstaad-Wasserngrat;Gstaad-Wasserngrat;Gstaad-Wasserngrat;SGW;SGW;SGW;SGW;284;;1900-01-01;2002-09-03;10
ch:1:sboid:100249;100249;Wangs-Pizol;Wangs-Pizol;Wangs-Pizol;Wangs-Pizol;LSWP;LSWP;LSWP;LSWP;292;;1900-01-01;2011-05-31;10
ch:1:sboid:100252;100252;Melide-Carona;Melide-Carona;Melide-Carona;Melide-Carona;FMC;FMC;FMC;FMC;295;;1900-01-01;1993-12-31;10
ch:1:sboid:100257;100257;Verkehrsbetriebe Riederalp;Verkehrsbetriebe Riederalp;Verkehrsbetriebe Riederalp;Verkehrsbetriebe Riederalp;VBR;VBR;VBR;VBR;300;;1900-01-01;2004-12-11;12
ch:1:sboid:100259;100259;Télé-Chandolin Anniviers;Télé-Chandolin Anniviers;Télé-Chandolin Anniviers;Télé-Chandolin Anniviers;TCA;TCA;TCA;TCA;302;;1900-01-01;2000-12-31;10
ch:1:sboid:100261;100261;Bergbahnen Destination Gstaad AG (rls);Bergbahnen Destination Gstaad AG (rls);Bergbahnen Destination Gstaad AG (rls);Bergbahnen Destination Gstaad AG (rls);BDGAG-rls;BDGAG-rls;BDGAG-rls;BDGAG-rls;304;;1900-01-01;2009-12-12;10
ch:1:sboid:100274;100274;Alt St.Johann-Selamatt;Alt St.Johann-Selamatt;Alt St.Johann-Selamatt;Alt St.Johann-Selamatt;SAS;SAS;SAS;SAS;317;;1900-01-01;2009-12-12;10
ch:1:sboid:100275;100275;Téléphériques de Crans-Montana;Téléphériques de Crans-Montana;Téléphériques de Crans-Montana;Téléphériques de Crans-Montana;STCM;STCM;STCM;STCM;318;;1900-01-01;2001-06-09;10
ch:1:sboid:100277;100277;Emmetten-Stockhütte;Emmetten-Stockhütte;Emmetten-Stockhütte;Emmetten-Stockhütte;LES;LES;LES;LES;320;;1900-01-01;2001-06-09;10
ch:1:sboid:100278;100278;Téléphériques Aminona-Petit-Mt-Bonvin;Téléphériques Aminona-Petit-Mt-Bonvin;Téléphériques Aminona-Petit-Mt-Bonvin;Téléphériques Aminona-Petit-Mt-Bonvin;TAPB;TAPB;TAPB;TAPB;321;;1900-01-01;2001-06-09;10
ch:1:sboid:100573;100573;Busbetrieb Gütighausen-Thalheim-Seuzach;Busbetrieb Gütighausen-Thalheim-Seuzach;Busbetrieb Gütighausen-Thalheim-Seuzach;Busbetrieb Gütighausen-Thalheim-Seuzach;BGTS;BGTS;BGTS;BGTS;771;;1900-01-01;2000-05-27;30
ch:1:sboid:100576;100576;Busbetrieb Richterswil-Samstagern;Busbetrieb Richterswil-Samstagern;Busbetrieb Richterswil-Samstagern;Busbetrieb Richterswil-Samstagern;BRS;BRS;BRS;BRS;774;;1900-01-01;2001-12-31;30
ch:1:sboid:100577;100577;Werdenberger Bus-Betrieb;Werdenberger Bus-Betrieb;Werdenberger Bus-Betrieb;Werdenberger Bus-Betrieb;WBB;WBB;WBB;WBB;775;;1900-01-01;2012-05-31;32
ch:1:sboid:100578;100578;Busbetrieb Wiesendangen-Oberwinterthur;Busbetrieb Wiesendangen-Oberwinterthur;Busbetrieb Wiesendangen-Oberwinterthur;Busbetrieb Wiesendangen-Oberwinterthur;BWO;BWO;BWO;BWO;776;;1900-01-01;2001-12-31;30
ch:1:sboid:100029;100029;Matterhorn Gotthard Bahn (fo);Matterhorn Gotthard Bahn (fo);Matterhorn Gotthard Bahn (fo);Matterhorn Gotthard Bahn (fo);MGB-fo;MGB-fo;MGB-fo;MGB-fo;48;;1900-01-01;2099-12-31;10
ch:1:sboid:101308;101308;LM REISEN KUESNACHT ZH       O;LM REISEN KUESNACHT ZH       O;LM REISEN KUESNACHT ZH       O;LM REISEN KUESNACHT ZH       O;LM REISEN;LM REISEN;LM REISEN;LM REISEN;21343;;1900-01-01;1998-11-10;60
ch:1:sboid:101309;101309;LOHRI BRIG                   O;LOHRI BRIG                   O;LOHRI BRIG                   O;LOHRI BRIG                   O;LOHRI BR;LOHRI BR;LOHRI BR;LOHRI BR;21344;;1900-01-01;1998-08-21;60
ch:1:sboid:101310;101310;MARKETING BRIG               O;MARKETING BRIG               O;MARKETING BRIG               O;MARKETING BRIG               O;MARK BR;MARK BR;MARK BR;MARK BR;21345;;1900-01-01;1998-11-10;60
ch:1:sboid:101311;101311;Migrator Carouge GE          O;Migrator Carouge GE          O;Migrator Carouge GE          O;Migrator Carouge GE          O;MIGRATOR;MIGRATOR;MIGRATOR;MIGRATOR;21346;;1900-01-01;2015-05-31;60
ch:1:sboid:101312;101312;MILLE FACETTES GENEVE        O;MILLE FACETTES GENEVE        O;MILLE FACETTES GENEVE        O;MILLE FACETTES GENEVE        O;MILLE GE;MILLE GE;MILLE GE;MILLE GE;21347;;1900-01-01;1998-08-21;60
ch:1:sboid:101313;101313;MOLESON BULLE                O;MOLESON BULLE                O;MOLESON BULLE                O;MOLESON BULLE                O;MOLE BUL;MOLE BUL;MOLE BUL;MOLE BUL;21348;;1900-01-01;1998-08-21;60
ch:1:sboid:101314;101314;NOVA HEIMBERG                O;NOVA HEIMBERG                O;NOVA HEIMBERG                O;NOVA HEIMBERG                O;NOVA HMB;NOVA HMB;NOVA HMB;NOVA HMB;21349;;1900-01-01;1998-08-21;60
ch:1:sboid:101315;101315;NYALATREK MURI BEI BERN      O;NYALATREK MURI BEI BERN      O;NYALATREK MURI BEI BERN      O;NYALATREK MURI BEI BERN      O;NYALATREK;NYALATREK;NYALATREK;NYALATREK;21350;;1900-01-01;1998-08-21;60
ch:1:sboid:101316;101316;OFFICE TOURISME LAUSANNE     O;OFFICE TOURISME LAUSANNE     O;OFFICE TOURISME LAUSANNE     O;OFFICE TOURISME LAUSANNE     O;OFFICE LS;OFFICE LS;OFFICE LS;OFFICE LS;21351;;1900-01-01;1998-08-21;60
ch:1:sboid:101317;101317;PREISIG OBERDORF NW          O;PREISIG OBERDORF NW          O;PREISIG OBERDORF NW          O;PREISIG OBERDORF NW          O;PREIS ODNW;PREIS ODNW;PREIS ODNW;PREIS ODNW;21352;;1900-01-01;1998-08-21;60
ch:1:sboid:100921;100921;SSIF 1 Camedo trs-Domodossola;SSIF 1 Camedo trs-Domodossola;SSIF 1 Camedo trs-Domodossola;SSIF 1 Camedo trs-Domodossola;SSIF 1   $;SSIF 1   $;SSIF 1   $;SSIF 1   $;1883;;1900-01-01;2007-05-31;95
ch:1:sboid:100923;100923;SEALINK 1 Stranrae-Larne;SEALINK 1 Stranrae-Larne;SEALINK 1 Stranrae-Larne;SEALINK 1 Stranrae-Larne;SEALINK 1$;SEALINK 1$;SEALINK 1$;SEALINK 1$;1908;;1900-01-01;2002-12-31;95
ch:1:sboid:100924;100924;RTM 1 Oostende-Ramsgate, Norm Kind;RTM 1 Oostende-Ramsgate, Norm Kind;RTM 1 Oostende-Ramsgate, Norm Kind;RTM 1 Oostende-Ramsgate, Norm Kind;RTM 1    $;RTM 1    $;RTM 1    $;RTM 1    $;1909;;1900-01-01;1988-01-01;95
ch:1:sboid:101388;101388;Bischofberger Zürich         O;Bischofberger Zürich         O;Bischofberger Zürich         O;Bischofberger Zürich         O;BISCHOFBER;BISCHOFBER;BISCHOFBER;BISCHOFBER;21523;;1900-01-01;2002-11-02;60
ch:1:sboid:101389;101389;Stohl-Air Genève             O;Stohl-Air Genève             O;Stohl-Air Genève             O;Stohl-Air Genève             O;STOHL-AIR;STOHL-AIR;STOHL-AIR;STOHL-AIR;21524;;1900-01-01;2002-09-03;60
ch:1:sboid:101391;101391;IITAG Chur Prätschliweg      O;IITAG Chur Prätschliweg      O;IITAG Chur Prätschliweg      O;IITAG Chur Prätschliweg      O;IITAG CHUR;IITAG CHUR;IITAG CHUR;IITAG CHUR;21526;;1900-01-01;2003-12-31;60
ch:1:sboid:101392;101392;Tucan Zürich                 O;Tucan Zürich                 O;Tucan Zürich                 O;Tucan Zürich                 O;TUCAN ZH;TUCAN ZH;TUCAN ZH;TUCAN ZH;21527;;1900-01-01;2002-09-03;60
ch:1:sboid:101393;101393;Aerotell Basel               O;Aerotell Basel               O;Aerotell Basel               O;Aerotell Basel               O;AEROTELL;AEROTELL;AEROTELL;AEROTELL;21528;;1900-01-01;2006-12-31;60
ch:1:sboid:101394;101394;Marti/Hotelplan Bern         O;Marti/Hotelplan Bern         O;Marti/Hotelplan Bern         O;Marti/Hotelplan Bern         O;MARTI/H BN;MARTI/H BN;MARTI/H BN;MARTI/H BN;21529;;1900-01-01;2004-10-31;60
ch:1:sboid:101395;101395;Carouge Abt Carouge GE       O;Carouge Abt Carouge GE       O;Carouge Abt Carouge GE       O;Carouge Abt Carouge GE       O;CAROUGE;CAROUGE;CAROUGE;CAROUGE;21531;;1900-01-01;2001-10-31;60
ch:1:sboid:101398;101398;COIN Zürich                  O;COIN Zürich                  O;COIN Zürich                  O;COIN Zürich                  O;COIN ZUE;COIN ZUE;COIN ZUE;COIN ZUE;21534;;1900-01-01;2005-03-31;60
ch:1:sboid:101402;101402;Confimex Lausanne            O;Confimex Lausanne            O;Confimex Lausanne            O;Confimex Lausanne            O;CONFIMEX;CONFIMEX;CONFIMEX;CONFIMEX;21538;;1900-01-01;1999-10-15;60
ch:1:sboid:101404;101404;Diamond Lugano               O;Diamond Lugano               O;Diamond Lugano               O;Diamond Lugano               O;DIAMOND;DIAMOND;DIAMOND;DIAMOND;21541;;1900-01-01;2003-12-31;60
ch:1:sboid:101406;101406;Elysée Sion                  O;Elysée Sion                  O;Elysée Sion                  O;Elysée Sion                  O;ELYSEE;ELYSEE;ELYSEE;ELYSEE;21543;;1900-01-01;2003-12-31;60
ch:1:sboid:100279;100279;Sils Maria-Prasüra;Sils Maria-Prasüra;Sils Maria-Prasüra;Sils Maria-Prasüra;LSMF;LSMF;LSMF;LSMF;322;;1900-01-01;2011-05-31;10
ch:1:sboid:100282;100282;Gornergrat Bahnen (lgs);Gornergrat Bahnen (lgs);Gornergrat Bahnen (lgs);Gornergrat Bahnen (lgs);GGB-lgs;GGB-lgs;GGB-lgs;GGB-lgs;325;;1900-01-01;2002-12-14;95
ch:1:sboid:100283;100283;Hohtälli-Rote Nase;Hohtälli-Rote Nase;Hohtälli-Rote Nase;Hohtälli-Rote Nase;LHR;LHR;LHR;LHR;326;;1900-01-01;2002-12-14;12
ch:1:sboid:100284;100284;Zermatt-Sunnegga-Bahn;Zermatt-Sunnegga-Bahn;Zermatt-Sunnegga-Bahn;Zermatt-Sunnegga-Bahn;ZSB;ZSB;ZSB;ZSB;327;;1900-01-01;2002-12-14;95
ch:1:sboid:100285;100285;Sunnegga-Unterrothorn;Sunnegga-Unterrothorn;Sunnegga-Unterrothorn;Sunnegga-Unterrothorn;LSU;LSU;LSU;LSU;328;;1900-01-01;2002-12-14;95
ch:1:sboid:100292;100292;Meilleret-Diablerets-Vers l'Eglise;Meilleret-Diablerets-Vers l'Eglise;Meilleret-Diablerets-Vers l'Eglise;Meilleret-Diablerets-Vers l'Eglise;MDV;MDV;MDV;MDV;335;;1900-01-01;2002-08-31;12
ch:1:sboid:100295;100295;Télébretaye SA;Télébretaye SA;Télébretaye SA;Télébretaye SA;TVB;TVB;TVB;TVB;338;;1900-01-01;1998-06-30;12
ch:1:sboid:100296;100296;Gant-Blauherd;Gant-Blauherd;Gant-Blauherd;Gant-Blauherd;LGB;LGB;LGB;LGB;339;;1900-01-01;2002-12-14;12
ch:1:sboid:101598;101598;Viva Tours Madrid            O;Viva Tours Madrid            O;Viva Tours Madrid            O;Viva Tours Madrid            O;VIVA TOURS;VIVA TOURS;VIVA TOURS;VIVA TOURS;21764;;1900-01-01;2005-05-31;60
ch:1:sboid:101600;101600;DERTOUR Frankfurt am Main    O;DERTOUR Frankfurt am Main    O;DERTOUR Frankfurt am Main    O;DERTOUR Frankfurt am Main    O;DERTOUR;DERTOUR;DERTOUR;DERTOUR;21766;;1900-01-01;2014-04-30;60
ch:1:sboid:101601;101601;Verkehrsbüro-Ruefa Wien      O;Verkehrsbüro-Ruefa Wien      O;Verkehrsbüro-Ruefa Wien      O;Verkehrsbüro-Ruefa Wien      O;VERK-RUEFA;VERK-RUEFA;VERK-RUEFA;VERK-RUEFA;21767;;1900-01-01;2012-04-30;60
ch:1:sboid:101602;101602;Kaleva Travel Helsinki       O;Kaleva Travel Helsinki       O;Kaleva Travel Helsinki       O;Kaleva Travel Helsinki       O;KALEVA HEL;KALEVA HEL;KALEVA HEL;KALEVA HEL;21768;;1900-01-01;2015-05-31;60
ch:1:sboid:101603;101603;Touralp España               O;Touralp España               O;Touralp España               O;Touralp España               O;TOURALP;TOURALP;TOURALP;TOURALP;21769;;1900-01-01;2014-04-30;60
ch:1:sboid:101607;101607;Swiss Travel Serv. BroxbourneO;Swiss Travel Serv. BroxbourneO;Swiss Travel Serv. BroxbourneO;Swiss Travel Serv. BroxbourneO;STRAV BROX;STRAV BROX;STRAV BROX;STRAV BROX;21777;;1900-01-01;2013-04-05;60
ch:1:sboid:101610;101610;Open Up Travel Moscow        O;Open Up Travel Moscow        O;Open Up Travel Moscow        O;Open Up Travel Moscow        O;OPEN UP TR;OPEN UP TR;OPEN UP TR;OPEN UP TR;21781;;1900-01-01;2007-12-31;60
ch:1:sboid:101611;101611;Amexco Almaty                O;Amexco Almaty                O;Amexco Almaty                O;Amexco Almaty                O;AMEXCO ALM;AMEXCO ALM;AMEXCO ALM;AMEXCO ALM;21782;;1900-01-01;2005-05-31;60
ch:1:sboid:101318;101318;RB-Reise Bern                O;RB-Reise Bern                O;RB-Reise Bern                O;RB-Reise Bern                O;RB-REISE;RB-REISE;RB-REISE;RB-REISE;21353;;1900-01-01;2002-11-02;60
ch:1:sboid:101319;101319;AM BLAUE ETTINGEN            O;AM BLAUE ETTINGEN            O;AM BLAUE ETTINGEN            O;AM BLAUE ETTINGEN            O;AM BLAUE;AM BLAUE;AM BLAUE;AM BLAUE;21354;;1900-01-01;1998-11-10;60
ch:1:sboid:101320;101320;EBT-RB HASLE-RUEEGSAU        O;EBT-RB HASLE-RUEEGSAU        O;EBT-RB HASLE-RUEEGSAU        O;EBT-RB HASLE-RUEEGSAU        O;EBT-RB HA;EBT-RB HA;EBT-RB HA;EBT-RB HA;21355;;1900-01-01;1998-08-21;60
ch:1:sboid:101321;101321;Engel Chur                   O;Engel Chur                   O;Engel Chur                   O;Engel Chur                   O;ENGEL CH;ENGEL CH;ENGEL CH;ENGEL CH;21356;;1900-01-01;2006-04-30;60
ch:1:sboid:101322;101322;Sulzberger Neuhausen         O;Sulzberger Neuhausen         O;Sulzberger Neuhausen         O;Sulzberger Neuhausen         O;SULZB NH;SULZB NH;SULZB NH;SULZB NH;21357;;1900-01-01;2008-12-31;60
ch:1:sboid:101323;101323;Royal Wallisellen            O;Royal Wallisellen            O;Royal Wallisellen            O;Royal Wallisellen            O;ROYAL WS;ROYAL WS;ROYAL WS;ROYAL WS;21358;;1900-01-01;1999-02-28;60
ch:1:sboid:100580;100580;Busbetrieb Hüntwangen-Wil-Wasterkingen;Busbetrieb Hüntwangen-Wil-Wasterkingen;Busbetrieb Hüntwangen-Wil-Wasterkingen;Busbetrieb Hüntwangen-Wil-Wasterkingen;HWW;HWW;HWW;HWW;778;;1900-01-01;2000-05-27;30
ch:1:sboid:100581;100581;Verkehrsbetriebe Thalwil Rundkurs-Oberrieden-Langnau;Verkehrsbetriebe Thalwil Rundkurs-Oberrieden-Langnau;Verkehrsbetriebe Thalwil Rundkurs-Oberrieden-Langnau;Verkehrsbetriebe Thalwil Rundkurs-Oberrieden-Langnau;TROL;TROL;TROL;TROL;779;;1900-01-01;2001-12-31;30
ch:1:sboid:100582;100582;Autoverkehr Brienz-Axalp;Autoverkehr Brienz-Axalp;Autoverkehr Brienz-Axalp;Autoverkehr Brienz-Axalp;ABA;ABA;ABA;ABA;780;;1900-01-01;2006-12-31;30
ch:1:sboid:100583;100583;Busbetrieb Olten-Allerheiligenberg;Busbetrieb Olten-Allerheiligenberg;Busbetrieb Olten-Allerheiligenberg;Busbetrieb Olten-Allerheiligenberg;BOA;BOA;BOA;BOA;781;;1900-01-01;1995-09-02;30
ch:1:sboid:100584;100584;Autobus Le Locle;Autobus Le Locle;Autobus Le Locle;Autobus Le Locle;ALL;ALL;ALL;ALL;782;;1900-01-01;1998-05-23;30
ch:1:sboid:100585;100585;Auto-Transports de la Béroche;Auto-Transports de la Béroche;Auto-Transports de la Béroche;Auto-Transports de la Béroche;BBB;BBB;BBB;BBB;783;;1900-01-01;2001-12-31;30
ch:1:sboid:100586;100586;Service d'automobiles TMR (mc auto);Service d'automobiles TMR (mc auto);Service d'automobiles TMR (mc auto);Service d'automobiles TMR (mc auto);TMR/Automc;TMR/Automc;TMR/Automc;TMR/Automc;784;;1900-01-01;2012-05-31;30
ch:1:sboid:100587;100587;Zone-Strecke-Zone Kanton Zug;Zone-Strecke-Zone Kanton Zug;Zone-Strecke-Zone Kanton Zug;Zone-Strecke-Zone Kanton Zug;ZSZ Zug;ZSZ Zug;ZSZ Zug;ZSZ Zug;785;;1900-01-01;1997-04-30;51
ch:1:sboid:100588;100588;Spitalbus Wolhusen;Spitalbus Wolhusen;Spitalbus Wolhusen;Spitalbus Wolhusen;Spital-Wh;Spital-Wh;Spital-Wh;Spital-Wh;786;;1900-01-01;2001-06-09;30
ch:1:sboid:101407;101407;Eggenberg Gstaad             O;Eggenberg Gstaad             O;Eggenberg Gstaad             O;Eggenberg Gstaad             O;EGGENBERG;EGGENBERG;EGGENBERG;EGGENBERG;21544;;1900-01-01;2015-05-31;60
ch:1:sboid:101410;101410;Ferienegge Wetzikon ZH       O;Ferienegge Wetzikon ZH       O;Ferienegge Wetzikon ZH       O;Ferienegge Wetzikon ZH       O;FERIENEGGE;FERIENEGGE;FERIENEGGE;FERIENEGGE;21547;;1900-01-01;2003-12-31;60
ch:1:sboid:101413;101413;FART LOCARNO                 O;FART LOCARNO                 O;FART LOCARNO                 O;FART LOCARNO                 O;FART LO;FART LO;FART LO;FART LO;21550;;1900-01-01;1998-08-21;60
ch:1:sboid:101414;101414;FLASH CRANS-SUR-SIERRE       O;FLASH CRANS-SUR-SIERRE       O;FLASH CRANS-SUR-SIERRE       O;FLASH CRANS-SUR-SIERRE       O;FLASH;FLASH;FLASH;FLASH;21551;;1900-01-01;1998-04-01;60
ch:1:sboid:101415;101415;Fert Genève                  O;Fert Genève                  O;Fert Genève                  O;Fert Genève                  O;FERT GE;FERT GE;FERT GE;FERT GE;21552;;1900-01-01;2015-05-31;60
ch:1:sboid:101453;101453;CIT Breganzona               O;CIT Breganzona               O;CIT Breganzona;CIT Breganzona               O;CIT Breg;CIT Breg;CIT Breg;CIT Breg;21592;;1900-01-01;2004-12-31;60
ch:1:sboid:101454;101454;LUKAN LUZERN                 O;LUKAN LUZERN                 O;LUKAN LUZERN                 O;LUKAN LUZERN                 O;LUKAN;LUKAN;LUKAN;LUKAN;21593;;1900-01-01;1998-05-01;60
ch:1:sboid:101456;101456;Media Touristik Witterswil   O;Media Touristik Witterswil   O;Media Touristik Witterswil   O;Media Touristik Witterswil   O;MEDIA WITT;MEDIA WITT;MEDIA WITT;MEDIA WITT;21595;;1900-01-01;2005-08-31;60
ch:1:sboid:101458;101458;Mittelthurgau Retail Wintert O;Mittelthurgau Retail Wintert O;Mittelthurgau Retail Wintert O;Mittelthurgau Retail Wintert O;MITTELT RE;MITTELT RE;MITTELT RE;MITTELT RE;21597;;1900-01-01;2012-04-30;60
ch:1:sboid:101460;101460;Maurer Bern                  O;Maurer Bern                  O;Maurer Bern                  O;Maurer Bern                  O;MAURER;MAURER;MAURER;MAURER;21599;;1900-01-01;2011-01-31;60
ch:1:sboid:101462;101462;Müller Basel                 O;Müller Basel                 O;Müller Basel                 O;Müller Basel                 O;MUELLER;MUELLER;MUELLER;MUELLER;21602;;1900-01-01;2005-01-05;60
ch:1:sboid:101463;101463;Metro Zug                    O;Metro Zug                    O;Metro Zug                    O;Metro Zug                    O;METRO ZG;METRO ZG;METRO ZG;METRO ZG;21603;;1900-01-01;2005-01-13;60
ch:1:sboid:101464;101464;Natural Reisen Biel/Bienne   O;Natural Reisen Biel/Bienne   O;Natural Reisen Biel/Bienne   O;Natural Reisen Biel/Bienne   O;NATURAL;NATURAL;NATURAL;NATURAL;21604;;1900-01-01;2015-05-31;60
ch:1:sboid:101466;101466;Nussbaumer Burgdorf          O;Nussbaumer Burgdorf          O;Nussbaumer Burgdorf          O;Nussbaumer Burgdorf          O;NUSSBAUMER;NUSSBAUMER;NUSSBAUMER;NUSSBAUMER;21606;;1900-01-01;2009-06-30;60
ch:1:sboid:101467;101467;REVY WETZIKON ZH             O;REVY WETZIKON ZH             O;REVY WETZIKON ZH             O;REVY WETZIKON ZH             O;REVY WZ;REVY WZ;REVY WZ;REVY WZ;21607;;1900-01-01;1998-05-01;60
ch:1:sboid:101615;101615;360 AB Stockholm             O;360 AB Stockholm             O;360 AB Stockholm             O;360 AB Stockholm             O;360 AB;360 AB;360 AB;360 AB;21788;;1900-01-01;2005-03-15;60
ch:1:sboid:101619;101619;Firo Tour Praha              O;Firo Tour Praha              O;Firo Tour Praha              O;Firo Tour Praha              O;FIRO TOUR;FIRO TOUR;FIRO TOUR;FIRO TOUR;21792;;1900-01-01;2012-08-15;60
ch:1:sboid:101432;101432;Hildebrand Winterthur        O;Hildebrand Winterthur        O;Hildebrand Winterthur        O;Hildebrand Winterthur        O;HILDEBRAND;HILDEBRAND;HILDEBRAND;HILDEBRAND;21569;;1900-01-01;2002-11-02;60
ch:1:sboid:101433;101433;Globetrotter Bern            O;Globetrotter Bern            O;Globetrotter Bern            O;Globetrotter Bern            O;GLOBETROTT;GLOBETROTT;GLOBETROTT;GLOBETROTT;21571;;1900-01-01;2002-11-02;60
ch:1:sboid:101435;101435;INTERCITY ST. GALLEN         O;INTERCITY ST. GALLEN         O;INTERCITY ST. GALLEN         O;INTERCITY ST. GALLEN         O;INTER SG;INTER SG;INTER SG;INTER SG;21573;;1900-01-01;1998-08-21;60
ch:1:sboid:101475;101475;PORTENIER OLTEN              O;PORTENIER OLTEN              O;PORTENIER OLTEN              O;PORTENIER OLTEN              O;PORTENIER;PORTENIER;PORTENIER;PORTENIER;21615;;1900-01-01;1994-03-31;60
ch:1:sboid:101476;101476;Aubert Chexbres              O;Aubert Chexbres              O;Aubert Chexbres              O;Aubert Chexbres              O;AUBERT CHX;AUBERT CHX;AUBERT CHX;AUBERT CHX;21616;;1900-01-01;2008-10-31;60
ch:1:sboid:101478;101478;TAKE IT TRAVEL Root          O;TAKE IT TRAVEL Root          O;TAKE IT TRAVEL Root          O;TAKE IT TRAVEL Root          O;TAKE IT RO;TAKE IT RO;TAKE IT RO;TAKE IT RO;21618;;1900-01-01;2009-06-30;60
ch:1:sboid:101479;101479;Polyglott Zürich             O;Polyglott Zürich             O;Polyglott Zürich             O;Polyglott Zürich             O;POLYGLOTT;POLYGLOTT;POLYGLOTT;POLYGLOTT;21619;;1900-01-01;2005-05-31;60
ch:1:sboid:101481;101481;Reise-Meile St. Gallen       O;Reise-Meile St. Gallen       O;Reise-Meile St. Gallen       O;Reise-Meile St. Gallen       O;REISE-MEIL;REISE-MEIL;REISE-MEIL;REISE-MEIL;21622;;1900-01-01;2008-10-31;60
ch:1:sboid:100308;100308;SBB GmbH (Grenzverkehr);SBB GmbH (Grenzverkehr);SBB GmbH (Grenzverkehr);SBB GmbH (Grenzverkehr);SBB GmbH;SBB GmbH;SBB GmbH;SBB GmbH;351;;1900-01-01;2099-12-31;12
ch:1:sboid:100310;100310;Deutsche Bahnhöfe im Kt. Schaffhausen;Deutsche Bahnhöfe im Kt. Schaffhausen;Deutsche Bahnhöfe im Kt. Schaffhausen;Deutsche Bahnhöfe im Kt. Schaffhausen;DB/SH;DB/SH;DB/SH;DB/SH;353;;1900-01-01;2099-12-31;95
ch:1:sboid:100311;100311;Südbadenbus GmbH;Südbadenbus GmbH;Südbadenbus GmbH;Südbadenbus GmbH;SBG;SBG;SBG;SBG;354;;1900-01-01;2099-12-31;30
ch:1:sboid:100318;100318;Bodensee-Schiffsbetriebe - Rorschach-Lindau/Friedrichshafen;Bodensee-Schiffsbetriebe - Rorschach-Lindau/Friedrichshafen;Bodensee-Schiffsbetriebe - Rorschach-Lindau/Friedrichshafen;Bodensee-Schiffsbetriebe - Rorschach-Lindau/Friedrichshafen;BSB Quer;BSB Quer;BSB Quer;BSB Quer;361;;1900-01-01;2099-12-31;20
ch:1:sboid:100321;100321;Bodensee Schifffahrt/Voralberg Lines Bodensee;Bodensee Schifffahrt/Voralberg Lines Bodensee;Bodensee Schifffahrt/Voralberg Lines Bodensee;Bodensee Schifffahrt/Voralberg Lines Bodensee;BSB/VLB;BSB/VLB;BSB/VLB;BSB/VLB;364;;1900-01-01;2099-12-31;95
ch:1:sboid:100324;100324;Museumsbahn Stein am Rhein-Hemishofen-Ramsen;Museumsbahn Stein am Rhein-Hemishofen-Ramsen;Museumsbahn Stein am Rhein-Hemishofen-Ramsen;Museumsbahn Stein am Rhein-Hemishofen-Ramsen;SEHR;SEHR;SEHR;SEHR;367;;1900-01-01;2099-12-31;50
ch:1:sboid:100325;100325;DB REGIO Süddeutschland;DB REGIO Süddeutschland;DB REGIO Süddeutschland;DB REGIO Süddeutschland;DB/Süd;DB/Süd;DB/Süd;DB/Süd;368;;1900-01-01;2099-12-31;95
ch:1:sboid:100327;100327;Société coopérative du Chemin de fer - Musée Blonay-Chamby;Société coopérative du Chemin de fer - Musée Blonay-Chamby;Société coopérative du Chemin de fer - Musée Blonay-Chamby;Société coopérative du Chemin de fer - Musée Blonay-Chamby;BC-cmBC;BC-cmBC;BC-cmBC;BC-cmBC;371;;1900-01-01;2099-12-31;10
ch:1:sboid:100328;100328;Società Esercizio Ferroviario Turistico (SEFT);Società Esercizio Ferroviario Turistico (SEFT);Società Esercizio Ferroviario Turistico (SEFT);Società Esercizio Ferroviario Turistico (SEFT);SEFT;SEFT;SEFT;SEFT;372;;1900-01-01;2099-12-31;10
ch:1:sboid:100330;100330;GT Moblie;GT Mobile;GT Mobile;GT Moblie;GTMob;GTMob;GTMob;GTMob;374;;1900-01-01;2099-12-31;95
ch:1:sboid:100369;100369;Vereinheitl. Nachtzuschlag Metropolitanraum Zürich;Vereinheitl. Nachtzuschlag Metropolitanraum Zürich;Vereinheitl. Nachtzuschlag Metropolitanraum Zürich;Vereinheitl. Nachtzuschlag Metropolitanraum Zürich;VNZ;VNZ;VNZ;VNZ;448;;1900-01-01;2099-12-31;51
ch:1:sboid:100370;100370;Communauté tarifaire vaudoise 3 (billets);Communauté tarifaire vaudoise 3 (billets;Communauté tarifaire vaudoise 3 (billets);Communauté tarifaire vaudoise 3 (billets);CTV3;CTV3;CTV3;CTV3;449;;1900-01-01;2099-12-31;51
ch:1:sboid:100108;100108;Niesenbahn;Niesenbahn;Niesenbahn;Niesenbahn;NB;NB;NB;NB;135;;1900-01-01;2099-12-31;10
ch:1:sboid:100109;100109;Pilatusbahnen;Pilatusbahnen;Pilatusbahnen;Pilatusbahnen;PB;PB;PB;PB;136;;1900-01-01;2099-12-31;10
ch:1:sboid:100110;100110;Rigi Bahnen AG;Rigi Bahnen AG;Rigi Bahnen AG;Rigi Bahnen AG;RB;RB;RB;RB;137;;1900-01-01;2099-12-31;10
ch:1:sboid:100113;100113;Berner Oberland-Bahnen;Berner Oberland-Bahnen;Berner Oberland-Bahnen;Berner Oberland-Bahnen;BOB-spb;BOB-spb;BOB-spb;BOB-spb;140;;1900-01-01;2099-12-31;10
ch:1:sboid:100114;100114;Schilthornbahn (sbm);Schilthornbahn (sbm);Schilthornbahn (sbm);Schilthornbahn (sbm);LSMS-sbm;LSMS-sbm;LSMS-sbm;LSMS-sbm;141;;1900-01-01;2099-12-31;10
ch:1:sboid:100115;100115;Sierre-Montana-Crans;Sierre-Montana-Crans;Sierre-Montana-Crans;Sierre-Montana-Crans;SMC;SMC;SMC;SMC;142;;1900-01-01;2099-12-31;10
ch:1:sboid:100116;100116;Funiculaire Saint-Imier-Mont-Soleil SA;Funiculaire Saint-Imier-Mont-Soleil SA;Funiculaire Saint-Imier-Mont-Soleil SA;Funiculaire Saint-Imier-Mont-Soleil SA;SMtS;SMtS;SMtS;SMtS;143;;1900-01-01;2099-12-31;10
ch:1:sboid:100117;100117;Stanserhornbahn;Stanserhornbahn;Stanserhornbahn;Stanserhornbahn;SthB;SthB;SthB;SthB;145;;1900-01-01;2099-12-31;10
ch:1:sboid:100120;100120;Niederhornbahn AG;Niederhornbahn AG;Niederhornbahn AG;Niederhornbahn AG;NHB-bbb;NHB-bbb;NHB-bbb;NHB-bbb;149;;1900-01-01;2099-12-31;10
ch:1:sboid:100121;100121;Wengernalpbahn Lauterbrunnen-Wengen;Wengernalpbahn Lauterbrunnen-Wengen;Wengernalpbahn Lauterbrunnen-Wengen;Wengernalpbahn Lauterbrunnen-Wengen;WAB/LW;WAB/LW;WAB/LW;WAB/LW;150;;1900-01-01;2099-12-31;10
ch:1:sboid:100123;100123;Territet-Mont-Fleuri;Territet-Mont-Fleuri;Territet-Mont-Fleuri;Territet-Mont-Fleuri;TMF;TMF;TMF;TMF;152;;1900-01-01;2099-12-31;12
ch:1:sboid:100349;100349;SNCF Swiss Travel System;SNCF Swiss Travel System;SNCF Swiss Travel System;SNCF Swiss Travel System;SNCF STS;SNCF STS;SNCF STS;SNCF STS;428;;1900-01-01;2099-12-31;95
ch:1:sboid:100350;100350;SNCF TER Alsace;SNCF TER Alsace;SNCF TER Alsace;SNCF TER Alsace;SNCF Alsac;SNCF Alsac;SNCF Alsac;SNCF Alsac;429;;1900-01-01;2099-12-31;95
ch:1:sboid:100371;100371;Communauté tarifaire vaudoise 4 (abos);Communauté tarifaire vaudoise 4 (abos);Communauté tarifaire vaudoise 4 (abos);Communauté tarifaire vaudoise 4 (abos);CTV4;CTV4;CTV4;CTV4;450;;1900-01-01;2099-12-31;51
ch:1:sboid:100372;100372;Tarifverbund Schwyz;Tarifverbund Schwyz;Tarifverbund Schwyz;Tarifverbund Schwyz;TVSZ;TVSZ;TVSZ;TVSZ;451;;1900-01-01;2099-12-31;51
ch:1:sboid:100373;100373;Tarifverbund Ostwind 1 (Billette);Tarifverbund Ostwind 1 (Billette);Tarifverbund Ostwind 1 (Billette);Tarifverbund Ostwind 1 (Billette);TVOst1;TVOst1;TVOst1;TVOst1;452;;1900-01-01;2099-12-31;51
ch:1:sboid:100374;100374;Tarifverbund Ostwind 2 (Abo);Tarifverbund Ostwind 2 (Abo);Tarifverbund Ostwind 2 (Abo);Tarifverbund Ostwind 2 (Abo);TVOst2;TVOst2;TVOst2;TVOst2;453;;1900-01-01;2099-12-31;51
ch:1:sboid:100375;100375;Z-Pass Ostwind-ZVV (Abo);Z-Pass Ostwind-ZVV (Abo);Z-Pass Ostwind-ZVV (Abo);Z-Pass Ostwind-ZVV (Abo);ZVV-Ost;ZVV-Ost;ZVV-Ost;ZVV-Ost;454;;1900-01-01;2099-12-31;51
ch:1:sboid:100376;100376;Z-Pass A-Welle-ZVV (Abo);Z-Pass A-Welle-ZVV (Abo);Z-Pass A-Welle-ZVV (Abo);Z-Pass A-Welle-ZVV (Abo);ZVV-AG;ZVV-AG;ZVV-AG;ZVV-AG;455;;1900-01-01;2099-12-31;51
ch:1:sboid:100377;100377;Z-Pass Schwyz/Zug-ZVV (Abo);Z-Pass Schwyz/Zug-ZVV (Abo);Z-Pass Schwyz/Zug-ZVV (Abo);Z-Pass Schwyz/Zug-ZVV (Abo);ZVV-SZ/ZG;ZVV-SZ/ZG;ZVV-SZ/ZG;ZVV-SZ/ZG;456;;1900-01-01;2099-12-31;51
ch:1:sboid:100378;100378;Z-Pass Flextax-ZVV (Abo);Z-Pass Flextax-ZVV (Abo);Z-Pass Flextax-ZVV (Abo);Z-Pass Flextax-ZVV (Abo);ZVV-SH;ZVV-SH;ZVV-SH;ZVV-SH;457;;1900-01-01;2099-12-31;51
ch:1:sboid:100381;100381;Tarifverbund Nordwestschweiz;Tarifverbund Nordwestschweiz;Tarifverbund Nordwestschweiz;Tarifverbund Nordwestschweiz;TNW;TNW;TNW;TNW;460;;1900-01-01;2099-12-31;51
ch:1:sboid:100382;100382;Tarifverbund Schaffhausen;Tarifverbund Schaffhausen;Tarifverbund Schaffhausen;Tarifverbund Schaffhausen;TVSH;TVSH;TVSH;TVSH;461;;1900-01-01;2099-12-31;51
ch:1:sboid:100383;100383;Tarifverbund Zug;Tarifverbund Zug;Tarifverbund Zug;Tarifverbund Zug;TVZG;TVZG;TVZG;TVZG;462;;1900-01-01;2099-12-31;51
ch:1:sboid:100384;100384;Tariffa Integrata Arcobaleno (biglietti);Tariffa Integrata Arcobaleno (biglietti);Tariffa Integrata Arcobaleno (biglietti);Tariffa Integrata Arcobaleno (biglietti);TIA;TIA;TIA;TIA;463;;1900-01-01;2099-12-31;51
ch:1:sboid:100352;100352;Tarifverbund Zug (ITV);Tarifverbund Zug (ITV);Tarifverbund Zug (ITV);Tarifverbund Zug (ITV);TVZG2;TVZG2;TVZG2;TVZG2;431;;1900-01-01;2099-12-31;51
ch:1:sboid:100355;100355;Verkehrsverbund Vorarlberg (Billette);Verkehrsverbund Vorarlberg (Billette);Verkehrsverbund Vorarlberg (Billette);Verkehrsverbund Vorarlberg (Billette);OTV-VVV2;OTV-VVV2;OTV-VVV2;OTV-VVV2;434;;1900-01-01;2099-12-31;51
ch:1:sboid:100356;100356;Tarifverbund Aargau (Einzelbillett);Tarifverbund Aargau (Einzelbillett);Tarifverbund Aargau (Einzelbillett);Tarifverbund Aargau (Einzelbillett);TVAG3;TVAG3;TVAG3;TVAG3;435;;1900-01-01;2099-12-31;51
ch:1:sboid:100357;100357;Communauté tarifaire neuchâteloise 3 (billets);Communauté tarifaire neuchâteloise 3 (billets);Communauté tarifaire neuchâteloise 3 (billets);Communauté tarifaire neuchâteloise 3 (billets);CTNE3;CTNE3;CTNE3;CTNE3;436;;1900-01-01;2099-12-31;51
ch:1:sboid:100358;100358;Verkehrsverbund Vorarlberg (Abo);Verkehrsverbund Vorarlberg (Abo);Verkehrsverbund Vorarlberg (Abo);Verkehrsverbund Vorarlberg (Abo);OTV-VVV;OTV-VVV;OTV-VVV;OTV-VVV;437;;1900-01-01;2099-12-31;51
ch:1:sboid:100359;100359;Verkehrsverbund Hegau-Bodensee;Verkehrsverbund Hegau-Bodensee;Verkehrsverbund Hegau-Bodensee;Verkehrsverbund Hegau-Bodensee;OTV-VHB;OTV-VHB;OTV-VHB;OTV-VHB;438;;1900-01-01;2099-12-31;30|51
ch:1:sboid:100360;100360;Communauté tarifaire genevoise 3 (billets);Communauté tarifaire genevoise 3 (billets);Communauté tarifaire genevoise 3 (billets);Communauté tarifaire genevoise 3 (billets);CTGE3;CTGE3;CTGE3;CTGE3;439;;1900-01-01;2099-12-31;51
ch:1:sboid:100362;100362;Communauté tarifaire neuchâteloise 2 (Abo);Communauté tarifaire neuchâteloise 2 (Abo);Communauté tarifaire neuchâteloise 2 (Abo);Communauté tarifaire neuchâteloise 2 (Abo);CTNE2;CTNE2;CTNE2;CTNE2;441;;1900-01-01;2099-12-31;51
ch:1:sboid:100363;100363;Tarifverbund Passepartout 3 (Billette);Tarifverbund Passepartout 3 (Billette);Tarifverbund Passepartout 3 (Billette);Tarifverbund Passepartout 3 (Billette);TVLUOWNW3;TVLUOWNW3;TVLUOWNW3;TVLUOWNW3;442;;1900-01-01;2099-12-31;51
ch:1:sboid:100364;100364;Tarifverbund Passepartout 4 (Abo);Tarifverbund Passepartout 4 (Abo);Tarifverbund Passepartout 4 (Abo);Tarifverbund Passepartout 4 (Abo);TVLUOWNW4;TVLUOWNW4;TVLUOWNW4;TVLUOWNW4;443;;1900-01-01;2099-12-31;51
ch:1:sboid:100365;100365;Tarifverbund Aargau 2;Tarifverbund Aargau 2;Tarifverbund Aargau 2;Tarifverbund Aargau 2;TVAG2;TVAG2;TVAG2;TVAG2;444;;1900-01-01;2099-12-31;51
ch:1:sboid:100368;100368;Communauté tarifaire genevoise (Abo);Communauté tarifaire genevoise (Abo);Communauté tarifaire genevoise (Abo);Communauté tarifaire genevoise (Abo);CTGE4;CTGE4;CTGE4;CTGE4;447;;1900-01-01;2099-12-31;51
ch:1:sboid:100385;100385;Tariffa Integrata Arcobaleno (abo);Tariffa Integrata Arcobaleno (abo);Tariffa Integrata Arcobaleno (abo);Tariffa Integrata Arcobaleno (abo);TIA1;TIA1;TIA1;TIA1;464;;1900-01-01;2099-12-31;51
ch:1:sboid:100239;100239;Küssnacht am Rigi-Seebodenalp;Küssnacht am Rigi-Seebodenalp;Küssnacht am Rigi-Seebodenalp;Küssnacht am Rigi-Seebodenalp;LKüS;LKüS;LKüS;LKüS;281;;1900-01-01;2099-12-31;10
ch:1:sboid:100240;100240;Bergbahnen Engstligenalp AG;Bergbahnen Engstligenalp AG;Bergbahnen Engstligenalp AG;Bergbahnen Engstligenalp AG;BEAG;BEAG;BEAG;BEAG;282;;1900-01-01;2099-12-31;10
ch:1:sboid:100640;100640;Auto AG Schwyz;Auto AG Schwyz;Auto AG Schwyz;Auto AG Schwyz;AAGS;AAGS;AAGS;AAGS;841;info@aags.ch;1900-01-01;2099-12-31;30
ch:1:sboid:101417;101417;FUNI BIEL/BIENNE             O;FUNI BIEL/BIENNE             O;FUNI BIEL/BIENNE             O;FUNI BIEL/BIENNE             O;FUNI;FUNI;FUNI;FUNI;21554;;1900-01-01;1998-04-01;60
ch:1:sboid:101418;101418;Holiday Corner Kreuzlingen   O;Holiday Corner Kreuzlingen   O;Holiday Corner Kreuzlingen   O;Holiday Corner Kreuzlingen   O;HOLIDAY CO;HOLIDAY CO;HOLIDAY CO;HOLIDAY CO;21555;;1900-01-01;2005-03-31;60
ch:1:sboid:101420;101420;GLAERNISCH NAEFELS           O;GLAERNISCH NAEFELS           O;GLAERNISCH NAEFELS           O;GLAERNISCH NAEFELS           O;GLAERNISCH;GLAERNISCH;GLAERNISCH;GLAERNISCH;21557;;1900-01-01;1998-11-10;60
ch:1:sboid:101421;101421;Hauger Altdorf               O;Hauger Altdorf               O;Hauger Altdorf               O;Hauger Altdorf               O;HAUGER;HAUGER;HAUGER;HAUGER;21558;;1900-01-01;2001-10-31;60
ch:1:sboid:101422;101422;Kuster Rapperswil SG         O;Kuster Rapperswil SG         O;Kuster Rapperswil SG         O;Kuster Rapperswil SG         O;KUSTER;KUSTER;KUSTER;KUSTER;21559;;1900-01-01;2015-05-31;60
ch:1:sboid:101423;101423;Hurter Luzern                O;Hurter Luzern                O;Hurter Luzern                O;Hurter Luzern                O;HURTER LZ;HURTER LZ;HURTER LZ;HURTER LZ;21560;;1900-01-01;2001-10-31;60
ch:1:sboid:101424;101424;Hémisphères Cointrin Louis-C O;Hémisphères Cointrin Louis-C O;Hémisphères Cointrin Louis-C O;Hémisphères Cointrin Louis-C O;HEMIS COI;HEMIS COI;HEMIS COI;HEMIS COI;21561;;1900-01-01;2001-10-31;60
ch:1:sboid:101094;101094;Sesselbahn Churwalden-Pargitsch;Sesselbahn Churwalden-Pargitsch;Sesselbahn Churwalden-Pargitsch;Sesselbahn Churwalden-Pargitsch;SCP;SCP;SCP;SCP;3157;;1900-01-01;2003-12-13;12
ch:1:sboid:101096;101096;Sportbahnen Bergün-Pros da Darlux;Sportbahnen Bergün-Pros da Darlux;Sportbahnen Bergün-Pros da Darlux;Sportbahnen Bergün-Pros da Darlux;SBA;SBA;SBA;SBA;3159;;1900-01-01;2001-06-09;12
ch:1:sboid:101100;101100;Luftseilbahn Urnerboden-Fisetenpass;Luftseilbahn Urnerboden-Fisetenpass;Luftseilbahn Urnerboden-Fisetenpass;Luftseilbahn Urnerboden-Fisetenpass;KlLUF;KlLUF;KlLUF;KlLUF;3163;;1900-01-01;2004-12-11;12
ch:1:sboid:101101;101101;Società Esercizio Ferroviario Turistico;Società Esercizio Ferroviario Turistico;Società Esercizio Ferroviario Turistico;Società Esercizio Ferroviario Turistico;SEFT;SEFT;SEFT;SEFT;3164;;1900-01-01;2013-05-31;12
ch:1:sboid:101106;101106;Aegeri-See;Aegeri-See;Aegeri-See;Aegeri-See;AeS    Fpl;AeS    Fpl;AeS    Fpl;AeS    Fpl;3180;;1900-01-01;2003-12-13;22
ch:1:sboid:101115;101115;Motorbootbetrieb Arbon-Rorschach;Motorbootbetrieb Arbon-Rorschach;Motorbootbetrieb Arbon-Rorschach;Motorbootbetrieb Arbon-Rorschach;MAR;MAR;MAR;MAR;3189;;1900-01-01;2010-05-31;22
ch:1:sboid:101135;101135;Bus Rafz-Buchberg-Rüdlingen;Bus Rafz-Buchberg-Rüdlingen;Bus Rafz-Buchberg-Rüdlingen;Bus Rafz-Buchberg-Rüdlingen;BRBR;BRBR;BRBR;BRBR;7002;;1900-01-01;2010-05-31;32
ch:1:sboid:101136;101136;Autobus Riddes-Isérables-Mayens-de-Riddes;Autobus Riddes-Isérables-Mayens-de-Riddes;Autobus Riddes-Isérables-Mayens-de-Riddes;Autobus Riddes-Isérables-Mayens-de-Riddes;ARIM Fpl;ARIM Fpl;ARIM Fpl;ARIM Fpl;7003;;1900-01-01;2011-12-10;32
ch:1:sboid:101140;101140;Spiez-Emdthal-Mülenen-Aeschi;Spiez-Emdtahl-Mülenen-Aeschi;Spiez-Emdthal-Mülenen-Aeschi;Spiez-Emdthal-Mülenen-Aeschi;SEMA;SEMA;SEMA;SEMA;7007;;1900-01-01;2011-12-10;32
ch:1:sboid:101142;101142;Auto Aareschlucht-Meiringen;Auto Aareschlucht-Meiringen;Auto Aareschlucht-Meiringen;Auto Aareschlucht-Meiringen;AAM;AAM;AAM;AAM;7009;;1900-01-01;2010-12-11;32
ch:1:sboid:101146;101146;Autobus Lourtier-Sarreyer;Autobus Lourtier-Sarreyer;Autobus Lourtier-Sarreyer;Autobus Lourtier-Sarreyer;ALS;ALS;ALS;ALS;7013;;1900-01-01;2010-05-31;32
ch:1:sboid:101147;101147;Autobetrieb Bern-Belpmoos;Autobetrieb Bern-Belpmoos;Autobetrieb Bern-Belpmoos;Autobetrieb Bern-Belpmoos;ALPAR;ALPAR;ALPAR;ALPAR;7014;;1900-01-01;2010-05-31;32
ch:1:sboid:101149;101149;Werdenberger Bus-Betrieb;Werdenberger Bus-Betrieb;Werdenberger Bus-Betrieb;Werdenberger Bus-Betrieb;WBB;WBB;WBB;WBB;7016;;1900-01-01;2014-05-31;32
ch:1:sboid:101151;101151;Noctambus Franc-Montagnard;Noctambus Franc-Montagnard;Noctambus Franc-Montagnard;Noctambus Franc-Montagnard;NFM;NFM;NFM;NFM;7018;;1900-01-01;2013-05-31;32
ch:1:sboid:101153;101153;Pferdeomnibus Pontresina-Roseggletscher;Pferdeomnibus Pontresina-Roseggletscher;Pferdeomnibus Pontresina-Roseggletscher;Pferdeomnibus Pontresina-Roseggletscher;PPR;PPR;PPR;PPR;7020;;1900-01-01;2010-12-11;32
ch:1:sboid:100297;100297;Val Sporz-Piz Scalottas;Val Sporz-Piz Scalottas;Val Sporz-Piz Scalottas;Val Sporz-Piz Scalottas;SSPS;SSPS;SSPS;SSPS;340;;1900-01-01;2012-12-08;12
ch:1:sboid:101331;101331;BOUTIQUE LAUSANNE            O;BOUTIQUE LAUSANNE            O;BOUTIQUE LAUSANNE            O;BOUTIQUE LAUSANNE            O;BOUT LS;BOUT LS;BOUT LS;BOUT LS;21366;;1900-01-01;1998-05-01;60
ch:1:sboid:101332;101332;BROKERAGE LUGANO             O;BROKERAGE LUGANO             O;BROKERAGE LUGANO             O;BROKERAGE LUGANO             O;BROK LG;BROK LG;BROK LG;BROK LG;21367;;1900-01-01;1998-08-21;60
ch:1:sboid:101333;101333;CHANNNEL STAEFA              O;CHANNNEL STAEFA              O;CHANNNEL STAEFA              O;CHANNNEL STAEFA              O;CHANN STAE;CHANN STAE;CHANN STAE;CHANN STAE;21368;;1900-01-01;1998-08-21;60
ch:1:sboid:101334;101334;Treff Lyss                   O;Treff Lyss                   O;Treff Lyss                   O;Treff Lyss                   O;TREFF LYSS;TREFF LYSS;TREFF LYSS;TREFF LYSS;21369;;1900-01-01;2008-10-31;60
ch:1:sboid:101335;101335;ULYSSE LUGANO                O;ULYSSE LUGANO                O;ULYSSE LUGANO                O;ULYSSE LUGANO                O;ULYSSE LG;ULYSSE LG;ULYSSE LG;ULYSSE LG;21370;;1900-01-01;1998-11-10;60
ch:1:sboid:101336;101336;Vasellari Grenchen           O;Vasellari Grenchen           O;Vasellari Grenchen           O;Vasellari Grenchen           O;VASELLARI;VASELLARI;VASELLARI;VASELLARI;21371;;1900-01-01;2003-12-31;60
ch:1:sboid:101337;101337;VIVAT LUGANO                 O;VIVAT LUGANO                 O;VIVAT LUGANO                 O;VIVAT LUGANO                 O;VIVAT LG;VIVAT LG;VIVAT LG;VIVAT LG;21372;;1900-01-01;1998-08-21;60
ch:1:sboid:101338;101338;VOUGA FRIBOURG               O;VOUGA FRIBOURG               O;VOUGA FRIBOURG               O;VOUGA FRIBOURG               O;VOUGA FRI;VOUGA FRI;VOUGA FRI;VOUGA FRI;21373;;1900-01-01;1998-08-21;60
ch:1:sboid:101339;101339;WIEDERKEHR ADLISWIL          O;WIEDERKEHR ADLISWIL          O;WIEDERKEHR ADLISWIL          O;WIEDERKEHR ADLISWIL          O;WIEDER ADW;WIEDER ADW;WIEDER ADW;WIEDER ADW;21374;;1900-01-01;1998-08-21;60
ch:1:sboid:101340;101340;WORLD RADIO GENEVE           O;WORLD RADIO GENEVE           O;WORLD RADIO GENEVE           O;WORLD RADIO GENEVE           O;WORLD GE;WORLD GE;WORLD GE;WORLD GE;21375;;1900-01-01;1998-08-21;60
ch:1:sboid:100620;100620;Autobus Rolle-Gimel;Autobus Rolle-Gimel;Autobus Rolle-Gimel;Autobus Rolle-Gimel;ARG;ARG;ARG;ARG;821;;1900-01-01;1997-12-31;30
ch:1:sboid:100621;100621;Busbetrieb BOB;Busbetrieb BOB;Busbetrieb BOB;Busbetrieb BOB;BOB Auto;BOB Auto;BOB Auto;BOB Auto;822;;1900-01-01;2001-12-31;30
ch:1:sboid:100623;100623;Busbetrieb Hinterthurgau-Wil;Busbetrieb Hinterthurgau-Wil;Busbetrieb Hinterthurgau-Wil;Busbetrieb Hinterthurgau-Wil;BHW;BHW;BHW;BHW;824;;1900-01-01;2001-12-31;30
ch:1:sboid:100624;100624;Autoverkehr Spiez-Krattigen-Aeschi;Autoverkehr Spiez-Krattigen-Aeschi;Autoverkehr Spiez-Krattigen-Aeschi;Autoverkehr Spiez-Krattigen-Aeschi;ASKA;ASKA;ASKA;ASKA;825;;1900-01-01;2009-12-31;30
ch:1:sboid:100627;100627;Automobili Bellinzona-Mesocco;Automobili Bellinzona-Mesocco;Automobili Bellinzona-Mesocco;Automobili Bellinzona-Mesocco;PTT/BM;PTT/BM;PTT/BM;PTT/BM;828;;1900-01-01;1998-06-30;30
ch:1:sboid:101425;101425;Globo Thun                   O;Globo Thun                   O;Globo Thun                   O;Globo Thun                   O;GLOBO;GLOBO;GLOBO;GLOBO;21562;;1900-01-01;2003-12-31;60
ch:1:sboid:101426;101426;GRUYERE BULLE                O;GRUYERE BULLE                O;GRUYERE BULLE                O;GRUYERE BULLE                O;GRUYERE;GRUYERE;GRUYERE;GRUYERE;21563;;1900-01-01;1998-04-01;60
ch:1:sboid:101428;101428;GUARNACCIA BASEL             O;GUARNACCIA BASEL             O;GUARNACCIA BASEL             O;GUARNACCIA BASEL             O;GUARNACCIA;GUARNACCIA;GUARNACCIA;GUARNACCIA;21565;;1900-01-01;1998-05-01;60
ch:1:sboid:101429;101429;ISIS Lausanne                O;ISIS Lausanne                O;ISIS Lausanne                O;ISIS Lausanne                O;ISIS LS;ISIS LS;ISIS LS;ISIS LS;21566;;1900-01-01;2002-10-01;60
ch:1:sboid:101430;101430;IGHI ZUERICH                 O;IGHI ZUERICH                 O;IGHI ZUERICH                 O;IGHI ZUERICH                 O;IGHI ZUE;IGHI ZUE;IGHI ZUE;IGHI ZUE;21567;;1900-01-01;1998-05-01;60
ch:1:sboid:101431;101431;Holiday Maker Zürich         O;Holiday Maker Zürich         O;Holiday Maker Zürich         O;Holiday Maker Zürich         O;HOLIDAY MA;HOLIDAY MA;HOLIDAY MA;HOLIDAY MA;21568;;1900-01-01;1998-12-01;60
ch:1:sboid:100866;100866;Schwedische Eisenbahnen;Chemins de fer de l'Etat de Suède;Schwedische Eisenbahnen;Swedish State Railways;SJ;SJ;SJ;SJ;1074;;1900-01-01;2099-12-31;11
ch:1:sboid:101700;101700;Prontobus;Prontobus;Prontobus;Prontobus;APRO;APRO;APRO;APRO;7092;funzioni.montane@unionemontanaaltaossola.it;2018-03-06;2099-12-31;95
ch:1:sboid:101701;101701;TX Logistik GmbH Schweiz;TX Logistik GmbH Schweiz;TX Logistik GmbH Schweiz;TX Logistik GmbH Schweiz;TXL;TXL;TXL;TXL;601;;2018-03-16;2099-12-31;95
ch:1:sboid:101702;101702;Glacier Express AG;Glacier Express AG;Glacier Express AG;Glacier Express AG;RhB-T;RhB-T;RhB-T;RhB-T;916;;2018-03-16;2099-12-31;95
ch:1:sboid:100181;100181;Pendicularas Scuol SA;Pendicularas Scuol SA;Pendicularas Scuol SA;Pendicularas Scuol SA;PSSA;PSSA;PSSA;PSSA;223;;2017-11-23;2099-12-31;10
ch:1:sboid:100192;100192;Saastal Bergbahnen AG;Saastal Bergbahnen AG;Saastal Bergbahnen AG;Saastal Bergbahnen AG;STBAG;STBAG;STBAG;STBAG;234;;2017-12-20;2099-12-31;10
ch:1:sboid:100969;100969;Remontées mécaniques SA;Remontées mécaniques SA;Remontées mécaniques SA;Remontées mécaniques SA;NVRM;NVRM;NVRM;NVRM;3028;;2017-12-20;2099-12-31;12
ch:1:sboid:101050;101050;Biel-Kinzig AG;Biel-Kinzig AG;Biel-Kinzig AG;Biel-Kinzig AG;BKAG;BKAG;BKAG;BKAG;3110;info@biel-kinzigag.ch;2017-12-20;2099-12-31;12
ch:1:sboid:100062;100062;Sursee-Triengen-Bahn;Sursee-Triengen-Bahn;Sursee-Triengen-Bahn;Sursee-Triengen-Bahn;ST;ST;ST;ST;84;;1900-01-01;2099-12-31;10
ch:1:sboid:100063;100063;Sensetalbahn;Sensetalbahn;Sensetalbahn;Sensetalbahn;STB;STB;STB;STB;85;;1900-01-01;2099-12-31;10
ch:1:sboid:100064;100064;Zentralbahn;Zentralbahn;Zentralbahn;Zentralbahn;ZB;ZB;ZB;ZB;86;;1900-01-01;2099-12-31;10
ch:1:sboid:100066;100066;Regionalverkehr Bern-Solothurn;Regionalverkehr Bern-Solothurn;Regionalverkehr Bern-Solothurn;Regionalverkehr Bern-Solothurn;RBS;RBS;RBS;RBS;88;;1900-01-01;2099-12-31;10
ch:1:sboid:100067;100067;Appenzeller Bahnen (tb);Appenzeller Bahnen (tb);Appenzeller Bahnen (tb);Appenzeller Bahnen (tb);AB-tb;AB-tb;AB-tb;AB-tb;89;;1900-01-01;2099-12-31;10
ch:1:sboid:100069;100069;BLS AG (vhb);BLS AG (vhb);BLS AG (vhb);BLS AG (vhb);BLS-vhb;BLS-vhb;BLS-vhb;BLS-vhb;92;;1900-01-01;2099-12-31;10
ch:1:sboid:100332;100332;SBB-Werbekostenanteile XEU;SBB-Werbekostenanteile XEU;SBB-Werbekostenanteile XEU;SBB-Werbekostenanteile XEU;SBBW XEU $;SBBW XEU $;SBBW XEU $;SBBW XEU $;401;;1900-01-01;2099-12-31;95
ch:1:sboid:100333;100333;SBB-Werbekostenanteile CHF;SBB-Werbekostenanteile CHF;SBB-Werbekostenanteile CHF;SBB-Werbekostenanteile CHF;SBBW CHF;SBBW CHF;SBBW CHF;SBBW CHF;402;;1900-01-01;2099-12-31;95
ch:1:sboid:100334;100334;SBB-Handling-FEE;SBB-Handling-FEE;SBB-Handling-FEE;SBB-Handling-FEE;SBB Handl;SBB Handl;SBB Handl;SBB Handl;403;;1900-01-01;2099-12-31;95
ch:1:sboid:100337;100337;Auszahlungen an Dritte 2 (0,0 % MWSt);Auszahlungen an Dritte 2 (0,0 % MWSt);Auszahlungen an Dritte 2 (0,0 % MWSt);Auszahlungen an Dritte 2 (0,0 % MWSt);Dri 0.0%;Dri 0.0%;Dri 0.0%;Dri 0.0%;406;;1900-01-01;2099-12-31;95
ch:1:sboid:100338;100338;Auszahlungen an Dritte 3 (2,5 % MWSt);Auszahlungen an Dritte 3 (2,5 % MWSt);Auszahlungen an Dritte 3 (2,5 % MWSt);Auszahlungen an Dritte 3 (2,5 % MWSt);Dri 2.5%;Dri 2.5%;Dri 2.5%;Dri 2.5%;407;;1900-01-01;2099-12-31;95
ch:1:sboid:100340;100340;Auszahlungen an Dritte 5 (2,5 % / 0,0 % MWSt);Auszahlungen an Dritte 5 (2,5 % / 0,0 % MWSt);Auszahlungen an Dritte 5 (2,5 % / 0,0 % MWSt);Auszahlungen an Dritte 5 (2,5 % / 0,0 % MWSt);Dri 2.5/0%;Dri 2.5/0%;Dri 2.5/0%;Dri 2.5/0%;409;;1900-01-01;2099-12-31;95
ch:1:sboid:100341;100341;TRENORD S.r.l.;TRENORD S.r.l.;TRENORD S.r.l.;TRENORD S.r.l.;TRENORD;TRENORD;TRENORD;TRENORD;410;;1900-01-01;2099-12-31;95
ch:1:sboid:100342;100342;Treni Regionali Ticino Lombardia;Treni Regionali Ticino Lombardia;Treni Regionali Ticino Lombardia;Treni Regionali Ticino Lombardia;TILO;TILO;TILO;TILO;420;;1900-01-01;2099-12-31;12
ch:1:sboid:101703;101703;SNCB 5 $ Hazeldonk;SNCB 5 $ Hazeldonk;SNCB 5 $ Hazeldonk;SNCB 5 $ Hazeldonk;SNCB 5 $;SNCB 5 $;SNCB 5 $;SNCB 5 $;1588;;2018-03-20;2099-12-31;95
ch:1:sboid:101221;101221;Trägerverein Historische Postautolinie;Trägerverein Historische Postautolinie;Trägerverein Historische Postautolinie;Trägerverein Historische Postautolinie;THP;THP;THP;THP;7088;;1900-01-01;2099-12-31;32
ch:1:sboid:101706;101706;Gemeinde Luzein;;;;GDLZ;GDLZ;GDLZ;GDLZ;7094;gemeinde@luzein.ch;2018-05-29;2099-12-31;30
ch:1:sboid:101710;101710;Sportbahnen Vals AG - Abrechnung;Sportbahnen Vals AG - Abrechnung;Sportbahnen Vals AG - Abrechnung;Sportbahnen Vals AG - Abrechnung;SVGa-Abr;SVGa-Abr;SVGa-Abr;SVGa-Abr;556;;2018-08-27;2099-12-31;95
ch:1:sboid:100075;100075;DB Güterverkehr;DB Güterverkehr;DB Güterverkehr;DB Güterverkehr;DB;DB;DB;DB;98;;1900-01-01;2018-10-16;95
ch:1:sboid:100075;100075;DB Güterverkehr;DB Güterverkehr;DB Güterverkehr;DB Güterverkehr;DB Cargo;DB Cargo;DB Cargo;DB Cargo;98;;2018-10-17;2099-12-31;95
ch:1:sboid:101714;101714;SNCF TER Bourgogne-Franche-Comté;SNCF TER Bourgogne-Franche-Comté;SNCF TER Bourgogne-Franche-Comté;SNCF TER Bourgogne-Franche-Comté;SNCF BFC;SNCF BFC;SNCF BFC;SNCF BFC;421;;2018-09-04;2099-12-31;51
ch:1:sboid:100103;100103;Montreux-Vevey-Riviera;Montreux-Vevey-Riviera;Montreux-Vevey-Riviera;Montreux-Vevey-Riviera;MVR/HR;MVR/HR;MVR/HR;MVR/HR;130;;1900-01-01;2017-05-09;10
ch:1:sboid:100179;100179;Sesselbahn Saas Almagell-Furggstalden;Sesselbahn Saas Almagell-Furggstalden;Sesselbahn Saas Almagell-Furggstalden;Sesselbahn Saas Almagell-Furggstalden;LSF-ssaf;LSF-ssaf;LSF-ssaf;LSF-ssaf;221;;1900-01-01;2017-05-09;10
ch:1:sboid:100329;100329;Compagnie du Chemin de fer Vevey-Chexbres;Compagnie du Chemin de fer Vevey-Chexbres;Compagnie du Chemin de fer Vevey-Chexbres;Compagnie du Chemin de fer Vevey-Chexbres;VCh;VCh;VCh;VCh;373;;1900-01-01;2016-03-24;10
ch:1:sboid:100241;100241;Bergbahnen Sörenberg AG;Bergbahnen Sörenberg AG;Bergbahnen Sörenberg AG;Bergbahnen Sörenberg AG;BSAG;BSAG;BSAG;BSAG;283;;1900-01-01;2099-12-31;10
ch:1:sboid:100243;100243;Genossenschaft Lenk Bergbahnen;Genossenschaft Lenk Bergbahnen;Genossenschaft Lenk Bergbahnen;Genossenschaft Lenk Bergbahnen;LB-blb;LB-blb;LB-blb;LB-blb;285;;1900-01-01;2099-12-31;10
ch:1:sboid:100244;100244;Cardada Impianti Turistici;Cardada Impianti Turistici;Cardada Impianti Turistici;Cardada Impianti Turistici;CIT;CIT;CIT;CIT;286;;1900-01-01;2099-12-31;12
ch:1:sboid:100245;100245;Pizolbahnen AG;Pizolbahnen AG;Pizolbahnen AG;Pizolbahnen AG;PIZAG;PIZAG;PIZAG;PIZAG;287;;1900-01-01;2099-12-31;10
ch:1:sboid:100247;100247;Genossenschaft Seilbahn Jungen;Genossenschaft Seilbahn Jungen;Genossenschaft Seilbahn Jungen;Genossenschaft Seilbahn Jungen;GSJ;GSJ;GSJ;GSJ;289;;1900-01-01;2099-12-31;10
ch:1:sboid:100125;100125;Treib-Seelisberg-Bahn;Treib-Seelisberg-Bahn;Treib-Seelisberg-Bahn;Treib-Seelisberg-Bahn;TSB;TSB;TSB;TSB;154;;1900-01-01;2099-12-31;10
ch:1:sboid:100128;100128;Wengernalpbahn;Wengernalpbahn;Wengernalpbahn;Wengernalpbahn;WAB;WAB;WAB;WAB;157;;1900-01-01;2099-12-31;10
ch:1:sboid:100129;100129;Zugerbergbahn;Zugerbergbahn;Zugerbergbahn;Zugerbergbahn;ZBB;ZBB;ZBB;ZBB;158;;1900-01-01;2099-12-31;10
ch:1:sboid:100130;100130;Interlaken-Heimwehfluh;Interlaken-Heimwehfluh;Interlaken-Heimwehfluh;Interlaken-Heimwehfluh;DIH;DIH;DIH;DIH;159;;1900-01-01;2099-12-31;10
ch:1:sboid:100131;100131;Dampfbahn Furka-Bergstrecke;Dampfbahn Furka-Bergstrecke;Dampfbahn Furka-Bergstrecke;Dampfbahn Furka-Bergstrecke;DFB;DFB;DFB;DFB;160;;1900-01-01;2099-12-31;12
ch:1:sboid:100134;100134;Dolderbahn Betriebs AG;Dolderbahn Betriebs AG;Dolderbahn Betriebs AG;Dolderbahn Betriebs AG;DBZ;DBZ;DBZ;DBZ;164;;1900-01-01;2099-12-31;10
ch:1:sboid:100135;100135;Poly-Bahn Zürich;Poly-Bahn Zürich;Poly-Bahn Zürich;Poly-Bahn Zürich;PBZ;PBZ;PBZ;PBZ;165;;1900-01-01;2099-12-31;10
ch:1:sboid:100136;100136;Funiculaire Neuchâtel-Université - Neuchâtel-Gare;Funiculaire Neuchâtel-Université - Neuchâtel-Gare;Funiculaire Neuchâtel-Université - Neuchâtel-Gare;Funiculaire Neuchâtel-Université - Neuchâtel-Gare;FUN;FUN;FUN;FUN;166;;1900-01-01;2099-12-31;12
ch:1:sboid:100139;100139;Greifensee;Greifensee;Greifensee;Greifensee;SGG;SGG;SGG;SGG;180;;1900-01-01;2099-12-31;20
ch:1:sboid:100140;100140;Hallwilersee;Hallwilersee;Hallwilersee;Hallwilersee;SGH;SGH;SGH;SGH;181;;1900-01-01;2099-12-31;20
ch:1:sboid:100141;100141;Bielersee;Bielersee;Bielersee;Bielersee;BSG;BSG;BSG;BSG;182;;1900-01-01;2099-12-31;20
ch:1:sboid:100143;100143;CGN SA;CGN SA;CGN SA;CGN SA;CGN;CGN;CGN;CGN;184;;1900-01-01;2099-12-31;20
ch:1:sboid:100248;100248;Turtmann-Unterems-Oberems;Turtmann-Unterems-Oberems;Turtmann-Unterems-Oberems;Turtmann-Unterems-Oberems;LTUO;LTUO;LTUO;LTUO;290;;1900-01-01;2099-12-31;10
ch:1:sboid:100386;100386;Tarifverbund Biel/Bienne;Tarifverbund Biel/Bienne;Tarifverbund Biel/Bienne;Tarifverbund Biel/Bienne;TVBI;TVBI;TVBI;TVBI;465;;1900-01-01;2099-12-31;51
ch:1:sboid:100387;100387;Z-Pass Ostwind-ZVV (Billette);Z-Pass Ostwind-ZVV (Billette);Z-Pass Ostwind-ZVV (Billette);Z-Pass Ostwind-ZVV (Billette);ZVV-Ost2;ZVV-Ost2;ZVV-Ost2;ZVV-Ost2;466;;1900-01-01;2099-12-31;51
ch:1:sboid:100388;100388;Z-Pass A-Welle-ZVV (Billette);Z-Pass A-Welle-ZVV (Billette);Z-Pass A-Welle-ZVV (Billette);Z-Pass A-Welle-ZVV (Billette);ZVV-AG2;ZVV-AG2;ZVV-AG2;ZVV-AG2;467;;1900-01-01;2099-12-31;51
ch:1:sboid:100389;100389;Z-Pass Schwyz/Zug-ZVV (Billette);Z-Pass Schwyz/Zug-ZVV (Billette);Z-Pass Schwyz/Zug-ZVV (Billette);Z-Pass Schwyz/Zug-ZVV (Billette);ZVV-SZ/Z2;ZVV-SZ/Z2;ZVV-SZ/Z2;ZVV-SZ/Z2;468;;1900-01-01;2099-12-31;51
ch:1:sboid:100390;100390;Z-Pass Flextax-ZVV (Billette);Z-Pass Flextax-ZVV (Billette);Z-Pass Flextax-ZVV (Billette);Z-Pass Flextax-ZVV (Billette);ZVV-SH2;ZVV-SH2;ZVV-SH2;ZVV-SH2;469;;1900-01-01;2099-12-31;51
ch:1:sboid:100391;100391;Tarifverbund Libero 3 (Billette);Tarifverbund Libero 3 (Billette);Tarifverbund Libero 3 (Billette);Tarifverbund Libero 3 (Billette);TV Libero3;TV Libero3;TV Libero3;TV Libero3;470;;1900-01-01;2099-12-31;51
ch:1:sboid:100392;100392;Tarifverbund Luzern 2;Tarifverbund Luzern 2;Tarifverbund Luzern 2;Tarifverbund Luzern 2;TVLU2;TVLU2;TVLU2;TVLU2;471;;1900-01-01;2099-12-31;51
ch:1:sboid:100393;100393;Tarifverbund Waldshut;Tarifverbund Waldshut;Tarifverbund Waldshut;Tarifverbund Waldshut;TVWAH;TVWAH;TVWAH;TVWAH;472;;1900-01-01;2099-12-31;51
ch:1:sboid:100394;100394;Tarifverbund Passepartout (Billette);Tarifverbund Passepartout (Billette);Tarifverbund Passepartout (Billette);Tarifverbund Passepartout (Billette);TVLUOWNW;TVLUOWNW;TVLUOWNW;TVLUOWNW;473;;1900-01-01;2099-12-31;51
ch:1:sboid:100395;100395;Tarifverbund Passepartout (Abo);Tarifverbund Passepartout (Abo);Tarifverbund Passepartout (Abo);Tarifverbund Passepartout (Abo);TVLUOWNW1;TVLUOWNW1;TVLUOWNW1;TVLUOWNW1;474;;1900-01-01;2099-12-31;51
ch:1:sboid:100396;100396;Tarifverbund Oberengadin;Tarifverbund Oberengadin;Tarifverbund Oberengadin;Tarifverbund Oberengadin;TVOENG;TVOENG;TVOENG;TVOENG;475;;1900-01-01;2099-12-31;51
ch:1:sboid:100397;100397;Tarifverbund Ostwind;Tarifverbund Ostwind;Tarifverbund Ostwind;Tarifverbund Ostwind;TVOst;TVOst;TVOst;TVOst;476;;1900-01-01;2099-12-31;51
ch:1:sboid:100146;100146;Lago Maggiore;Lago Maggiore;Lago Maggiore;Lago Maggiore;NLM;NLM;NLM;NLM;187;;1900-01-01;2099-12-31;20
ch:1:sboid:100147;100147;Lago di Lugano;Lago di Lugano;Lago di Lugano;Lago di Lugano;SNL;SNL;SNL;SNL;188;;1900-01-01;2099-12-31;20
ch:1:sboid:100148;100148;Lacs de Neuchâtel et Morat;Lacs de Neuchâtel et Morat;Lacs de Neuchâtel et Morat;Lacs de Neuchâtel et Morat;LNM;LNM;LNM;LNM;189;;1900-01-01;2099-12-31;20
ch:1:sboid:100155;100155;Fähre Horgen-Meilen;Fähre Horgen-Meilen;Fähre Horgen-Meilen;Fähre Horgen-Meilen;FHM;FHM;FHM;FHM;196;;1900-01-01;2099-12-31;95
ch:1:sboid:100156;100156;Schiffsbetrieb Walensee;Schiffsbetrieb Walensee;Schiffsbetrieb Walensee;Schiffsbetrieb Walensee;SW;SW;SW;SW;197;;1900-01-01;2099-12-31;22
ch:1:sboid:100157;100157;Navigation Lac des Brenets;Navigation Lac des Brenets;Navigation Lac des Brenets;Navigation Lac des Brenets;NLB;NLB;NLB;NLB;198;;1900-01-01;2099-12-31;95
ch:1:sboid:100158;100158;Société des Mouettes Genevoises Navigation;Société des Mouettes Genevoises Navigation;Société des Mouettes Genevoises Navigation;Société des Mouettes Genevoises Navigation;SMGN;SMGN;SMGN;SMGN;199;;1900-01-01;2099-12-31;20
ch:1:sboid:100159;100159;Grindelwald-First;Grindelwald-First;Grindelwald-First;Grindelwald-First;BGF;BGF;BGF;BGF;201;;1900-01-01;2099-12-31;10
ch:1:sboid:100160;100160;Seilbahn Weissenstein AG;Seilbahn Weissenstein AG;Seilbahn Weissenstein AG;Seilbahn Weissenstein AG;SWAG;SWAG;SWAG;SWAG;202;;1900-01-01;2099-12-31;10
ch:1:sboid:100162;100162;Adliswil-Felsenegg;Adliswil-Felsenegg;Adliswil-Felsenegg;Adliswil-Felsenegg;LAF;LAF;LAF;LAF;204;;1900-01-01;2099-12-31;10
ch:1:sboid:100163;100163;Bergbahnen Beckenried-Emmetten;Bergbahnen Beckenried-Emmetten;Bergbahnen Beckenried-Emmetten;Bergbahnen Beckenried-Emmetten;BBE;BBE;BBE;BBE;205;;1900-01-01;2099-12-31;10
ch:1:sboid:100165;100165;Davos Klosters Bergbahnen (bbbj);Davos Klosters Bergbahnen (bbbj);Davos Klosters Bergbahnen (bbbj);Davos Klosters Bergbahnen (bbbj);DKB-bbbj;DKB-bbbj;DKB-bbbj;DKB-bbbj;207;;1900-01-01;2099-12-31;10
ch:1:sboid:100398;100398;Tarifverbund Libero 4 (Abo);Tarifverbund Libero 4 (Abo);Tarifverbund Libero 4 (Abo);Tarifverbund Libero 4 (Abo);TV Libero4;TV Libero4;TV Libero4;TV Libero4;477;;1900-01-01;2099-12-31;51
ch:1:sboid:100400;100400;Communauté tarifaire jurassienne;Communauté tarifaire jurassienne;Communauté tarifaire jurassienne;Communauté tarifaire jurassienne;CTJU;CTJU;CTJU;CTJU;479;;1900-01-01;2099-12-31;51
ch:1:sboid:100401;100401;FlexTax 1 Tarifverbund Schaffhausen (Billette);FlexTax 1 Tarifverbund Schaffhausen (Billette);FlexTax 1 Tarifverbund Schaffhausen (Billette);FlexTax 1 Tarifverbund Schaffhausen (Billette);TV SH 1;TV SH 1;TV SH 1;TV SH 1;480;;1900-01-01;2099-12-31;51
ch:1:sboid:100402;100402;Verkehrsverbund Hegau-Bodensee (Abo);Verkehrsverbund Hegau-Bodensee (Abo);Verkehrsverbund Hegau-Bodensee (Abo);Verkehrsverbund Hegau-Bodensee (Abo);OTV-VHB A;OTV-VHB A;OTV-VHB A;OTV-VHB A;481;;1900-01-01;2099-12-31;51
ch:1:sboid:100002;100002;Schweizerische Bundesbahnen SBB Regionalverkehr;Schweizerische Bundesbahnen SBB Regionalverkehr;Schweizerische Bundesbahnen SBB Regionalverkehr;Schweizerische Bundesbahnen SBB Regionalverkehr;SBB RV;SBB RV;SBB RV;SBB RV;12;;1900-01-01;2099-12-31;95
ch:1:sboid:100007;100007;Appenzeller Bahnen (ab);Appenzeller Bahnen (ab);Appenzeller Bahnen (ab);Appenzeller Bahnen (ab);AB-ab;AB-ab;AB-ab;AB-ab;22;;1900-01-01;2099-12-31;10
ch:1:sboid:100011;100011;Transports Publics du Chablais (asd);Transports Publics du Chablais (asd);Transports Publics du Chablais (asd);Transports Publics du Chablais (asd);TPC-asd;TPC-asd;TPC-asd;TPC-asd;27;;1900-01-01;2099-12-31;10
ch:1:sboid:100014;100014;Lauterbrunnen-Mürren;Lauterbrunnen-Mürren;Lauterbrunnen-Mürren;Lauterbrunnen-Mürren;BLM;BLM;BLM;BLM;32;;1900-01-01;2099-12-31;10
ch:1:sboid:100018;100018;Schweizerische Südostbahn (bt);Schweizerische Südostbahn (bt);Schweizerische Südostbahn (bt);Schweizerische Südostbahn (bt);SOB-bt;SOB-bt;SOB-bt;SOB-bt;36;;1900-01-01;2099-12-31;10
ch:1:sboid:100403;100403;Communauté tarifaire vaudoise;Communauté tarifaire vaudoise;Communauté tarifaire vaudoise;Communauté tarifaire vaudoise;CTV;CTV;CTV;CTV;482;;1900-01-01;2099-12-31;51
ch:1:sboid:100405;100405;Communauté tarifaire fribourgeoise 3;Communauté tarifaire fribourgeoise 3;Communauté tarifaire fribourgeoise 3;Communauté tarifaire fribourgeoise 3;CTIFR;CTIFR;CTIFR;CTIFR;484;;1900-01-01;2099-12-31;51
ch:1:sboid:100406;100406;FlexTax 2 Tarifverbund Schaffhausen (Abo);FlexTax 2 Tarifverbund Schaffhausen (Abo);FlexTax 2 Tarifverbund Schaffhausen (Abo);FlexTax 2 Tarifverbund Schaffhausen (Abo);TV SH 2;TV SH 2;TV SH 2;TV SH 2;485;;1900-01-01;2099-12-31;51
ch:1:sboid:100407;100407;Tarifverbund Libero 1 (Billette);Tarifverbund Libero 1 (Billette);Tarifverbund Libero 1 (Billette);Tarifverbund Libero 1 (Billette);TV Libero1;TV Libero1;TV Libero1;TV Libero1;486;;1900-01-01;2099-12-31;51
ch:1:sboid:100409;100409;Tarifverbund Berner Oberland Ost;Tarifverbund Berner Oberland Ost;Tarifverbund Berner Oberland Ost;Tarifverbund Berner Oberland Ost;TVBOO;TVBOO;TVBOO;TVBOO;488;;1900-01-01;2099-12-31;51
ch:1:sboid:100410;100410;Tarifverbund Libero 2 (Abo);Tarifverbund Libero 2 (Abo);Tarifverbund Libero 2 (Abo);Tarifverbund Libero 2 (Abo);TV Libero2;TV Libero2;TV Libero2;TV Libero2;489;;1900-01-01;2099-12-31;51
ch:1:sboid:100411;100411;Zürcher Verkehrsverbund;Zürcher Verkehrsverbund;Zürcher Verkehrsverbund;Zürcher Verkehrsverbund;ZVV;ZVV;ZVV;ZVV;490;;1900-01-01;2099-12-31;51
ch:1:sboid:100412;100412;Kostenrechnungen für ZVV-TU's;Kostenrechnungen für ZVV-TU's;Kostenrechnungen für ZVV-TU's;Kostenrechnungen für ZVV-TU's;ZVV1;ZVV1;ZVV1;ZVV1;491;;1900-01-01;2099-12-31;95
ch:1:sboid:100414;100414;Tarifverbund Berner Oberland;Tarifverbund Berner Oberland;Tarifverbund Berner Oberland;Tarifverbund Berner Oberland;TVBeO;TVBeO;TVBeO;TVBeO;493;;1900-01-01;2099-12-31;51
ch:1:sboid:100415;100415;Swiss Travel System AG;Swiss Travel System AG;Swiss Travel System AG;Swiss Travel System AG;STS AG;STS AG;STS AG;STS AG;494;;1900-01-01;2099-12-31;50
ch:1:sboid:100416;100416;RAW Messen;RAW Messen;RAW Messen;RAW Messen;RAW Messen;RAW Messen;RAW Messen;RAW Messen;495;;1900-01-01;2099-12-31;52
ch:1:sboid:100421;100421;BLS/SBB Thun - Brig/-Interlaken;BLS/SBB Thun - Brig/-Interlaken;BLS/SBB Thun - Brig/-Interlaken;BLS/SBB Thun - Brig/-Interlaken;BLS/SBB;BLS/SBB;BLS/SBB;BLS/SBB;500;;1900-01-01;2099-12-31;10
ch:1:sboid:100422;100422;Gemeinschaft Visp-Brig T 650;Gemeinschaft Visp-Brig T 650;Gemeinschaft Visp-Brig T 650;Gemeinschaft Visp-Brig T 650;Gem-VI-BR;Gem-VI-BR;Gem-VI-BR;Gem-VI-BR;501;;1900-01-01;2099-12-31;95
ch:1:sboid:100423;100423;RailAway Freizeitangebote Euro;RailAway Freizeitangebote Euro;RailAway Freizeitangebote Euro;RailAway Freizeitangebote Euro;RailA Eu $;RailA Eu $;RailA Eu $;RailA Eu $;502;;1900-01-01;2099-12-31;95
ch:1:sboid:100424;100424;Schifffahrt am Rheinfall;Schifffahrt am Rheinfall;Schifffahrt am Rheinfall;Schifffahrt am Rheinfall;SaR;SaR;SaR;SaR;503;;1900-01-01;2099-12-31;95
ch:1:sboid:100020;100020;Aare Seeland mobil (bti);Aare Seeland mobil (bti);Aare Seeland mobil (bti);Aare Seeland mobil (bti);ASM-bti;ASM-bti;ASM-bti;ASM-bti;38;;1900-01-01;2099-12-31;10
ch:1:sboid:100027;100027;Forchbahn;Forchbahn;Forchbahn;Forchbahn;FB;FB;FB;FB;46;;1900-01-01;2099-12-31;10
ch:1:sboid:100028;100028;Lugano-Ponte Tresa;Lugano-Ponte Tresa;Lugano-Ponte Tresa;Lugano-Ponte Tresa;FLP;FLP;FLP;FLP;47;;1900-01-01;2099-12-31;10
ch:1:sboid:100030;100030;Ferrovie Autolinee Regionali Ticinesi;Ferrovie Autolinee Regionali Ticinesi;Ferrovie Autolinee Regionali Ticinesi;Ferrovie Autolinee Regionali Ticinesi;FART;FART;FART;FART;49;;1900-01-01;2099-12-31;10
ch:1:sboid:100036;100036;Lausanne-Echallens-Bercher;Lausanne-Echallens-Bercher;Lausanne-Echallens-Bercher;Lausanne-Echallens-Bercher;LEB;LEB;LEB;LEB;55;;1900-01-01;2099-12-31;10
ch:1:sboid:100037;100037;Aare Seeland mobil (rvo);Aare Seeland mobil (rvo);Aare Seeland mobil (rvo);Aare Seeland mobil (rvo);ASM-rvo;ASM-rvo;ASM-rvo;ASM-rvo;56;;1900-01-01;2099-12-31;10
ch:1:sboid:100038;100038;Hafenbahn Schweiz AG Birsfelden;Hafenbahn Schweiz AG Birsfelden;Hafenbahn Schweiz AG Birsfelden;Hafenbahn Schweiz AG Birsfelden;HBS-agb;HBS-agb;HBS-agb;HBS-agb;57;;1900-01-01;2099-12-31;12
ch:1:sboid:100039;100039;Hafenbahn Schweiz AG Kleinhüningen;Hafenbahn Schweiz AG Kleinhüningen;Hafenbahn Schweiz AG Kleinhüningen;Hafenbahn Schweiz AG Kleinhüningen;HBS-agk;HBS-agk;HBS-agk;HBS-agk;58;;1900-01-01;2099-12-31;12
ch:1:sboid:100250;100250;Glaris-Rinerhorn;Glaris-Rinerhorn;Glaris-Rinerhorn;Glaris-Rinerhorn;BGR;BGR;BGR;BGR;293;;1900-01-01;2099-12-31;10
ch:1:sboid:100253;100253;Brusino-Arsizio-Serpiano;Brusino-Arsizio-Serpiano;Brusino-Arsizio-Serpiano;Brusino-Arsizio-Serpiano;FBS;FBS;FBS;FBS;296;;1900-01-01;2099-12-31;10
ch:1:sboid:100254;100254;Torrent-Bahnen Leukerbad-Albinen AG;Torrent-Bahnen Leukerbad-Albinen AG;Torrent-Bahnen Leukerbad-Albinen AG;Torrent-Bahnen Leukerbad-Albinen AG;LLAT;LLAT;LLAT;LLAT;297;;1900-01-01;2099-12-31;10
ch:1:sboid:100255;100255;Lenk Bergbahnen;Lenk Bergbahnen;Lenk Bergbahnen;Lenk Bergbahnen;LB;LB;LB;LB;298;;1900-01-01;2099-12-31;10
ch:1:sboid:100256;100256;Zermatt Bergbahnen AG;Zermatt Bergbahnen AG;Zermatt Bergbahnen AG;Zermatt Bergbahnen AG;ZBAG;ZBAG;ZBAG;ZBAG;299;;1900-01-01;2099-12-31;10
ch:1:sboid:100258;100258;Schutt Atzmännig;Schutt Atzmännig;Schutt Atzmännig;Schutt Atzmännig;SSA;SSA;SSA;SSA;301;;1900-01-01;2099-12-31;12
ch:1:sboid:100260;100260;Bergbahnen Hoch-Ybrig AG;Bergbahnen Hoch-Ybrig AG;Bergbahnen Hoch-Ybrig AG;Bergbahnen Hoch-Ybrig AG;BHY-lws;BHY-lws;BHY-lws;BHY-lws;303;;1900-01-01;2099-12-31;10
ch:1:sboid:100262;100262;TéléMarécottes;TéléMarécottes;TéléMarécottes;TéléMarécottes;TMSA;TMSA;TMSA;TMSA;305;;1900-01-01;2099-12-31;10
ch:1:sboid:100263;100263;Lauchernalp Bergbahnen AG;Lauchernalp Bergbahnen AG;Lauchernalp Bergbahnen AG;Lauchernalp Bergbahnen AG;LABB;LABB;LABB;LABB;306;;1900-01-01;2099-12-31;10
ch:1:sboid:100264;100264;Bergbahnen Meiringen-Hasliberg;Bergbahnen Meiringen-Hasliberg;Bergbahnen Meiringen-Hasliberg;Bergbahnen Meiringen-Hasliberg;BMH;BMH;BMH;BMH;307;;1900-01-01;2099-12-31;10
ch:1:sboid:100266;100266;Klosters-Madrisa Bergbahn;Klosters-Madrisa Bergbahn;Klosters-Madrisa Bergbahn;Klosters-Madrisa Bergbahn;KMB-bkm;KMB-bkm;KMB-bkm;KMB-bkm;309;;1900-01-01;2099-12-31;10
ch:1:sboid:100267;100267;Luftseilbahn Kalpetran-Embd;Luftseilbahn Kalpetran-Embd;Luftseilbahn Kalpetran-Embd;Luftseilbahn Kalpetran-Embd;LKE;LKE;LKE;LKE;310;;1900-01-01;2099-12-31;10
ch:1:sboid:100268;100268;Téléverbier;Téléverbier;Téléverbier;Téléverbier;TV;TV;TV;TV;311;;1900-01-01;2099-12-31;10
ch:1:sboid:100178;100178;Luftseilbahn Grächen-Hannigalp;Luftseilbahn Grächen-Hannigalp;Luftseilbahn Grächen-Hannigalp;Luftseilbahn Grächen-Hannigalp;LGH;LGH;LGH;LGH;220;;1900-01-01;2018-06-30;10
ch:1:sboid:100178;100178;Touristische Unternehmung Grächen AG;Touristische Unternehmung Grächen AG;Touristische Unternehmung Grächen AG;Touristische Unternehmung Grächen AG;TUG;TUG;TUG;TUG;220;;2018-07-01;2099-12-31;10
ch:1:sboid:101704;101704;CH-direct;;;;CH-direct;CH-direct;CH-direct;CH-direct;100;tarife@ch-direct.org;2018-05-08;2018-10-16;95
ch:1:sboid:100270;100270;Luftseilbahn Kräbel-Rigi Scheidegg AG;Luftseilbahn Kräbel-Rigi Scheidegg AG;Luftseilbahn Kräbel-Rigi Scheidegg AG;Luftseilbahn Kräbel-Rigi Scheidegg AG;LKRS;LKRS;LKRS;LKRS;313;;1900-01-01;2099-12-31;45
ch:1:sboid:100271;100271;Télécabine Vercorin-Crêt-du-Midi;Télécabine Vercorin-Crêt-du-Midi;Télécabine Vercorin-Crêt-du-Midi;Télécabine Vercorin-Crêt-du-Midi;TVCM;TVCM;TVCM;TVCM;314;;1900-01-01;2099-12-31;10
ch:1:sboid:100272;100272;Bergbahnen Hohsaas AG;Bergbahnen Hohsaas AG;Bergbahnen Hohsaas AG;Bergbahnen Hohsaas AG;BHAG;BHAG;BHAG;BHAG;315;;1900-01-01;2099-12-31;10
ch:1:sboid:100043;100043;BLS AG (mlb);BLS AG (mlb);BLS AG (mlb);BLS AG (mlb);BLS-mlb;BLS-mlb;BLS-mlb;BLS-mlb;62;;1900-01-01;2099-12-31;10
ch:1:sboid:100044;100044;Transports de Martigny et Régions (mo);Transports de Martigny et Régions (mo);Transports de Martigny et Régions (mo);Transports de Martigny et Régions (mo);TMR-mo;TMR-mo;TMR-mo;TMR-mo;63;;1900-01-01;2099-12-31;10
ch:1:sboid:100058;100058;Sihltal-Zürich-Uetliberg-Bahn;Sihltal-Zürich-Uetliberg-Bahn;Sihltal-Zürich-Uetliberg-Bahn;Sihltal-Zürich-Uetliberg-Bahn;SZU;SZU;SZU;SZU;78;;1900-01-01;2099-12-31;10
ch:1:sboid:100059;100059;BLS AG (smb);BLS AG (smb);BLS AG (smb);BLS AG (smb);BLS-smb;BLS-smb;BLS-smb;BLS-smb;79;;1900-01-01;2099-12-31;10
ch:1:sboid:100060;100060;Aare Seeland mobil (snb);Aare Seeland mobil (snb);Aare Seeland mobil (snb);Aare Seeland mobil (snb);ASM-snb;ASM-snb;ASM-snb;ASM-snb;81;;1900-01-01;2099-12-31;10
ch:1:sboid:100569;100569;Domo Swiss Express AG;;;;DSE;DSE;DSE;DSE;767;;2018-02-24;2018-07-06;30
ch:1:sboid:100848;100848;Eisenbahnen der Slowakischen Republik;Eisenbahnen der Slowakischen Republik;Eisenbahnen der Slowakischen Republik;Slovakia Railways;ZSSK;ZSSK;ZSSK;ZSSK;1056;;1900-01-01;2099-12-31;11
ch:1:sboid:100172;100172;Luftseilbahn Unterterzen-Flumserberg AG;Luftseilbahn Unterterzen-Flumserberg AG;Luftseilbahn Unterterzen-Flumserberg AG;Luftseilbahn Unterterzen-Flumserberg AG;LUFAG;LUFAG;LUFAG;LUFAG;214;;1900-01-01;2099-12-31;10
ch:1:sboid:100173;100173;Wasserauen-Ebenalp;Wasserauen-Ebenalp;Wasserauen-Ebenalp;Wasserauen-Ebenalp;LWE;LWE;LWE;LWE;215;;1900-01-01;2099-12-31;10
ch:1:sboid:100177;100177;Arosa Bergbahnen;Arosa Bergbahnen;Arosa Bergbahnen;Arosa Bergbahnen;ABB;ABB;ABB;ABB;219;;1900-01-01;2099-12-31;10
ch:1:sboid:100180;100180;Sportbahnen Melchsee-Frutt (lsm);Sportbahnen Melchsee-Frutt (lsm);Sportbahnen Melchsee-Frutt (lsm);Sportbahnen Melchsee-Frutt (lsm);SMF-lsm;SMF-lsm;SMF-lsm;SMF-lsm;222;;1900-01-01;2099-12-31;10
ch:1:sboid:100182;100182;Sportbahnen Pischa;Sportbahnen Pischa;Sportbahnen Pischa;Sportbahnen Pischa;SBP;SBP;SBP;SBP;224;;1900-01-01;2099-12-31;10
ch:1:sboid:100183;100183;Bergbahnen Destination Gstaad AG;Bergbahnen Destination Gstaad AG;Bergbahnen Destination Gstaad AG;Bergbahnen Destination Gstaad AG;BDGAG;BDGAG;BDGAG;BDGAG;225;;1900-01-01;2099-12-31;10
ch:1:sboid:100439;100439;Widmer Rail Services Personal AG;Widmer Rail Services Personal AG;Widmer Rail Services Personal AG;Widmer Rail Services Personal AG;WRSPAG;WRSPAG;WRSPAG;WRSPAG;527;;1900-01-01;2099-12-31;95
ch:1:sboid:100441;100441;railCare AG;railCare AG;railCare AG;railCare AG;RLC;RLC;RLC;RLC;529;;1900-01-01;2099-12-31;95
ch:1:sboid:100442;100442;SBB-Freeway;SBB-Freeway;SBB-Freeway;SBB-Freeway;FWAY;FWAY;FWAY;FWAY;530;;1900-01-01;2099-12-31;95
ch:1:sboid:100443;100443;20 Minuten Mobile;20 Minuten Mobile;20 Minuten Mobile;20 Minuten Mobile;MIMO;MIMO;MIMO;MIMO;540;;1900-01-01;2099-12-31;95
ch:1:sboid:100444;100444;Aldi Prepaid;Aldi Prepaid;Aldi Prepaid;Aldi Prepaid;ALDI;ALDI;ALDI;ALDI;541;;1900-01-01;2099-12-31;95
ch:1:sboid:100089;100089;Parc d'Attractions du Châtelard;Parc d'Attractions du Châtelard;Parc d'Attractions du Châtelard;Parc d'Attractions du Châtelard;PAC;PAC;PAC;PAC;115;;1900-01-01;2099-12-31;10
ch:1:sboid:100092;100092;Aufzug Matte-Plattform (Bern);Aufzug Matte-Plattform (Bern);Aufzug Matte-Plattform (Bern);Aufzug Matte-Plattform (Bern);AMP;AMP;AMP;AMP;118;;1900-01-01;2099-12-31;10
ch:1:sboid:100094;100094;Giessbachbahn;Giessbachbahn;Giessbachbahn;Giessbachbahn;GbB;GbB;GbB;GbB;120;;1900-01-01;2099-12-31;10
ch:1:sboid:100095;100095;Gornergratbahn;Gornergratbahn;Gornergratbahn;Gornergratbahn;GGB;GGB;GGB;GGB;121;;1900-01-01;2099-12-31;10
ch:1:sboid:100096;100096;Gurtenbahn;Gurtenbahn;Gurtenbahn;Gurtenbahn;GB;GB;GB;GB;122;;1900-01-01;2099-12-31;10
ch:1:sboid:100097;100097;Harderbahn;Harderbahn;Harderbahn;Harderbahn;HB;HB;HB;HB;123;;1900-01-01;2099-12-31;10
ch:1:sboid:100098;100098;Jungfraubahn;Jungfraubahn;Jungfraubahn;Jungfraubahn;JB;JB;JB;JB;124;;1900-01-01;2099-12-31;10
ch:1:sboid:100185;100185;Riddes-Isérables;Riddes-Isérables;Riddes-Isérables;Riddes-Isérables;TRI;TRI;TRI;TRI;227;;1900-01-01;2099-12-31;10
ch:1:sboid:100186;100186;Kandersteg-Stock;Kandersteg-Stock;Kandersteg-Stock;Kandersteg-Stock;LKS;LKS;LKS;LKS;228;;1900-01-01;2099-12-31;10
ch:1:sboid:100187;100187;Leukerbad-Gemmipass;Leukerbad-Gemmipass;Leukerbad-Gemmipass;Leukerbad-Gemmipass;LLG;LLG;LLG;LLG;229;;1900-01-01;2099-12-31;10
ch:1:sboid:100188;100188;Savognin-Bergbahnen AG;Savognin-Bergbahnen AG;Savognin-Bergbahnen AG;Savognin-Bergbahnen AG;SB;SB;SB;SB;230;;1900-01-01;2099-12-31;10
ch:1:sboid:100189;100189;Château-d'Oex-La Braye;Château-d'Oex-La Braye;Château-d'Oex-La Braye;Château-d'Oex-La Braye;TCLB;TCLB;TCLB;TCLB;231;;1900-01-01;2099-12-31;10
ch:1:sboid:100190;100190;Rhäzüns-Feldis/Veulden;Rhäzüns-Feldis/Veulden;Rhäzüns-Feldis/Veulden;Rhäzüns-Feldis/Veulden;LRF;LRF;LRF;LRF;232;;1900-01-01;2099-12-31;10
ch:1:sboid:100191;100191;Télé-Leysin-Col des Mosses - La Lécherette SA;Télé-Leysin-Col des Mosses - La Lécherette SA;Télé-Leysin-Col des Mosses - La Lécherette SA;Télé-Leysin-Col des Mosses - La Lécherette SA;TLML;TLML;TLML;TLML;233;;1900-01-01;2099-12-31;10
ch:1:sboid:100194;100194;Chur-Dreibündenstein;Chur-Dreibündenstein;Chur-Dreibündenstein;Chur-Dreibündenstein;BCD;BCD;BCD;BCD;236;;1900-01-01;2099-12-31;10
ch:1:sboid:100195;100195;Reigoldswil-Wasserfallen;Reigoldswil-Wasserfallen;Reigoldswil-Wasserfallen;Reigoldswil-Wasserfallen;LRW;LRW;LRW;LRW;237;;1900-01-01;2099-12-31;10
ch:1:sboid:100197;100197;Niederhornbahn AG;Niederhornbahn AG;Niederhornbahn AG;Niederhornbahn AG;NHB-nhb;NHB-nhb;NHB-nhb;NHB-nhb;239;;1900-01-01;2099-12-31;10
ch:1:sboid:100198;100198;Sattel-Hochstuckli AG;Sattel-Hochstuckli AG;Sattel-Hochstuckli AG;Sattel-Hochstuckli AG;SHAG;SHAG;SHAG;SHAG;240;;1900-01-01;2099-12-31;10
ch:1:sboid:100202;100202;Gampel-Jeizinen;Gampel-Jeizinen;Gampel-Jeizinen;Gampel-Jeizinen;LGJ;LGJ;LGJ;LGJ;244;;1900-01-01;2099-12-31;10
ch:1:sboid:100203;100203;Remontées Mécaniques Crans-Montana-Aminona;Remontées Mécaniques Crans-Montana-Aminona;Remontées Mécaniques Crans-Montana-Aminona;Remontées Mécaniques Crans-Montana-Aminona;CMA;CMA;CMA;CMA;245;;1900-01-01;2099-12-31;10
ch:1:sboid:100205;100205;Curtinatsch-Piz Lagalb;Curtinatsch-Piz Lagalb;Curtinatsch-Piz Lagalb;Curtinatsch-Piz Lagalb;DIALA-lcl;DIALA-lcl;DIALA-lcl;DIALA-lcl;247;;1900-01-01;2099-12-31;12
ch:1:sboid:100207;100207;Surlej-Silvaplana-Corvatsch;Surlej-Silvaplana-Corvatsch;Surlej-Silvaplana-Corvatsch;Surlej-Silvaplana-Corvatsch;LSC;LSC;LSC;LSC;249;;1900-01-01;2099-12-31;10
ch:1:sboid:100208;100208;Dallenwil-Niederrickenbach;Dallenwil-Niederrickenbach;Dallenwil-Niederrickenbach;Dallenwil-Niederrickenbach;LDN;LDN;LDN;LDN;250;;1900-01-01;2099-12-31;10
ch:1:sboid:100210;100210;Lenzerheide Bergbahnen;Lenzerheide Bergbahnen;Lenzerheide Bergbahnen;Lenzerheide Bergbahnen;LHB;LHB;LHB;LHB;252;;1900-01-01;2099-12-31;10
ch:1:sboid:100211;100211;Hoher Kasten Drehrestaurant und Seilbahn AG;Hoher Kasten Drehrestaurant und Seilbahn AG;Hoher Kasten Drehrestaurant und Seilbahn AG;Hoher Kasten Drehrestaurant und Seilbahn AG;HKDS;HKDS;HKDS;HKDS;253;;1900-01-01;2099-12-31;10
ch:1:sboid:100212;100212;Dallenwil-Wirzweli;Dallenwil-Wirzweli;Dallenwil-Wirzweli;Dallenwil-Wirzweli;LDW;LDW;LDW;LDW;254;;1900-01-01;2099-12-31;10
ch:1:sboid:100213;100213;Jakobsbad-Kronberg;Jakobsbad-Kronberg;Jakobsbad-Kronberg;Jakobsbad-Kronberg;LJK;LJK;LJK;LJK;255;;1900-01-01;2099-12-31;10
ch:1:sboid:100214;100214;Stechelberg-Mürren-Schilthorn (lsms);Stechelberg-Mürren-Schilthorn (lsms);Stechelberg-Mürren-Schilthorn (lsms);Stechelberg-Mürren-Schilthorn (lsms);LSMS-lsms;LSMS-lsms;LSMS-lsms;LSMS-lsms;256;;1900-01-01;2099-12-31;10
ch:1:sboid:100215;100215;Bergbahnen Wildhaus AG;Bergbahnen Wildhaus AG;Bergbahnen Wildhaus AG;Bergbahnen Wildhaus AG;BBWAG;BBWAG;BBWAG;BBWAG;257;;1900-01-01;2099-12-31;10
ch:1:sboid:100216;100216;Funiculaire St-Luc-Chandolin;Funiculaire St-Luc-Chandolin;Funiculaire St-Luc-Chandolin;Funiculaire St-Luc-Chandolin;FLC;FLC;FLC;FLC;258;;1900-01-01;2099-12-31;10
ch:1:sboid:100219;100219;Gstaad 3000 AG;Gstaad 3000 AG;Gstaad 3000 AG;Gstaad 3000 AG;G3AG;G3AG;G3AG;G3AG;261;;1900-01-01;2099-12-31;10
ch:1:sboid:100221;100221;Fürgangen-Bellwald;Fürgangen-Bellwald;Fürgangen-Bellwald;Fürgangen-Bellwald;LFüB;LFüB;LFüB;LFüB;263;;1900-01-01;2099-12-31;10
ch:1:sboid:100222;100222;Erlenbach-Stockhorn;Erlenbach-Stockhorn;Erlenbach-Stockhorn;Erlenbach-Stockhorn;LESt;LESt;LESt;LESt;264;;1900-01-01;2099-12-31;10
ch:1:sboid:100223;100223;Maschgenkammbahnen Flumserberg;Maschgenkammbahnen Flumserberg;Maschgenkammbahnen Flumserberg;Maschgenkammbahnen Flumserberg;MBF;MBF;MBF;MBF;265;;1900-01-01;2099-12-31;10
ch:1:sboid:100101;100101;Aare Seeland mobil (ltb);Aare Seeland mobil (ltb);Aare Seeland mobil (ltb);Aare Seeland mobil (ltb);ASM-ltb;ASM-ltb;ASM-ltb;ASM-ltb;128;;1900-01-01;2099-12-31;10
ch:1:sboid:100102;100102;Ferrovia Monte Generoso;Ferrovia Monte Generoso;Ferrovia Monte Generoso;Ferrovia Monte Generoso;MG;MG;MG;MG;129;;1900-01-01;2099-12-31;10
ch:1:sboid:100273;100273;Valbianca SA Airolo;Valbianca SA Airolo;Valbianca SA Airolo;Valbianca SA Airolo;VBSA;VBSA;VBSA;VBSA;316;;1900-01-01;2099-12-31;10
ch:1:sboid:100280;100280;Gondelbahn Kandersteg-Oeschinensee;Gondelbahn Kandersteg-Oeschinensee;Gondelbahn Kandersteg-Oeschinensee;Gondelbahn Kandersteg-Oeschinensee;GKO;GKO;GKO;GKO;323;;1900-01-01;2099-12-31;10
ch:1:sboid:100225;100225;Pontresina-Alp Languard;Pontresina-Alp Languard;Pontresina-Alp Languard;Pontresina-Alp Languard;SPL;SPL;SPL;SPL;267;;1900-01-01;2099-12-31;12
ch:1:sboid:100226;100226;Luftseilbahn Mürren-Schilthorn;Luftseilbahn Mürren-Schilthorn;Luftseilbahn Mürren-Schilthorn;Luftseilbahn Mürren-Schilthorn;LSMS/MS;LSMS/MS;LSMS/MS;LSMS/MS;268;;1900-01-01;2099-12-31;10
ch:1:sboid:100227;100227;Fiesch-Eggishorn;Fiesch-Eggishorn;Fiesch-Eggishorn;Fiesch-Eggishorn;FE;FE;FE;FE;269;;1900-01-01;2099-12-31;10
ch:1:sboid:100228;100228;Luftseilbahn Schattdorf-Haldi;Luftseilbahn Schattdorf-Haldi;Luftseilbahn Schattdorf-Haldi;Luftseilbahn Schattdorf-Haldi;LSH;LSH;LSH;LSH;270;;1900-01-01;2099-12-31;10
ch:1:sboid:100230;100230;Grindelwald-Pfingstegg;Grindelwald-Pfingstegg;Grindelwald-Pfingstegg;Grindelwald-Pfingstegg;LGP;LGP;LGP;LGP;272;;1900-01-01;2099-12-31;12
ch:1:sboid:100231;100231;Marbach-Marbachegg;Marbach-Marbachegg;Marbach-Marbachegg;Marbach-Marbachegg;LMM;LMM;LMM;LMM;273;;1900-01-01;2099-12-31;12
ch:1:sboid:100232;100232;Blatten-Belalp;Blatten-Belalp;Blatten-Belalp;Blatten-Belalp;LBB;LBB;LBB;LBB;274;;1900-01-01;2099-12-31;10
ch:1:sboid:100233;100233;Weisse Arena Bergbahnen AG;Weisse Arena Bergbahnen AG;Weisse Arena Bergbahnen AG;Weisse Arena Bergbahnen AG;BFL;BFL;BFL;BFL;275;;1900-01-01;2099-12-31;10
ch:1:sboid:100234;100234;Rosswald Bahnen AG;Rosswald Bahnen AG;Rosswald Bahnen AG;Rosswald Bahnen AG;LRR;LRR;LRR;LRR;276;;1900-01-01;2099-12-31;10
ch:1:sboid:100235;100235;Téléphérique Dorénaz-Champex d'Alesse/Commune de Dorénaz;Téléphérique Dorénaz-Champex d'Alesse/Commune de Dorénaz;Téléphérique Dorénaz-Champex d'Alesse/Commune de Dorénaz;Téléphérique Dorénaz-Champex d'Alesse/Commune de Dorénaz;TDCA;TDCA;TDCA;TDCA;277;;1900-01-01;2099-12-31;10
ch:1:sboid:100238;100238;Stalden-Gspon;Stalden-Gspon;Stalden-Gspon;Stalden-Gspon;LSG;LSG;LSG;LSG;280;;1900-01-01;2099-12-31;10
ch:1:sboid:100304;100304;Seilbahn Ried Illgau;Seilbahn Ried Illgau;Seilbahn Ried Illgau;Seilbahn Ried Illgau;SRI;SRI;SRI;SRI;347;;1900-01-01;2099-12-31;10
ch:1:sboid:100305;100305;Impianti turistici Rivera-Monte Tamaro;Impianti turistici Rivera-Monte Tamaro;Impianti turistici Rivera-Monte Tamaro;Impianti turistici Rivera-Monte Tamaro;ITRT;ITRT;ITRT;ITRT;348;;1900-01-01;2099-12-31;45
ch:1:sboid:100307;100307;DB Kreis Konstanz;DB Kreis Konstanz;DB Kreis Konstanz;DB Kreis Konstanz;DB/Konsta;DB/Konsta;DB/Konsta;DB/Konsta;350;;1900-01-01;2099-12-31;95
ch:1:sboid:100281;100281;Sportbahnen Melchsee-Frutt (ssmb);Sportbahnen Melchsee-Frutt (ssmb);Sportbahnen Melchsee-Frutt (ssmb);Sportbahnen Melchsee-Frutt (ssmb);SMF-ssmb;SMF-ssmb;SMF-ssmb;SMF-ssmb;324;;1900-01-01;2099-12-31;10
ch:1:sboid:100286;100286;Bergbahnen Disentis;Bergbahnen Disentis;Bergbahnen Disentis;Bergbahnen Disentis;BBD;BBD;BBD;BBD;329;;1900-01-01;2099-12-31;10
ch:1:sboid:100287;100287;Télémorgins SA;Télémorgins SA;Télémorgins SA;Télémorgins SA;TM;TM;TM;TM;330;;1900-01-01;2099-12-31;10
ch:1:sboid:100289;100289;Raron-Eischoll;Raron-Eischoll;Raron-Eischoll;Raron-Eischoll;LRE;LRE;LRE;LRE;332;;1900-01-01;2099-12-31;10
ch:1:sboid:100291;100291;Bergbahnen Hoch-Ybrig AG;Bergbahnen Hoch-Ybrig AG;Bergbahnen Hoch-Ybrig AG;Bergbahnen Hoch-Ybrig AG;BHY-sost;BHY-sost;BHY-sost;BHY-sost;334;;1900-01-01;2099-12-31;12
ch:1:sboid:100293;100293;Sportbahnen Bergün;Sportbahnen Bergün;Sportbahnen Bergün;Sportbahnen Bergün;SBAD;SBAD;SBAD;SBAD;336;;1900-01-01;2099-12-31;50
ch:1:sboid:100294;100294;Remontées Mécaniques Grimentz-Zinal SA;Remontées Mécaniques Grimentz-Zinal SA;Remontées Mécaniques Grimentz-Zinal SA;Remontées Mécaniques Grimentz-Zinal SA;RMGZ;RMGZ;RMGZ;RMGZ;337;;1900-01-01;2099-12-31;10
ch:1:sboid:100299;100299;Pradaschier AG Top;Pradaschier AG Top;Pradaschier AG Top;Pradaschier AG Top;PAGT;PAGT;PAGT;PAGT;342;;1900-01-01;2099-12-31;10
ch:1:sboid:100509;100509;Trasporti Pubblici Città di Mendrisio;Trasporti Pubblici Città di Mendrisio;Trasporti Pubblici Città di Mendrisio;Trasporti Pubblici Città di Mendrisio;TPCM;TPCM;TPCM;TPCM;705;;1900-01-01;2017-05-09;30
ch:1:sboid:100519;100519;Autobus local de Bussigny-près-Lausanne;Autobus local de Bussigny-près-Lausanne;Autobus local de Bussigny-près-Lausanne;Autobus local de Bussigny-près-Lausanne;ALB;ALB;ALB;ALB;717;;1900-01-01;2017-05-09;30
ch:1:sboid:100343;100343;Iselle transito-Domodossola;Iselle transito-Domodossola;Iselle transito-Domodossola;Iselle transito-Domodossola;FS Domo;FS Domo;FS Domo;FS Domo;422;;1900-01-01;2099-12-31;95
ch:1:sboid:100344;100344;Pino transito-Luino;Pino transito-Luino;Pino transito-Luino;Pino transito-Luino;FS Luino;FS Luino;FS Luino;FS Luino;423;;1900-01-01;2099-12-31;95
ch:1:sboid:100345;100345;Società Subalpina di Imprese Ferroviare (Centovalli);Società Subalpina di Imprese Ferroviare (Centovalli);Società Subalpina di Imprese Ferroviare (Centovalli);Società Subalpina di Imprese Ferroviare (Centovalli);SSIF;SSIF;SSIF;SSIF;424;;1900-01-01;2099-12-31;10
ch:1:sboid:100346;100346;Ausflugsverkehr Stresa;Ausflugsverkehr Stresa;Ausflugsverkehr Stresa;Ausflugsverkehr Stresa;FS Stresa;FS Stresa;FS Stresa;FS Stresa;425;;1900-01-01;2099-12-31;50
ch:1:sboid:100348;100348;Ausflugsverkehr Como;Ausflugsverkehr Como;Ausflugsverkehr Como;Ausflugsverkehr Como;FS Como;FS Como;FS Como;FS Como;427;;1900-01-01;2099-12-31;50
ch:1:sboid:100070;100070;Matterhorn Gotthard Bahn (bvz);Matterhorn Gotthard Bahn (bvz);Matterhorn Gotthard Bahn (bvz);Matterhorn Gotthard Bahn (bvz);MGB-bvz;MGB-bvz;MGB-bvz;MGB-bvz;93;;1900-01-01;2099-12-31;10
ch:1:sboid:100079;100079;Brienz Rothorn Bahn AG;Brienz Rothorn Bahn AG;Brienz Rothorn Bahn AG;Brienz Rothorn Bahn AG;BRB;BRB;BRB;BRB;104;;1900-01-01;2099-12-31;10
ch:1:sboid:100080;100080;Braunwald-Standseilbahn;Braunwald-Standseilbahn;Braunwald-Standseilbahn;Braunwald-Standseilbahn;BRSB;BRSB;BRSB;BRSB;105;;1900-01-01;2099-12-31;10
ch:1:sboid:100081;100081;Städtische Verkehrsbetriebe Bern;Städtische Verkehrsbetriebe Bern;Städtische Verkehrsbetriebe Bern;Städtische Verkehrsbetriebe Bern;SVB;SVB;SVB;SVB;106;;1900-01-01;2099-12-31;10
ch:1:sboid:100082;100082;Bürgenstock Bahn AG;Bürgenstock Bahn AG;Bürgenstock Bahn AG;Bürgenstock Bahn AG;BB;BB;BB;BB;107;;1900-01-01;2099-12-31;10
ch:1:sboid:100083;100083;Davos Klosters Bergbahnen (dpb);Davos Klosters Bergbahnen (dpb);Davos Klosters Bergbahnen (dpb);Davos Klosters Bergbahnen (dpb);DKB-dpb;DKB-dpb;DKB-dpb;DKB-dpb;109;;1900-01-01;2099-12-31;10
ch:1:sboid:100630;100630;Transports Urbains de Gland;Transports Urbains de Gland;Transports Urbains de Gland;Transports Urbains de Gland;TUG;TUG;TUG;TUG;831;;1900-01-01;2016-03-24;30
ch:1:sboid:100366;100366;Communauté tarifaire vaudoise 2;Communauté tarifaire vaudoise 2;Communauté tarifaire vaudoise 2;Communauté tarifaire vaudoise 2;CTV2;CTV2;CTV2;CTV2;445;;1900-01-01;2015-01-31;51
ch:1:sboid:100106;100106;Celeriner Bergbahnen - Punt Muragl-Muottas Muragl;Celeriner Bergbahnen - Punt Muragl-Muottas Muragl;Celeriner Bergbahnen - Punt Muragl-Muottas Muragl;Celeriner Bergbahnen - Punt Muragl-Muottas Muragl;BEST-mmb;BEST-mmb;BEST-mmb;BEST-mmb;133;;1900-01-01;2018-06-05;12
ch:1:sboid:100106;100106;Celeriner Bergbahnen - Punt Muragl-Muottas Muragl;Celeriner Bergbahnen - Punt Muragl-Muottas Muragl;Celeriner Bergbahnen - Punt Muragl-Muottas Muragl;Celeriner Bergbahnen - Punt Muragl-Muottas Muragl;ESMM-mmb;ESMM-mmb;ESMM-mmb;ESMM-mmb;133;;2018-06-06;2099-12-31;12
ch:1:sboid:100196;100196;Celeriner Bergbahnen - Celerina-Saluver;Celeriner Bergbahnen - Celerina-Saluver;Celeriner Bergbahnen - Celerina-Saluver;Celeriner Bergbahnen - Celerina-Saluver;BEST-Ics;BEST-Ics;BEST-Ics;BEST-Ics;238;;1900-01-01;2018-06-05;12
ch:1:sboid:100119;100119;Bergbahnen Engadin St. Moritz AG;Bergbahnen Engadin St. Moritz AG;Bergbahnen Engadin St. Moritz AG;Bergbahnen Engadin St. Moritz AG;BEST-smbb;BEST-smbb;BEST-smbb;BEST-smbb;147;;1900-01-01;2018-06-05;12
ch:1:sboid:100992;100992;Sesselbahn St. Moritz Suvretta-Randolins;Sesselbahn St. Moritz Suvretta-Randolins;Sesselbahn St. Moritz Suvretta-Randolins;Sesselbahn St. Moritz Suvretta-Randolins;ESMM-smsr;ESMM-smsr;ESMM-smsr;ESMM-smsr;3051;;2018-06-06;2099-12-31;12
ch:1:sboid:100001;100001;Schweizerische Bundesbahnen SBB;Chemins de fer fédéraux suisses CFF;Ferrovie federali svizzere FFS;Schweizerische Bundesbahnen SBB;SBB;CFF;FFS;SBB;11;;1900-01-01;2099-12-31;10
ch:1:sboid:100427;100427;Bergbahnen Samnaun AG;Bergbahnen Samnaun AG;Bergbahnen Samnaun AG;Bergbahnen Samnaun AG;S&R Samnau;S&R Samnau;S&R Samnau;S&R Samnau;506;;1900-01-01;2012-05-31;50
ch:1:sboid:100504;100504;Libero City;Libero City;Libero City;Libero City;LiberoCity;LiberoCity;LiberoCity;LiberoCity;601;;1900-01-01;2013-02-28;30
ch:1:sboid:101708;101708;Cash Payment Solutions GmbH;Cash Payment Solutions GmbH;Cash Payment Solutions GmbH;Cash Payment Solutions GmbH;BARZAHLEN;BARZAHLEN;BARZAHLEN;BARZAHLEN;411;sinischa.piacun@sbb.ch;2018-07-31;2099-12-31;95
ch:1:sboid:100613;100613;Automobilverkehr BLS;Automobilverkehr BLS;Automobilverkehr BLS;Automobilverkehr BLS;BLS Auto;BLS Auto;BLS Auto;BLS Auto;814;;1900-01-01;2001-12-31;30
ch:1:sboid:100614;100614;BLS Lötschbergbahn/Auto Gürbetal;BLS Lötschbergbahn/Auto Gürbetal;BLS Lötschbergbahn/Auto Gürbetal;BLS Lötschbergbahn/Auto Gürbetal;BLS/Autogü;BLS/Autogü;BLS/Autogü;BLS/Autogü;815;;1900-01-01;2002-12-31;30
ch:1:sboid:100086;100086;Standseilbahn Schwyz-Stoos AG;Standseilbahn Schwyz-Stoos AG;Standseilbahn Schwyz-Stoos AG;Standseilbahn Schwyz-Stoos AG;StSS;StSS;StSS;StSS;112;;1900-01-01;2099-12-31;10
ch:1:sboid:100087;100087;Toggenburg Bergbahnen Unterwasser;Toggenburg Bergbahnen Unterwasser;Toggenburg Bergbahnen Unterwasser;Toggenburg Bergbahnen Unterwasser;TBBU;TBBU;TBBU;TBBU;113;;1900-01-01;2099-12-31;10
ch:1:sboid:100088;100088;Engelberg-Trübsee-Titlis;Engelberg-Trübsee-Titlis;Engelberg-Trübsee-Titlis;Engelberg-Trübsee-Titlis;BET;BET;BET;BET;114;;1900-01-01;2099-12-31;10
ch:1:sboid:100425;100425;Snow & Rail Nendaz;Snow & Rail Nendaz;Snow & Rail Nendaz;Snow & Rail Nendaz;S&R Nendaz;S&R Nendaz;S&R Nendaz;S&R Nendaz;504;;1900-01-01;2099-12-31;50
ch:1:sboid:100426;100426;Bogn Engadina Scuol (BES) SA;Bogn Engadina Scuol (BES) SA;Bogn Engadina Scuol (BES) SA;Bogn Engadina Scuol (BES) SA;S&R Scuol;S&R Scuol;S&R Scuol;S&R Scuol;505;;1900-01-01;2099-12-31;50
ch:1:sboid:100428;100428;Bergbahnen Engadin/St.Moritz;Bergbahnen Engadin/St.Moritz;Bergbahnen Engadin/St.Moritz;Bergbahnen Engadin/St.Moritz;S&R Engad;S&R Engad;S&R Engad;S&R Engad;507;;1900-01-01;2099-12-31;50
ch:1:sboid:100429;100429;Tageskarte Euregio Bodensee;Tageskarte Euregio Bodensee;Tageskarte Euregio Bodensee;Tageskarte Euregio Bodensee;TKEB;TKEB;TKEB;TKEB;508;;1900-01-01;2099-12-31;95
ch:1:sboid:100430;100430;Autobusbetrieb AZZK Zollikon;Autobusbetrieb AZZK Zollikon;Autobusbetrieb AZZK Zollikon;Autobusbetrieb AZZK Zollikon;AZZK;AZZK;AZZK;AZZK;517;;1900-01-01;2099-12-31;95
ch:1:sboid:100431;100431;Limmatbus AG Dietikon;Limmatbus AG Dietikon;Limmatbus AG Dietikon;Limmatbus AG Dietikon;BDWM;BDWM;BDWM;BDWM;518;;1900-01-01;2099-12-31;95
ch:1:sboid:100433;100433;Western Union;Western Union;Western Union;Western Union;WU;WU;WU;WU;520;;1900-01-01;2099-12-31;95
ch:1:sboid:100434;100434;ATE Bus AG Effretikon;ATE Bus AG Effretikon;ATE Bus AG Effretikon;ATE Bus AG Effretikon;GAT;GAT;GAT;GAT;521;;1900-01-01;2099-12-31;95
ch:1:sboid:100435;100435;AHW Busbetrieb AG Horgen;AHW Busbetrieb AG Horgen;AHW Busbetrieb AG Horgen;AHW Busbetrieb AG Horgen;AHW;AHW;AHW;AHW;522;;1900-01-01;2099-12-31;95
ch:1:sboid:100437;100437;Swiss Rail Traffic AG Glattbrugg;Swiss Rail Traffic AG Glattbrugg;Swiss Rail Traffic AG Glattbrugg;Swiss Rail Traffic AG Glattbrugg;SRT;SRT;SRT;SRT;525;;1900-01-01;2099-12-31;95
ch:1:sboid:100438;100438;DB Cargo Schweiz GmbH;DB Cargo Schweiz GmbH;DB Cargo Schweiz GmbH;DB Cargo Schweiz GmbH;DBCCH;DBCCH;DBCCH;DBCCH;526;;1900-01-01;2099-12-31;95
ch:1:sboid:100166;100166;Davos Klosters Bergbahnen (lkp);Davos Klosters Bergbahnen (lkp);Davos Klosters Bergbahnen (lkp);Davos Klosters Bergbahnen (lkp);DKB-lkp;DKB-lkp;DKB-lkp;DKB-lkp;208;;1900-01-01;2099-12-31;10
ch:1:sboid:100167;100167;Aletsch Riederalp Bahnen AG;Aletsch Riederalp Bahnen AG;Aletsch Riederalp Bahnen AG;Aletsch Riederalp Bahnen AG;ARBAG;ARBAG;ARBAG;ARBAG;209;;1900-01-01;2099-12-31;10
ch:1:sboid:100169;100169;Raron-Unterbäch;Raron-Unterbäch;Raron-Unterbäch;Raron-Unterbäch;LRU;LRU;LRU;LRU;211;;1900-01-01;2099-12-31;10
ch:1:sboid:100170;100170;Chalais-Briey-Vercorin;Chalais-Briey-Vercorin;Chalais-Briey-Vercorin;Chalais-Briey-Vercorin;CBV;CBV;CBV;CBV;212;;1900-01-01;2099-12-31;10
ch:1:sboid:100171;100171;Schwägalp-Säntis;Schwägalp-Säntis;Schwägalp-Säntis;Schwägalp-Säntis;LSS;LSS;LSS;LSS;213;;1900-01-01;2099-12-31;10
ch:1:sboid:101063;101063;Funiva San Carlo-Robiei;Funiva San Carlo-Robiei;Funiva San Carlo-Robiei;Funiva San Carlo-Robiei;FSCR;FSCR;FSCR;FSCR;3123;;1900-01-01;2099-12-31;12
ch:1:sboid:101065;101065;Funivia Monte Lema SA;Funivia Monte Lema SA;Funivia Monte Lema SA;Funivia Monte Lema SA;FML-fml;FML-fml;FML-fml;FML-fml;3125;;1900-01-01;2018-01-12;12
ch:1:sboid:101068;101068;Sesselbahn Krümmenschwil-Rietbach;Sesselbahn Krümmenschwil-Rietbach;Sesselbahn Krümmenschwil-Rietbach;Sesselbahn Krümmenschwil-Rietbach;SKR;SKR;SKR;SKR;3128;;1900-01-01;2099-12-31;12
ch:1:sboid:101069;101069;Sesselbahn Wildhaus-Gamplüt;Sesselbahn Wildhaus-Gamplüt;Sesselbahn Wildhaus-Gamplüt;Sesselbahn Wildhaus-Gamplüt;SWG;SWG;SWG;SWG;3129;;1900-01-01;2099-12-31;12
ch:1:sboid:101191;101191;Engelberger Auto-Betriebe;Engelberger Auto-Betriebe;Engelberger Auto-Betriebe;Engelberger Auto-Betriebe;EAB;EAB;EAB;EAB;7058;;1900-01-01;2099-12-31;32
ch:1:sboid:101192;101192;Elektrobus Zermatt;Elektrobus Zermatt;Elektrobus Zermatt;Elektrobus Zermatt;EBZ-ebz;EBZ-ebz;EBZ-ebz;EBZ-ebz;7059;;1900-01-01;2018-01-13;32
ch:1:sboid:101193;101193;Ortsbus Weggis;Ortsbus Weggis;Ortsbus Weggis;Ortsbus Weggis;OBW;OBW;OBW;OBW;7060;;1900-01-01;2099-12-31;32
ch:1:sboid:101194;101194;Ortsbus Saas-Fee;Ortsbus Saas-Fee;Ortsbus Saas-Fee;Ortsbus Saas-Fee;OSF;OSF;OSF;OSF;7061;;1900-01-01;2099-12-31;32
ch:1:sboid:101195;101195;Office du tourisme de Leysin;Office du tourisme de Leysin;Office du tourisme de Leysin;Office du tourisme de Leysin;OTL;OTL;OTL;OTL;7062;;1900-01-01;2099-12-31;32
ch:1:sboid:101197;101197;Bus urbain Verbier;Bus urbain Verbier;Bus urbain Verbier;Bus urbain Verbier;BUV;BUV;BUV;BUV;7064;;1900-01-01;2099-12-31;32
ch:1:sboid:101198;101198;Bus de la commune de Riddes;Bus de la commune de Riddes;Bus de la commune de Riddes;Bus de la commune de Riddes;BCR;BCR;BCR;BCR;7065;;1900-01-01;2099-12-31;32
ch:1:sboid:101200;101200;Busbetrieb Oberems-Gruben;Busbetrieb Oberems-Gruben;Busbetrieb Oberems-Gruben;Busbetrieb Oberems-Gruben;BOG;BOG;BOG;BOG;7067;;1900-01-01;2099-12-31;32
ch:1:sboid:101203;101203;Taxi, Bau- und Traxarbeiten Willi Schaad;Taxi, Bau- und Traxarbeiten Willi Schaad;Taxi, Bau- und Traxarbeiten Willi Schaad;Taxi, Bau- und Traxarbeiten Willi Schaad;TWS;TWS;TWS;TWS;7070;;1900-01-01;2099-12-31;32
ch:1:sboid:101206;101206;Commune di Poschiavo;Commune di Poschiavo;Commune di Poschiavo;Commune di Poschiavo;CdP;CdP;CdP;CdP;7073;;1900-01-01;2099-12-31;32
ch:1:sboid:100446;100446;GM Tauschgeräte-Gebühren: Miete;GM Tauschgeräte-Gebühren: Miete;GM Tauschgeräte-Gebühren: Miete;GM Tauschgeräte-Gebühren: Miete;TG-Miet;TG-Miet;TG-Miet;TG-Miet;543;;1900-01-01;2099-12-31;95
ch:1:sboid:101408;101408;RMR Neuhausen                O;RMR Neuhausen                O;RMR Neuhausen                O;RMR Neuhausen                O;RMR NH;RMR NH;RMR NH;RMR NH;21545;;1900-01-01;2099-12-31;60
ch:1:sboid:101409;101409;ECORT Testfilialen Galileo   O;ECORT Testfilialen Galileo   O;ECORT Testfilialen Galileo   O;ECORT Testfilialen Galileo   O;ECORT Gali;ECORT Gali;ECORT Gali;ECORT Gali;21546;;1900-01-01;2099-12-31;60
ch:1:sboid:101411;101411;ECORT Testfilialen Worldspan O;ECORT Testfilialen Worldspan O;ECORT Testfilialen Worldspan O;ECORT Testfilialen Worldspan O;ECORT Worl;ECORT Worl;ECORT Worl;ECORT Worl;21548;;1900-01-01;2099-12-31;60
ch:1:sboid:101412;101412;ECORT Testfilialen Amadeus   O;ECORT Testfilialen Amadeus   O;ECORT Testfilialen Amadeus   O;ECORT Testfilialen Amadeus   O;ECORT Amad;ECORT Amad;ECORT Amad;ECORT Amad;21549;;1900-01-01;2099-12-31;60
ch:1:sboid:101416;101416;Fortuna Küssnacht am Rigi    O;Fortuna Küssnacht am Rigi    O;Fortuna Küssnacht am Rigi    O;Fortuna Küssnacht am Rigi    O;FORTUNA;FORTUNA;FORTUNA;FORTUNA;21553;;1900-01-01;2099-12-31;60
ch:1:sboid:101419;101419;Glisenti St. Moritz          O;Glisenti St. Moritz          O;Glisenti St. Moritz          O;Glisenti St. Moritz          O;GLISENTI;GLISENTI;GLISENTI;GLISENTI;21556;;1900-01-01;2099-12-31;60
ch:1:sboid:101427;101427;Frossard Basel               O;Frossard Basel               O;Frossard Basel               O;Frossard Basel               O;FROSSARD;FROSSARD;FROSSARD;FROSSARD;21564;;1900-01-01;2099-12-31;60
ch:1:sboid:101434;101434;Hotelplan Schweiz AG         O;Hotelplan Schweiz AG         O;Hotelplan Schweiz AG         O;Hotelplan Schweiz AG         O;HOTELPLAN;HOTELPLAN;HOTELPLAN;HOTELPLAN;21572;;1900-01-01;2099-12-31;60
ch:1:sboid:100615;100615;Auto AG Uri;Auto AG Uri;Auto AG Uri;Auto AG Uri;AAGU;AAGU;AAGU;AAGU;816;;1900-01-01;2099-12-31;30
ch:1:sboid:100618;100618;Automobil Rottal AG;Automobil Rottal AG;Automobil Rottal AG;Automobil Rottal AG;ARAG;ARAG;ARAG;ARAG;819;;1900-01-01;2099-12-31;30
ch:1:sboid:101580;101580;Inna Tour Moscow             O;Inna Tour Moscow             O;Inna Tour Moscow             O;Inna Tour Moscow             O;INNA TOUR;INNA TOUR;INNA TOUR;INNA TOUR;21737;;1900-01-01;2099-12-31;60
ch:1:sboid:101581;101581;Intersoc Bruxelles           O;Intersoc Bruxelles           O;Intersoc Bruxelles           O;Intersoc Bruxelles           O;INTERSOC;INTERSOC;INTERSOC;INTERSOC;21738;;1900-01-01;2099-12-31;60
ch:1:sboid:101582;101582;Hotelplan International      O;Hotelplan International      O;Hotelplan International      O;Hotelplan International      O;HOPLA INT;HOPLA INT;HOPLA INT;HOPLA INT;21739;;1900-01-01;2099-12-31;60
ch:1:sboid:101583;101583;Traveloteca Madrid           O;Traveloteca Madrid           O;Traveloteca Madrid           O;Traveloteca Madrid           O;TRAVELOTEC;TRAVELOTEC;TRAVELOTEC;TRAVELOTEC;21741;;1900-01-01;2099-12-31;60
ch:1:sboid:101584;101584;TSW Travel Moscow            O;TSW Travel Moscow            O;TSW Travel Moscow            O;TSW Travel Moscow            O;TSW TRAVEL;TSW TRAVEL;TSW TRAVEL;TSW TRAVEL;21743;;1900-01-01;2099-12-31;60
ch:1:sboid:101585;101585;Bern Tourismus               O;Bern Tourismus               O;Bern Tourismus               O;Bern Tourismus               O;BERN TOUR;BERN TOUR;BERN TOUR;BERN TOUR;21744;;1900-01-01;2099-12-31;60
ch:1:sboid:101586;101586;Jet Travel Moscow            O;Jet Travel Moscow            O;Jet Travel Moscow            O;Jet Travel Moscow            O;JET TRAVEL;JET TRAVEL;JET TRAVEL;JET TRAVEL;21745;;1900-01-01;2099-12-31;60
ch:1:sboid:100300;100300;Bergbahnen Sörenberg AG - fikt;Bergbahnen Sörenberg AG - fikt;Bergbahnen Sörenberg AG - fikt;Bergbahnen Sörenberg AG - fikt;BSAG-fikt;BSAG-fikt;BSAG-fikt;BSAG-fikt;343;;1900-01-01;2099-12-31;10
ch:1:sboid:100302;100302;Gotthard Oberalp Arena;Gotthard Oberalp Arena;Gotthard Oberalp Arena;Gotthard Oberalp Arena;GOBA-Pool;GOBA-Pool;GOBA-Pool;GOBA-Pool;345;;1900-01-01;2099-12-31;10
ch:1:sboid:100303;100303;Luftseilbahn Kandersteg-Allmenalp;Luftseilbahn Kandersteg-Allmenalp;Luftseilbahn Kandersteg-Allmenalp;Luftseilbahn Kandersteg-Allmenalp;LSKA;LSKA;LSKA;LSKA;346;;1900-01-01;2099-12-31;10
ch:1:sboid:100107;100107;Lugano-Monte San Salvatore;Lugano-Monte San Salvatore;Lugano-Monte San Salvatore;Lugano-Monte San Salvatore;MS;MS;MS;MS;134;;1900-01-01;2099-12-31;10
ch:1:sboid:101561;101561;Herman Travel Tallinn        O;Herman Travel Tallinn        O;Herman Travel Tallinn        O;Herman Travel Tallinn        O;HERMAN TRA;HERMAN TRA;HERMAN TRA;HERMAN TRA;21710;;1900-01-01;2099-12-31;60
ch:1:sboid:101562;101562;Girasole Milano              O;Girasole Milano              O;Girasole Milano              O;Girasole Milano              O;GIRASOLE;GIRASOLE;GIRASOLE;GIRASOLE;21711;;1900-01-01;2099-12-31;60
ch:1:sboid:101563;101563;Railtour Luxembourg          O;Railtour Luxembourg          O;Railtour Luxembourg          O;Railtour Luxembourg          O;RT LUX;RT LUX;RT LUX;RT LUX;21712;;1900-01-01;2099-12-31;60
ch:1:sboid:101564;101564;Crystal Holidays Kingston    O;Crystal Holidays Kingston    O;Crystal Holidays Kingston    O;Crystal Holidays Kingston    O;CRYSTAL KI;CRYSTAL KI;CRYSTAL KI;CRYSTAL KI;21714;;1900-01-01;2099-12-31;60
ch:1:sboid:101565;101565;BTI Polska Warszawa          O;BTI Polska Warszawa          O;BTI Polska Warszawa          O;BTI Polska Warszawa          O;BTI POLSKA;BTI POLSKA;BTI POLSKA;BTI POLSKA;21715;;1900-01-01;2099-12-31;60
ch:1:sboid:101566;101566;Rail Tours Austria Wien      O;Rail Tours Austria Wien      O;Rail Tours Austria Wien      O;Rail Tours Austria Wien      O;RT AUSTRIA;RT AUSTRIA;RT AUSTRIA;RT AUSTRIA;21716;;1900-01-01;2099-12-31;60
ch:1:sboid:101567;101567;Al-Tayer Dubai               O;Al-Tayer Dubai               O;Al-Tayer Dubai               O;Al-Tayer Dubai               O;AL-TAYER;AL-TAYER;AL-TAYER;AL-TAYER;21718;;1900-01-01;2099-12-31;60
ch:1:sboid:101568;101568;Planeta Tours Moscow         O;Planeta Tours Moscow         O;Planeta Tours Moscow         O;Planeta Tours Moscow         O;PLANETA TO;PLANETA TO;PLANETA TO;PLANETA TO;21719;;1900-01-01;2099-12-31;60
ch:1:sboid:101569;101569;Alpine Cl.Hotels Switzerland O;Alpine Cl.Hotels Switzerland O;Alpine Cl.Hotels Switzerland O;Alpine Cl.Hotels Switzerland O;ALPINE CLA;ALPINE CLA;ALPINE CLA;ALPINE CLA;21721;;1900-01-01;2099-12-31;60
ch:1:sboid:101572;101572;SNCB Voyageurs Int Bruxelles O;SNCB Voyageurs Int Bruxelles O;SNCB Voyageurs Int Bruxelles O;SNCB Voyageurs Int Bruxelles O;SNCB VOY;SNCB VOY;SNCB VOY;SNCB VOY;21726;;1900-01-01;2099-12-31;60
ch:1:sboid:101573;101573;Incotrade Frauenfeld         O;Incotrade Frauenfeld         O;Incotrade Frauenfeld         O;Incotrade Frauenfeld         O;INCOTRADE;INCOTRADE;INCOTRADE;INCOTRADE;21727;;1900-01-01;2099-12-31;60
ch:1:sboid:101577;101577;Avantix-Travel Moscow        O;Avantix-Travel Moscow        O;Avantix-Travel Moscow        O;Avantix-Travel Moscow        O;AVANTIX;AVANTIX;AVANTIX;AVANTIX;21732;;1900-01-01;2099-12-31;60
ch:1:sboid:101578;101578;Swiss Quality Hotels Stäfä   O;Swiss Quality Hotels Stäfä   O;Swiss Quality Hotels Stäfä   O;Swiss Quality Hotels Stäfä   O;SWISS QUAL;SWISS QUAL;SWISS QUAL;SWISS QUAL;21733;;1900-01-01;2099-12-31;60
ch:1:sboid:100719;100719;Erlebnis Schweiz AG ASm;Erlebnis Schweiz AG Asm;Erlebnis Schweiz AG Asm;Erlebnis Schweiz AG ASm;ASm-T;ASm-T;ASm-T;ASm-T;920;;1900-01-01;2099-12-31;95
ch:1:sboid:101171;101171;Autobusbetrieb LEE;Autobusbetrieb LEE;Autobusbetrieb LEE;Autobusbetrieb LEE;LEE Bus Fp;LEE Bus Fp;LEE Bus Fp;LEE Bus Fp;7038;;1900-01-01;2099-12-31;32
ch:1:sboid:101172;101172;Reichenbach Transporte Gstaad;Reichenbach Transporte Gstaad;Reichenbach Transporte Gstaad;Reichenbach Transporte Gstaad;RTG;RTG;RTG;RTG;7039;;1900-01-01;2099-12-31;32
ch:1:sboid:101175;101175;BLS Bus Fahrplanbedürfnisse;BLS Bus Fahrplanbedürfnisse;BLS Bus Fahrplanbedürfnisse;BLS Bus Fahrplanbedürfnisse;BLS BusFpl;BLS BusFpl;BLS BusFpl;BLS BusFpl;7042;;1900-01-01;2099-12-31;32
ch:1:sboid:101176;101176;VCO Trasporti;VCO Trasporti;VCO Trasporti;VCO Trasporti;VCO;VCO;VCO;VCO;7043;;1900-01-01;2099-12-31;32
ch:1:sboid:101178;101178;Bürgerbus Gondiswil-Huttwil-Ufhusen;Bürgerbus Gondiswil-Huttwil-Ufhusen;Bürgerbus Gondiswil-Huttwil-Ufhusen;Bürgerbus Gondiswil-Huttwil-Ufhusen;GHU;GHU;GHU;GHU;7045;;1900-01-01;2099-12-31;32
ch:1:sboid:101179;101179;Bürgerbus Kleindietwil-Oeschenbach-Walterswil;Bürgerbus Kleindietwil-Oeschenbach-Walterswil;Bürgerbus Kleindietwil-Oeschenbach-Walterswil;Bürgerbus Kleindietwil-Oeschenbach-Walterswil;OUW;OUW;OUW;OUW;7046;;1900-01-01;2099-12-31;32
ch:1:sboid:101180;101180;Sumvitg Turissem;Sumvitg Turissem;Sumvitg Turissem;Sumvitg Turissem;SUTU;SUTU;SUTU;SUTU;7047;;1900-01-01;2099-12-31;32
ch:1:sboid:101181;101181;SOB Bus Fahrplanbedürfnisse;SOB Bus Fahrplanbedürfnisse;SOB Bus Fahrplanbedürfnisse;SOB Bus Fahrplanbedürfnisse;SOB BusFpl;SOB BusFpl;SOB BusFpl;SOB BusFpl;7048;;1900-01-01;2099-12-31;32
ch:1:sboid:101182;101182;Förderverein Region Gantrisch;Förderverein Region Gantrisch;Förderverein Region Gantrisch;Förderverein Region Gantrisch;FRG;FRG;FRG;FRG;7049;;1900-01-01;2099-12-31;32
ch:1:sboid:101183;101183;ZB Bus Fahrplanbedürfnisse;ZB Bus Fahrplanbedürfnisse;ZB Bus Fahrplanbedürfnisse;ZB Bus Fahrplanbedürfnisse;ZB Bus Fpl;ZB Bus Fpl;ZB Bus Fpl;ZB Bus Fpl;7050;;1900-01-01;2099-12-31;32
ch:1:sboid:101184;101184;Kröschenbrunnen Bus;Kröschenbrunnen Bus;Kröschenbrunnen Bus;Kröschenbrunnen Bus;Kröbu;Kröbu;Kröbu;Kröbu;7051;;1900-01-01;2099-12-31;32
ch:1:sboid:100599;100599;Stadtbus Frauenfeld;Stadtbus Frauenfeld;Stadtbus Frauenfeld;Stadtbus Frauenfeld;SBF;SBF;SBF;SBF;797;;1900-01-01;2099-12-31;30
ch:1:sboid:100601;100601;Verkehrsbetriebe Herisau;Verkehrsbetriebe Herisau;Verkehrsbetriebe Herisau;Verkehrsbetriebe Herisau;VBH;VBH;VBH;VBH;799;;1900-01-01;2099-12-31;30
ch:1:sboid:100603;100603;PostAuto Schweiz Berg;CarPostal Suisse Berg;AutoPostale Svizzera Berg;PostAuto Schweiz Berg;PAG Berg;PAG Berg;PAG Berg;PAG Berg;802;;1900-01-01;2099-12-31;30
ch:1:sboid:100604;100604;Verkehrsbetrieb LIECHTENSTEINmobil;Verkehrsbetrieb LIECHTENSTEINmobil;Verkehrsbetrieb LIECHTENSTEINmobil;Verkehrsbetrieb LIECHTENSTEINmobil;VLM;VLM;VLM;VLM;805;;1900-01-01;2099-12-31;30
ch:1:sboid:100936;100936;GYSEV (österreichischer Teil);GYSEV (österreichischer Teil);GYSEV (österreichischer Teil);GYSEV (österreichischer Teil);GYSEV OEBB;GYSEV OEBB;GYSEV OEBB;GYSEV OEBB;1981;;1900-01-01;2099-12-31;95
ch:1:sboid:100939;100939;Dänische Privatbahnen;Dänische Privatbahnen;Dänische Privatbahnen;Dänische Privatbahnen;DSB 1    $;DSB 1    $;DSB 1    $;DSB 1    $;1986;;1900-01-01;2099-12-31;95
ch:1:sboid:100940;100940;SNCB-Verbindungen via Roosendaal (fr);SNCB-Verbindungen via Roosendaal (fr);SNCB-Verbindungen via Roosendaal (fr);SNCB-Verbindungen via Roosendaal (fr);SNCB 3   $;SNCB 3   $;SNCB 3   $;SNCB 3   $;1988;;1900-01-01;2099-12-31;95
ch:1:sboid:100941;100941;Publikation nur Kursbuch/Plakat;Publikation nur Kursbuch/Plakat;Publikation nur Kursbuch/Plakat;Publikation nur Kursbuch/Plakat;KUBUS;KUBUS;KUBUS;KUBUS;3000;;1900-01-01;2099-12-31;95
ch:1:sboid:100943;100943;Aletsch-Express Riederalp-Bettmeralp;Aletsch-Express Riederalp-Bettmeralp;Aletsch-Express Riederalp-Bettmeralp;Aletsch-Express Riederalp-Bettmeralp;ALEX;ALEX;ALEX;ALEX;3002;;1900-01-01;2099-12-31;12
ch:1:sboid:100944;100944;Télésiège Buttes-La Robella;Télésiège Buttes-La Robella;Télésiège Buttes-La Robella;Télésiège Buttes-La Robella;TBR;TBR;TBR;TBR;3003;;1900-01-01;2099-12-31;12
ch:1:sboid:100945;100945;Transports publics fribourgeois;Transports publics fribourgeois;Transports publics fribourgeois;Transports publics fribourgeois;TPF-nstp;TPF-nstp;TPF-nstp;TPF-nstp;3004;;1900-01-01;2099-12-31;12
ch:1:sboid:100947;100947;Sportbahnen Axalp-Windegg;Sportbahnen Axalp-Windegg;Sportbahnen Axalp-Windegg;Sportbahnen Axalp-Windegg;SAW;SAW;SAW;SAW;3006;;1900-01-01;2099-12-31;12
ch:1:sboid:100720;100720;Sammelstiftung Symova;Sammelstiftung Symova;Sammelstiftung Symova;Sammelstiftung Symova;SYMOVA;SYMOVA;SYMOVA;SYMOVA;921;;1900-01-01;2099-12-31;95
ch:1:sboid:100722;100722;Versicherungsverband Schweizerischer Transportunternehmungen;Versicherungsverband Schweizerischer Transportunternehmungen;Versicherungsverband Schweizerischer Transportunternehmungen;Versicherungsverband Schweizerischer Transportunternehmungen;VSST;VSST;VSST;VSST;923;;1900-01-01;2099-12-31;95
ch:1:sboid:100724;100724;Mercato Shop Teufen;Mercato Shop Teufen;Mercato Shop Teufen;Mercato Shop Teufen;AB-T;AB-T;AB-T;AB-T;925;;1900-01-01;2099-12-31;95
ch:1:sboid:100725;100725;Bern-Lötschberg-Simplon/Tunnel Autoverlad;Bern-Lötschberg-Simplon/Tunnel Autoverlad;Bern-Lötschberg-Simplon/Tunnel Autoverlad;Bern-Lötschberg-Simplon/Tunnel Autoverlad;BLS Tunnel;BLS Tunnel;BLS Tunnel;BLS Tunnel;926;;1900-01-01;2099-12-31;95
ch:1:sboid:100726;100726;Regional Pass Montreux/Vevey;Regional Pass Montreux/Vevey;Regional Pass Montreux/Vevey;Regional Pass Montreux/Vevey;RP Mx/Vv;RP Mx/Vv;RP Mx/Vv;RP Mx/Vv;927;;1900-01-01;2099-12-31;95
ch:1:sboid:100727;100727;Regional Pass Tell;Regional Pass Tell;Regional Pass Tell;Regional Pass Tell;RP Tell;RP Tell;RP Tell;RP Tell;928;;1900-01-01;2099-12-31;95
ch:1:sboid:100728;100728;Rundungen Pauschalverkehre PRISMA;Rundungen Pauschalverkehre PRISMA;Rundungen Pauschalverkehre PRISMA;Rundungen Pauschalverkehre PRISMA;Rund Pausc;Rund Pausc;Rund Pausc;Rund Pausc;929;;1900-01-01;2099-12-31;95
ch:1:sboid:100730;100730;Rent a Bike;Rent a Bike;Rent a Bike;Rent a Bike;RentaBike;RentaBike;RentaBike;RentaBike;931;;1900-01-01;2099-12-31;50
ch:1:sboid:100731;100731;Kastensystem P-KS-SA;Kastensystem P-KS-SA;Kastensystem P-KS-SA;Kastensystem P-KS-SA;KS P-KS-SA;KS P-KS-SA;KS P-KS-SA;KS P-KS-SA;932;;1900-01-01;2099-12-31;95
ch:1:sboid:100732;100732;PubliBike AG;PubliBike AG;PubliBike AG;PubliBike AG;PAG-T;PAG-T;PAG-T;PAG-T;933;;1900-01-01;2099-12-31;95
ch:1:sboid:100733;100733;RhB-Spezialleistungen;RhB-Spezialleistungen;RhB-Spezialleistungen;RhB-Spezialleistungen;RhB-Spez;RhB-Spez;RhB-Spez;RhB-Spez;934;;1900-01-01;2099-12-31;95
ch:1:sboid:100734;100734;TPF-prestations spéciales;TPF-prestations spéciales;TPF-prestations spéciales;TPF-prestations spéciales;TPF-spéc;TPF-spéc;TPF-spéc;TPF-spéc;935;;1900-01-01;2099-12-31;95
ch:1:sboid:100735;100735;SOB-Spezialleistungen;SOB-Spezialleistungen;SOB-Spezialleistungen;SOB-Spezialleistungen;SOB-Spez;SOB-Spez;SOB-Spez;SOB-Spez;936;;1900-01-01;2099-12-31;95
ch:1:sboid:100736;100736;JB-Spezialleistungen;JB-Spezialleistungen;JB-Spezialleistungen;JB-Spezialleistungen;JB-Spez;JB-Spez;JB-Spez;JB-Spez;937;;1900-01-01;2099-12-31;95
ch:1:sboid:100737;100737;BLS-Spezialleistungen;BLS-Spezialleistungen;BLS-Spezialleistungen;BLS-Spezialleistungen;BLS-Spez;BLS-Spez;BLS-Spez;BLS-Spez;938;;1900-01-01;2099-12-31;95
ch:1:sboid:101045;101045;Luftseilbahn Brunni-Holzegg;Luftseilbahn Brunni-Holzegg;Luftseilbahn Brunni-Holzegg;Luftseilbahn Brunni-Holzegg;LBH;LBH;LBH;LBH;3105;;1900-01-01;2099-12-31;12
ch:1:sboid:100836;100836;Eisenbahnen der Republik Srpska;Chemins de fer de la République Srpska;Eisenbahnen der Republik Srpska;Eisenbahnen der Republik Srpska;ZRS;ZRS;ZRS;ZRS;1044;;1900-01-01;2099-12-31;11
ch:1:sboid:100837;100837;interner Gebrauch SBB P-RS = SZU;interner Gebrauch SBB P-RS = SZU;interner Gebrauch SBB P-RS = SZU;interner Gebrauch SBB P-RS = SZU;SZU      $;SZU      $;SZU      $;SZU      $;1045;;1900-01-01;2099-12-31;11
ch:1:sboid:100838;100838;interner Gebrauch SBB P-RS = MThB;interner Gebrauch SBB P-RS = MThB;interner Gebrauch SBB P-RS = MThB;interner Gebrauch SBB P-RS = MThB;MThB     $;MThB     $;MThB     $;MThB     $;1046;;1900-01-01;2099-12-31;11
ch:1:sboid:100839;100839;interner Gebrauch SBB P-RS = SOB;interner Gebrauch SBB P-RS = SOB;interner Gebrauch SBB P-RS = SOB;interner Gebrauch SBB P-RS = SOB;SOB      $;SOB      $;SOB      $;SOB      $;1047;;1900-01-01;2099-12-31;11
ch:1:sboid:100840;100840;interner Gebrauch SBB P-RS = BT;interner Gebrauch SBB P-RS = BT;interner Gebrauch SBB P-RS = BT;interner Gebrauch SBB P-RS = BT;BT       $;BT       $;BT       $;BT       $;1048;;1900-01-01;2099-12-31;11
ch:1:sboid:100841;100841;interner Gebrauch SBB P-RS = RHB;interner Gebrauch SBB P-RS = RHB;interner Gebrauch SBB P-RS = RHB;interner Gebrauch SBB P-RS = RHB;RHB      $;RHB      $;RHB      $;RHB      $;1049;;1900-01-01;2099-12-31;11
ch:1:sboid:100842;100842;Bosnische Eisenbahnen;Chemin de fer du Bosnie;Bosnische Eisenbahnen;Bosnische Eisenbahnen;ZFBH;ZFBH;ZFBH;ZFBH;1050;;1900-01-01;2099-12-31;11
ch:1:sboid:100843;100843;Polnische Staatsbahnen;Chemins de fer de l'Etat polonais;Polnische Staatsbahnen;Polish State Railways;PKP;PKP;PKP;PKP;1051;;1900-01-01;2099-12-31;11
ch:1:sboid:100844;100844;Bulgarische Staatsbahnen;Chemins de fer de l'Etat bulgare;Bulgarische Staatsbahnen;Bulgarian State Railways;BDZ;BDZ;BDZ;BDZ;1052;;1900-01-01;2099-12-31;11
ch:1:sboid:100845;100845;Rumänische Eisenbahnen;Chemins de fer roumains;Rumänische Eisenbahnen;Roumanian Railways;CFR;CFR;CFR;CFR;1053;;1900-01-01;2099-12-31;11
ch:1:sboid:100847;100847;Ungarische Staatseisenbahnen;Chemins de fer de l'Etat hongrois;Ungarische Staatseisenbahnen;Hungarian State Railways;MAV;MAV;MAV;MAV;1055;;1900-01-01;2099-12-31;11
ch:1:sboid:100849;100849;Aserbaidschanische Eisenbahn;Aserbaidschanische Eisenbahn;Aserbaidschanische Eisenbahn;Azerbaidjan Railways;AZ;AZ;AZ;AZ;1057;;1900-01-01;2099-12-31;11
ch:1:sboid:100850;100850;Armenische Eisenbahn;Chemins de fer de l'Arménie;Armenische Eisenbahn;Armenian Railways;ARM;ARM;ARM;ARM;1058;;1900-01-01;2099-12-31;11
ch:1:sboid:100851;100851;Kirgisische Eisenbahn;Chemins de fer de Kirghizie;Kirgisische Eisenbahn;Kirghistian Railways;KRG;KRG;KRG;KRG;1059;;1900-01-01;2099-12-31;11
ch:1:sboid:100946;100946;Kaisereggbahnen Schwarzsee AG;Kaisereggbahnen Schwarzsee AG;Kaisereggbahnen Schwarzsee AG;Kaisereggbahnen Schwarzsee AG;KBS;KBS;KBS;KBS;3005;;1900-01-01;2099-12-31;12
ch:1:sboid:100948;100948;Blonay-Chamby;Blonay-Chamby;Blonay-Chamby;Blonay-Chamby;cmBC;cmBC;cmBC;cmBC;3007;;1900-01-01;2099-12-31;12
ch:1:sboid:100951;100951;Pointe de l'Au SA;Pointe de l'Au SA;Pointe de l'Au SA;Pointe de l'Au SA;TCPA;TCPA;TCPA;TCPA;3010;;1900-01-01;2099-12-31;12
ch:1:sboid:100952;100952;Internationaler Eisenbahnverband;Union Internationale des Chemins de fer;Internationaler Eisenbahnverband;International Union of Railways;UIC      $;UIC      $;UIC      $;UIC      $;3011;;1900-01-01;2099-12-31;95
ch:1:sboid:100953;100953;Luftseilbahngenossenschaft Gitschenen;Luftseilbahngenossenschaft Gitschenen;Luftseilbahngenossenschaft Gitschenen;Luftseilbahngenossenschaft Gitschenen;LGGI;LGGI;LGGI;LGGI;3012;;1900-01-01;2099-12-31;12
ch:1:sboid:100954;100954;Télé-Villars-Gryon;Télé-Villars-Gryon;Télé-Villars-Gryon;Télé-Villars-Gryon;TVGD;TVGD;TVGD;TVGD;3013;;1900-01-01;2099-12-31;12
ch:1:sboid:101396;101396;Cosa Zürich                  O;Cosa Zürich                  O;Cosa Zürich                  O;Cosa Zürich                  O;COSA ZUE;COSA ZUE;COSA ZUE;COSA ZUE;21532;;1900-01-01;2099-12-31;60
ch:1:sboid:101397;101397;Voyagiste Plus Genève    BK  O;Voyagiste Plus Genève    BK  O;Voyagiste Plus Genève    BK  O;Voyagiste Plus Genève    BK  O;VOY PLU GE;VOY PLU GE;VOY PLU GE;VOY PLU GE;21533;;1900-01-01;2099-12-31;60
ch:1:sboid:101399;101399;City Zug                     O;City Zug                     O;City Zug                     O;City Zug                     O;CITY ZG;CITY ZG;CITY ZG;CITY ZG;21535;;1900-01-01;2099-12-31;60
ch:1:sboid:101400;101400;Scubamare Allschwil      BK  O;Scubamare Allschwil      BK  O;Scubamare Allschwil      BK  O;Scubamare Allschwil      BK  O;SCUBAMA AL;SCUBAMA AL;SCUBAMA AL;SCUBAMA AL;21536;;1900-01-01;2099-12-31;60
ch:1:sboid:101401;101401;Perle Noire Crans-s.-S. BK  O;Perle Noire Crans-s.-S. BK  O;Perle Noire Crans-s.-S. BK  O;Perle Noire Crans-s.-S. BK  O;PERLE  CRS;PERLE  CRS;PERLE  CRS;PERLE  CRS;21537;;1900-01-01;2099-12-31;60
ch:1:sboid:101403;101403;HRG Zürich Altstetten        O;HRG Zürich Altstetten        O;HRG Zürich Altstetten        O;HRG Zürich Altstetten        O;HRG ZH ALT;HRG ZH ALT;HRG ZH ALT;HRG ZH ALT;21539;;1900-01-01;2099-12-31;60
ch:1:sboid:101405;101405;ECORT Testfilialen Sabre     O;ECORT Testfilialen Sabre     O;ECORT Testfilialen Sabre     O;ECORT Testfilialen Sabre     O;ECORT Test;ECORT Test;ECORT Test;ECORT Test;21542;;1900-01-01;2099-12-31;60
ch:1:sboid:101046;101046;Bergbahnen Hoch-Ybrig AG;Bergbahnen Hoch-Ybrig AG;Bergbahnen Hoch-Ybrig AG;Bergbahnen Hoch-Ybrig AG;BHY-ssks;BHY-ssks;BHY-ssks;BHY-ssks;3106;;1900-01-01;2099-12-31;12
ch:1:sboid:101047;101047;Bergbahnen Hoch-Ybrig AG;Bergbahnen Hoch-Ybrig AG;Bergbahnen Hoch-Ybrig AG;Bergbahnen Hoch-Ybrig AG;BHY-sssp;BHY-sssp;BHY-sssp;BHY-sssp;3107;;1900-01-01;2099-12-31;12
ch:1:sboid:101048;101048;Luftseilbahn Attinghausen-Brüsti AG;Luftseilbahn Attinghausen-Brüsti AG;Luftseilbahn Attinghausen-Brüsti AG;Luftseilbahn Attinghausen-Brüsti AG;LABAG;LABAG;LABAG;LABAG;3108;;1900-01-01;2099-12-31;12
ch:1:sboid:101049;101049;Luftseilbahn Flüelen-Eggbergen;Luftseilbahn Flüelen-Eggbergen;Luftseilbahn Flüelen-Eggbergen;Luftseilbahn Flüelen-Eggbergen;LFE;LFE;LFE;LFE;3109;;1900-01-01;2099-12-31;12
ch:1:sboid:101050;101050;Biel Kinzig AG;Biel Kinzig AG;Biel Kinzig AG;Biel Kinzig AG;KLSB;KLSB;KLSB;KLSB;3110;;1900-01-01;2017-12-19;12
ch:1:sboid:101052;101052;Seilbahngenossenschaft Golzern;Seilbahngenossenschaft Golzern;Seilbahngenossenschaft Golzern;Seilbahngenossenschaft Golzern;SBGG;SBGG;SBGG;SBGG;3112;;1900-01-01;2099-12-31;12
ch:1:sboid:101055;101055;Luftseilbahngenossenschaft Arnisee;Luftseilbahngenossenschaft Arnisee;Luftseilbahngenossenschaft Arnisee;Luftseilbahngenossenschaft Arnisee;LGIA;LGIA;LGIA;LGIA;3115;;1900-01-01;2099-12-31;12
ch:1:sboid:101059;101059;Cantone di Grigioni;Cantone di Grigioni;Cantone di Grigioni;Cantone di Grigioni;GR-fab;GR-fab;GR-fab;GR-fab;3119;;1900-01-01;2099-12-31;12
ch:1:sboid:101060;101060;Funivia Selma-Landarenca;Funivia Selma-Landarenca;Funivia Selma-Landarenca;Funivia Selma-Landarenca;GR-fsl;GR-fsl;GR-fsl;GR-fsl;3120;;1900-01-01;2099-12-31;12
ch:1:sboid:101061;101061;Kraftwerk Sanetsch AG;Kraftwerk Sanetsch AG;Kraftwerk Sanetsch AG;Kraftwerk Sanetsch AG;KWS;KWS;KWS;KWS;3121;;1900-01-01;2099-12-31;12
ch:1:sboid:101062;101062;Comunità del Tremorgio SA;Comunità del Tremorgio SA;Comunità del Tremorgio SA;Comunità del Tremorgio SA;CTR;CTR;CTR;CTR;3122;;1900-01-01;2099-12-31;12
ch:1:sboid:100755;100755;Verband öffentlicher Verkehr;Verband öffentlicher Verkehr;Verband öffentlicher Verkehr;Verband öffentlicher Verkehr;VöV;VöV;VöV;VöV;956;;1900-01-01;2099-12-31;80
ch:1:sboid:100757;100757;Freilichtmuseum Ballenberg;Freilichtmuseum Ballenberg;Freilichtmuseum Ballenberg;Freilichtmuseum Ballenberg;FLMB;FLMB;FLMB;FLMB;958;;1900-01-01;2099-12-31;50
ch:1:sboid:100852;100852;Irische Transportgesellschaft;Compagnie des transports irlandais;Irische Transportgesellschaft;Irish Transport Compagny;CIE;CIE;CIE;CIE;1060;;1900-01-01;2099-12-31;11
ch:1:sboid:100853;100853;Nationale koreanische Eisenbahnen;Chemin de fer coréen national;Nationale koreanische Eisenbahnen;Nationale koreanische Eisenbahnen;KNR;KNR;KNR;KNR;1061;;1900-01-01;2099-12-31;11
ch:1:sboid:100854;100854;Montenegro Eisenbahn;Chemins de fer du Montenegro;Chemins de fer du Montenegro;Montenegro Railway;ZCG;ZCG;ZCG;ZCG;1062;;1900-01-01;2099-12-31;10
ch:1:sboid:100855;100855;BLS Lötschbergbahn;BLS Lötschbergbahn;BLS Lötschbergbahn;BLS Lötschbergbahn;BLS      $;BLS      $;BLS      $;BLS      $;1063;;1900-01-01;2099-12-31;11
ch:1:sboid:100856;100856;Eisenbahnen der Region Nord Milano;Chemins de fer du Nord-Milan;Eisenbahnen der Region Nord Milano;North-Milan Railways;FNM;FNM;FNM;FNM;1064;;1900-01-01;2099-12-31;11
ch:1:sboid:100857;100857;Mazedonische Eisenbahnen;Chemin de fer Mazédoniens;Mazedonische Eisenbahnen;Mazedonische Eisenbahnen;MZ;MZ;MZ;MZ;1065;;1900-01-01;2099-12-31;11
ch:1:sboid:100858;100858;Tadshikische Eisenbahn;Chemins de fer du Tadjikistan;Tadshikische Eisenbahn;Tadjikistian Railways;TZD;TZD;TZD;TZD;1066;;1900-01-01;2099-12-31;11
ch:1:sboid:100859;100859;Turkmenische Eisenbahn;Chemins de fer du Turkménistan;Turkmenische Eisenbahn;Turkmenische Eisenbahn;TRK;TRK;TRK;TRK;1067;;1900-01-01;2099-12-31;11
ch:1:sboid:100860;100860;Ahaus-Alstätter-Eisenbahnen / Bentheimer Eisenbahn AG;Chemin de fer d'Ahaus Alstätt / Chemin de fer de Bentheim SA;Ahaus-Alstätter-Eisenbahnen / Bentheimer Eisenbahn AG;Ahaus-Alstätter-Eisenbahnen / Bentheimer Eisenbahn AG;AAE / BE;AAE / BE;AAE / BE;AAE / BE;1068;;1900-01-01;2099-12-31;11
ch:1:sboid:100861;100861;Gesellschaft Eurotunnel;Société Eurotunnel;Gesellschaft Eurotunnel;Gesellschaft Eurotunnel;Eurotunnel;Eurotunnel;Eurotunnel;Eurotunnel;1069;;1900-01-01;2099-12-31;11
ch:1:sboid:100862;100862;Britische Eisenbahnen;Chemins de fer britanniques;Britische Eisenbahnen;British Railways;BR;BR;BR;BR;1070;;1900-01-01;2099-12-31;11
ch:1:sboid:100863;100863;Nationalverwaltung der Spanischen Eisenbahnen;Réseau National des Chemins de fer espagnols;Nationalverwaltung der Spanischen Eisenbahnen;Spanish National Railway Company;RENFE;RENFE;RENFE;RENFE;1071;;1900-01-01;2099-12-31;11
ch:1:sboid:100864;100864;Serbia Eisenbahn;Serbia Eisenbahn;Serbia Eisenbahn;Serbia Eisenbahn;SV;SV;SV;SV;1072;;1900-01-01;2099-12-31;11
ch:1:sboid:100865;100865;Hellenische Eisenbahnen;Organisme des Chemins de fer helléniques;Hellenische Eisenbahnen;Hellenic Railways Organisation;CH;CH;CH;CH;1073;;1900-01-01;2099-12-31;11
ch:1:sboid:100867;100867;Staatsbahn der Türkischen Republik;Chemins de fer d'Etat de la République turque;Staatsbahn der Türkischen Republik;Turkish Republic State Railways;TCDD;TCDD;TCDD;TCDD;1075;;1900-01-01;2099-12-31;11
ch:1:sboid:100965;100965;TéléLaFouly-ChampexLac SA;TéléLaFouly-ChampexLac SA;TéléLaFouly-ChampexLac SA;TéléLaFouly-ChampexLac SA;TLFC;TLFC;TLFC;TLFC;3024;;1900-01-01;2099-12-31;12
ch:1:sboid:100966;100966;Teles-Vicheres-Liddes;Teles-Vicheres-Liddes;Teles-Vicheres-Liddes;Teles-Vicheres-Liddes;TVL-tcbb;TVL-tcbb;TVL-tcbb;TVL-tcbb;3025;;1900-01-01;2099-12-31;12
ch:1:sboid:100967;100967;Val Sporz-Piz Scalottas;Val Sporz-Piz Scalottas;Val Sporz-Piz Scalottas;Val Sporz-Piz Scalottas;LHB-ssps;LHB-ssps;LHB-ssps;LHB-ssps;3026;;1900-01-01;2099-12-31;12
ch:1:sboid:100971;100971;Wasserngrat 2000 AG Gstaad;Wasserngrat 2000 AG Gstaad;Wasserngrat 2000 AG Gstaad;Wasserngrat 2000 AG Gstaad;WG;WG;WG;WG;3030;;1900-01-01;2099-12-31;12
ch:1:sboid:100972;100972;Télé-Thyon SA;Télé-Thyon SA;Télé-Thyon SA;Télé-Thyon SA;TTY-tce;TTY-tce;TTY-tce;TTY-tce;3031;;1900-01-01;2099-12-31;12
ch:1:sboid:100973;100973;Theytaz Excursions Sion;Theytaz Excursions Sion;Theytaz Excursions Sion;Theytaz Excursions Sion;TSD-tcld;TSD-tcld;TSD-tcld;TSD-tcld;3032;;1900-01-01;2099-12-31;12
ch:1:sboid:100974;100974;Télésiège Lana-La Meina;Télésiège Lana-La Meina;Télésiège Lana-La Meina;Télésiège Lana-La Meina;TLLM;TLLM;TLLM;TLLM;3033;;1900-01-01;2099-12-31;12
ch:1:sboid:100975;100975;Télé Mont-Noble SA;Télé Mont-Noble SA;Télé Mont-Noble SA;Télé Mont-Noble SA;TMN;TMN;TMN;TMN;3034;;1900-01-01;2099-12-31;12
ch:1:sboid:100977;100977;Luftseilbahngenossenschaft Brügg-Eierschwand-Ruogig;Luftseilbahngenossenschaft Brügg-Eierschwand-Ruogig;Luftseilbahngenossenschaft Brügg-Eierschwand-Ruogig;Luftseilbahngenossenschaft Brügg-Eierschwand-Ruogig;LBER;LBER;LBER;LBER;3036;;1900-01-01;2099-12-31;12
ch:1:sboid:100978;100978;Skilifte Mörlialp Giswil;Skilifte Mörlialp Giswil;Skilifte Mörlialp Giswil;Skilifte Mörlialp Giswil;SMGI;SMGI;SMGI;SMGI;3037;;1900-01-01;2099-12-31;12
ch:1:sboid:101436;101436;TUI (Suisse) Zürich          O;TUI (Suisse) Zürich          O;TUI (Suisse) Zürich          O;TUI (Suisse) Zürich          O;TUI SUISSE;TUI SUISSE;TUI SUISSE;TUI SUISSE;21574;;1900-01-01;2099-12-31;60
ch:1:sboid:101437;101437;SABRE Zürich Ausbildung      O;SABRE Zürich Ausbildung      O;SABRE Zürich Ausbildung      O;SABRE Zürich Ausbildung      O;SABRE ZH;SABRE ZH;SABRE ZH;SABRE ZH;21575;;1900-01-01;2099-12-31;60
ch:1:sboid:101439;101439;Japan Travel Genève          O;Japan Travel Genève          O;Japan Travel Genève          O;Japan Travel Genève          O;JAPAN GE;JAPAN GE;JAPAN GE;JAPAN GE;21577;;1900-01-01;2099-12-31;60
ch:1:sboid:100759;100759;Bergbahnen Splügen-Tambo AG;Bergbahnen Splügen-Tambo AG;Bergbahnen Splügen-Tambo AG;Bergbahnen Splügen-Tambo AG;BST;BST;BST;BST;960;;1900-01-01;2099-12-31;50
ch:1:sboid:101070;101070;Sportbahnen Amden;Sportbahnen Amden;Sportbahnen Amden;Sportbahnen Amden;SBA;SBA;SBA;SBA;3130;;1900-01-01;2099-12-31;12
ch:1:sboid:101071;101071;Berggasthaus Staubern AG;Berggasthaus Staubern AG;Berggasthaus Staubern AG;Berggasthaus Staubern AG;BGST;BGST;BGST;BGST;3131;;1900-01-01;2099-12-31;12
ch:1:sboid:101072;101072;Luftseilbahn Oberschan-Hotel Alvier;Luftseilbahn Oberschan-Hotel Alvier;Luftseilbahn Oberschan-Hotel Alvier;Luftseilbahn Oberschan-Hotel Alvier;LHA;LHA;LHA;LHA;3132;;1900-01-01;2099-12-31;12
ch:1:sboid:101075;101075;Sportbahnen Kerenzerberg GmbH;Sportbahnen Kerenzerberg GmbH;Sportbahnen Kerenzerberg GmbH;Sportbahnen Kerenzerberg GmbH;SK;SK;SK;SK;3135;;1900-01-01;2099-12-31;12
ch:1:sboid:101076;101076;Genossenschaft Luftseilbahn Morgenholz;Genossenschaft Luftseilbahn Morgenholz;Genossenschaft Luftseilbahn Morgenholz;Genossenschaft Luftseilbahn Morgenholz;GLNM;GLNM;GLNM;GLNM;3136;;1900-01-01;2099-12-31;12
ch:1:sboid:101077;101077;Luftseilbahn Kies-Mettmen;Luftseilbahn Kies-Mettmen;Luftseilbahn Kies-Mettmen;Luftseilbahn Kies-Mettmen;LKM;LKM;LKM;LKM;3137;;1900-01-01;2099-12-31;12
ch:1:sboid:101078;101078;Luftseilbahn Matt-Weissenberg;Luftseilbahn Matt-Weissenberg;Luftseilbahn Matt-Weissenberg;Luftseilbahn Matt-Weissenberg;LMW;LMW;LMW;LMW;3138;;1900-01-01;2099-12-31;12
ch:1:sboid:101079;101079;Sportbahnen Elm;Sportbahnen Elm;Sportbahnen Elm;Sportbahnen Elm;SBE;SBE;SBE;SBE;3139;;1900-01-01;2099-12-31;12
ch:1:sboid:101080;101080;Aelplibahn Malans Genossenschaft;Aelplibahn Malans Genossenschaft;Aelplibahn Malans Genossenschaft;Aelplibahn Malans Genossenschaft;AMG;AMG;AMG;AMG;3140;;1900-01-01;2099-12-31;12
ch:1:sboid:101081;101081;Bergbahnen Grüsch-Danusa;Bergbahnen Grüsch-Danusa;Bergbahnen Grüsch-Danusa;Bergbahnen Grüsch-Danusa;BGD/bgd;BGD/bgd;BGD/bgd;BGD/bgd;3141;;1900-01-01;2018-01-12;12
ch:1:sboid:101082;101082;Gemeinde Fanas;Gemeinde Fanas;Gemeinde Fanas;Gemeinde Fanas;SFE;SFE;SFE;SFE;3142;;1900-01-01;2099-12-31;12
ch:1:sboid:101083;101083;Davos Klosters Bergbahnen AG;Davos Klosters Bergbahnen AG;Davos Klosters Bergbahnen AG;Davos Klosters Bergbahnen AG;DKB-lswj;DKB-lswj;DKB-lswj;DKB-lswj;3143;;1900-01-01;2099-12-31;12
ch:1:sboid:101087;101087;Bergbahnen Piz Mundaun AG;Bergbahnen Piz Mundaun AG;Bergbahnen Piz Mundaun AG;Bergbahnen Piz Mundaun AG;BPM-svcs;BPM-svcs;BPM-svcs;BPM-svcs;3148;;1900-01-01;2099-12-31;12
ch:1:sboid:100868;100868;Norwegische Staatsbahnen;Chemins de fer de l'Etat Norvégien;Norwegische Staatsbahnen;Norwegian State Railways;NSB;NSB;NSB;NSB;1076;;1900-01-01;2099-12-31;11
ch:1:sboid:100869;100869;Kroatische Eisenbahnen;Chemins de fer croates;Kroatische Eisenbahnen;Croatian Railways;HZ;HZ;HZ;HZ;1078;;1900-01-01;2099-12-31;11
ch:1:sboid:101207;101207;Gemeinde Rongellen;Gemeinde Rongellen;Gemeinde Rongellen;Gemeinde Rongellen;GRO;GRO;GRO;GRO;7074;;1900-01-01;2099-12-31;32
ch:1:sboid:101208;101208;VBL Transport AG Luzern;VBL Transport AG Luzern;VBL Transport AG Luzern;VBL Transport AG Luzern;VBLT;VBLT;VBLT;VBLT;7075;;1900-01-01;2099-12-31;32
ch:1:sboid:101209;101209;Automobildienst Matterhorn Gotthard Bahn;Automobildienst Matterhorn Gotthard Bahn;Automobildienst Matterhorn Gotthard Bahn;Automobildienst Matterhorn Gotthard Bahn;MGB/Autbvz;MGB/Autbvz;MGB/Autbvz;MGB/Autbvz;7076;;1900-01-01;2099-12-31;32
ch:1:sboid:101210;101210;Mountain Tour Bergün GmbH;Mountain Tour Bergün GmbH;Mountain Tour Bergün GmbH;Mountain Tour Bergün GmbH;MTB;MTB;MTB;MTB;7077;;1900-01-01;2099-12-31;32
ch:1:sboid:101211;101211;Busbetrieb Gemeinde Bergün;Busbetrieb Gemeinde Bergün;Busbetrieb Gemeinde Bergün;Busbetrieb Gemeinde Bergün;BGB;BGB;BGB;BGB;7078;;1900-01-01;2099-12-31;32
ch:1:sboid:101212;101212;PRO REGIO HUTTWIL Verkehrsverein;PRO REGIO HUTTWIL Verkehrsverein;PRO REGIO HUTTWIL Verkehrsverein;PRO REGIO HUTTWIL Verkehrsverein;PRH;PRH;PRH;PRH;7079;;1900-01-01;2099-12-31;32
ch:1:sboid:101213;101213;Bus alpin Lombachalp;Bus alpin Lombachalp;Bus alpin Lombachalp;Bus alpin Lombachalp;BALA;BALA;BALA;BALA;7080;;1900-01-01;2099-12-31;32
ch:1:sboid:101214;101214;Verein Naturpark Beverin;Verein Naturpark Beverin;Verein Naturpark Beverin;Verein Naturpark Beverin;VNB;VNB;VNB;VNB;7081;;1900-01-01;2099-12-31;32
ch:1:sboid:101215;101215;José Vogel Transport Taxi;José Vogel Transport Taxi;José Vogel Transport Taxi;José Vogel Transport Taxi;JVTT;JVTT;JVTT;JVTT;7082;;1900-01-01;2099-12-31;32
ch:1:sboid:101216;101216;Bus urbain de Collombey-Muraz / Commune de Collombey-Muraz;Bus urbain de Collombey-Muraz / Commune de Collombey-Muraz;Bus urbain de Collombey-Muraz / Commune de Collombey-Muraz;Bus urbain de Collombey-Muraz / Commune de Collombey-Muraz;BUCM;BUCM;BUCM;BUCM;7083;;1900-01-01;2099-12-31;32
ch:1:sboid:101217;101217;Transports urbains de Monthey / Ville de Monthey;Transports urbains de Monthey / Ville de Monthey;Transports urbains de Monthey / Ville de Monthey;Transports urbains de Monthey / Ville de Monthey;TUM;TUM;TUM;TUM;7084;;1900-01-01;2099-12-31;32
ch:1:sboid:101218;101218;Ortsbus der Gemeinde Silvaplana / Gemeinde Silvaplana;Ortsbus der Gemeinde Silvaplana / Gemeinde Silvaplana;Ortsbus der Gemeinde Silvaplana / Gemeinde Silvaplana;Ortsbus der Gemeinde Silvaplana / Gemeinde Silvaplana;OGS;OGS;OGS;OGS;7085;;1900-01-01;2099-12-31;32
ch:1:sboid:101220;101220;Bürgerbus Rüderswil;Bürgerbus Rüderswil;Bürgerbus Rüderswil;Bürgerbus Rüderswil;RSZ;RSZ;RSZ;RSZ;7087;;1900-01-01;2099-12-31;32
ch:1:sboid:101222;101222;Moonliner;Moonliner;Moonliner;Moonliner;MNL;MNL;MNL;MNL;7089;;1900-01-01;2099-12-31;32
ch:1:sboid:101441;101441;Kontiki-Saga Baden           O;Kontiki-Saga Baden           O;Kontiki-Saga Baden           O;Kontiki-Saga Baden           O;KONTIKI;KONTIKI;KONTIKI;KONTIKI;21579;;1900-01-01;2099-12-31;60
ch:1:sboid:101442;101442;Royal Wallisellen            O;Royal Wallisellen            O;Royal Wallisellen            O;Royal Wallisellen            O;ROYAL WS;ROYAL WS;ROYAL WS;ROYAL WS;21580;;1900-01-01;2099-12-31;60
ch:1:sboid:101444;101444;ECORT Test Galileo           O;ECORT Test Galileo           O;ECORT Test Galileo           O;ECORT Test Galileo           O;ECORTgali;ECORTgali;ECORTgali;ECORTgali;21582;;1900-01-01;2099-12-31;60
ch:1:sboid:101589;101589;Kuoni International          O;Kuoni International          O;Kuoni International          O;Kuoni International          O;KUONI INT;KUONI INT;KUONI INT;KUONI INT;21751;;1900-01-01;2099-12-31;60
ch:1:sboid:101590;101590;Rail Europe Harrison         O;Rail Europe Harrison         O;Rail Europe Harrison         O;Rail Europe Harrison         O;RAIL EUROP;RAIL EUROP;RAIL EUROP;RAIL EUROP;21752;;1900-01-01;2099-12-31;60
ch:1:sboid:101591;101591;Sky Line Travel Kyiv         O;Sky Line Travel Kyiv         O;Sky Line Travel Kyiv         O;Sky Line Travel Kyiv         O;SKY LINE;SKY LINE;SKY LINE;SKY LINE;21753;;1900-01-01;2099-12-31;60
ch:1:sboid:101593;101593;MAV-RB Budapest              O;MAV-RB Budapest              O;MAV-RB Budapest              O;MAV-RB Budapest              O;MAV-RB;MAV-RB;MAV-RB;MAV-RB;21757;;1900-01-01;2099-12-31;60
ch:1:sboid:101594;101594;NUR Neckermann Budapest      O;NUR Neckermann Budapest      O;NUR Neckermann Budapest      O;NUR Neckermann Budapest      O;NUR NECKER;NUR NECKER;NUR NECKER;NUR NECKER;21758;;1900-01-01;2099-12-31;60
ch:1:sboid:101599;101599;Inexco Genève               O;Inexco Genève               O;Inexco Genève               O;Inexco Genève               O;INEXCO GE;INEXCO GE;INEXCO GE;INEXCO GE;21765;;1900-01-01;2099-12-31;60
ch:1:sboid:101604;101604;Sunstar Hotels Liestal       O;Sunstar Hotels Liestal       O;Sunstar Hotels Liestal       O;Sunstar Hotels Liestal       O;SUNSTAR LI;SUNSTAR LI;SUNSTAR LI;SUNSTAR LI;21770;;1900-01-01;2099-12-31;60
ch:1:sboid:100445;100445;GM Tauschgeräte-Gebühren: Realersatz;GM Tauschgeräte-Gebühren: Realersatz;GM Tauschgeräte-Gebühren: Realersatz;GM Tauschgeräte-Gebühren: Realersatz;TG-Real;TG-Real;TG-Real;TG-Real;542;;1900-01-01;2099-12-31;95
ch:1:sboid:100447;100447;GM Tauschgeräte-Gebühren: Verspätungsgebühren;GM Tauschgeräte-Gebühren: Verspätungsgebühren;GM Tauschgeräte-Gebühren: Verspätungsgebühren;GM Tauschgeräte-Gebühren: Verspätungsgebühren;TG-Vers;TG-Vers;TG-Vers;TG-Vers;544;;1900-01-01;2099-12-31;95
ch:1:sboid:100448;100448;GM Tauschgeräte-Umbuchungen (technischer Code);GM Tauschgeräte-Umbuchungen (technischer Code);GM Tauschgeräte-Umbuchungen (technischer Code);GM Tauschgeräte-Umbuchungen (technischer Code);TG-Umb;TG-Umb;TG-Umb;TG-Umb;545;;1900-01-01;2099-12-31;95
ch:1:sboid:100449;100449;GM Lademittel-Gebühren: Miete/Verspätung;GM Lademittel-Gebühren: Miete/Verspätung;GM Lademittel-Gebühren: Miete/Verspätung;GM Lademittel-Gebühren: Miete/Verspätung;LM-M/V;LM-M/V;LM-M/V;LM-M/V;546;;1900-01-01;2099-12-31;95
ch:1:sboid:100450;100450;GM RID-Gebühren;GM RID-Gebühren;GM RID-Gebühren;GM RID-Gebühren;RID-Geb;RID-Geb;RID-Geb;RID-Geb;547;;1900-01-01;2099-12-31;95
ch:1:sboid:100451;100451;Mucho Mobile;Mucho Mobile;Mucho Mobile;Mucho Mobile;MUMO;MUMO;MUMO;MUMO;548;;1900-01-01;2099-12-31;95
ch:1:sboid:100452;100452;MGB melectronics - M-Budget-Mobile;MGB melectronics - M-Budget-Mobile;MGB melectronics - M-Budget-Mobile;MGB melectronics - M-Budget-Mobile;MBMO;MBMO;MBMO;MBMO;549;;1900-01-01;2099-12-31;95
ch:1:sboid:100453;100453;Ortel Mobile;Ortel Mobile;Ortel Mobile;Ortel Mobile;OrtM;OrtM;OrtM;OrtM;550;;1900-01-01;2099-12-31;95
ch:1:sboid:100454;100454;Dienstsendungen Güter;Dienstsendungen Güter;Dienstsendungen Güter;Dienstsendungen Güter;DS Güter;DS Güter;DS Güter;DS Güter;551;;1900-01-01;2099-12-31;95
ch:1:sboid:100455;100455;Zoll Güter;Zoll Güter;Zoll Güter;Zoll Güter;Zoll;Zoll;Zoll;Zoll;552;;1900-01-01;2099-12-31;95
ch:1:sboid:100456;100456;Minidifferenzen Güter;Minidifferenzen Güter;Minidifferenzen Güter;Minidifferenzen Güter;Minidiff;Minidiff;Minidiff;Minidiff;553;;1900-01-01;2099-12-31;95
ch:1:sboid:100457;100457;Umrechnungsdifferenzen Güter;Umrechnungsdifferenzen Güter;Umrechnungsdifferenzen Güter;Umrechnungsdifferenzen Güter;Umrechdiff;Umrechdiff;Umrechdiff;Umrechdiff;554;;1900-01-01;2099-12-31;95
ch:1:sboid:100458;100458;GrindelwaldSPORTS AG;GrindelwaldSPORTS AG;GrindelwaldSPORTS AG;GrindelwaldSPORTS AG;GWSPORTS;GWSPORTS;GWSPORTS;GWSPORTS;555;;1900-01-01;2099-12-31;99
ch:1:sboid:100462;100462;Erlös Liegenschaften;Erlös Liegenschaften;Erlös Liegenschaften;Erlös Liegenschaften;Erlös LN;Erlös LN;Erlös LN;Erlös LN;559;;1900-01-01;2099-12-31;95
ch:1:sboid:100471;100471;Wahlstrecke LBT;Wahlstrecke LBT;Wahlstrecke LBT;Wahlstrecke LBT;MGB/PAG;MGB/PAG;MGB/PAG;MGB/PAG;568;;1900-01-01;2099-12-31;95
ch:1:sboid:100472;100472;TV Testtarifverbund;TV Testtarifverbund;TV Testtarifverbund;TV Testtarifverbund;TVTEST;TVTEST;TVTEST;TVTEST;569;;1900-01-01;2099-12-31;51
ch:1:sboid:100622;100622;Basler Verkehrsbetriebe;Basler Verkehrsbetriebe;Basler Verkehrsbetriebe;Basler Verkehrsbetriebe;BVB;BVB;BVB;BVB;823;;1900-01-01;2099-12-31;30
ch:1:sboid:100626;100626;Städtische Verkehrsbetriebe Bern;Städtische Verkehrsbetriebe Bern;Städtische Verkehrsbetriebe Bern;Städtische Verkehrsbetriebe Bern;SVB Auto;SVB Auto;SVB Auto;SVB Auto;827;;1900-01-01;2099-12-31;30
ch:1:sboid:100631;100631;Autobetrieb Weesen-Amden;Autobetrieb Weesen-Amden;Autobetrieb Weesen-Amden;Autobetrieb Weesen-Amden;AWA;AWA;AWA;AWA;832;;1900-01-01;2099-12-31;30
ch:1:sboid:100633;100633;Service d'automobiles TPF;Service d'automobiles TPF;Service d'automobiles TPF;Service d'automobiles TPF;TPF Auto;TPF Auto;TPF Auto;TPF Auto;834;;1900-01-01;2099-12-31;30
ch:1:sboid:100634;100634;Service d'automobiles TMR;Service d'automobiles TMR;Service d'automobiles TMR;Service d'automobiles TMR;TMR Auto;TMR Auto;TMR Auto;TMR Auto;835;;1900-01-01;2099-12-31;30
ch:1:sboid:100637;100637;Verkehrsbetriebe Zürichsee und Oberland;Verkehrsbetriebe Zürichsee und Oberland;Verkehrsbetriebe Zürichsee und Oberland;Verkehrsbetriebe Zürichsee und Oberland;VZO;VZO;VZO;VZO;838;;1900-01-01;2099-12-31;30
ch:1:sboid:100955;100955;Télésiège Montsoflo - La Berra;Télésiège Montsoflo - La Berra;Télésiège Montsoflo - La Berra;Télésiège Montsoflo - La Berra;TMLB;TMLB;TMLB;TMLB;3014;;1900-01-01;2099-12-31;12
ch:1:sboid:100956;100956;Télé-Villars-Gryon SA;Télé-Villars-Gryon SA;Télé-Villars-Gryon SA;Télé-Villars-Gryon SA;TVGD-tcbc;TVGD-tcbc;TVGD-tcbc;TVGD-tcbc;3015;;1900-01-01;2099-12-31;12
ch:1:sboid:100957;100957;Télé-Villars-Gryon SA;Télé-Villars-Gryon SA;Télé-Villars-Gryon SA;Télé-Villars-Gryon SA;TVGD-tlrc;TVGD-tlrc;TVGD-tlrc;TVGD-tlrc;3016;;1900-01-01;2099-12-31;12
ch:1:sboid:100959;100959;Télé-Villars-Gryon SA;Télé-Villars-Gryon SA;Télé-Villars-Gryon SA;Télé-Villars-Gryon SA;TVGD-tlnc;TVGD-tlnc;TVGD-tlnc;TVGD-tlnc;3018;;1900-01-01;2099-12-31;12
ch:1:sboid:100960;100960;Télé-Villars-Gryon SA;Télé-Villars-Gryon SA;Télé-Villars-Gryon SA;Télé-Villars-Gryon SA;TVGD-tlncp;TVGD-tlncp;TVGD-tlncp;TVGD-tlncp;3019;;1900-01-01;2099-12-31;12
ch:1:sboid:101605;101605;Artex Kyiv                   O;Artex Kyiv                   O;Artex Kyiv                   O;Artex Kyiv                   O;ARTEX KYIV;ARTEX KYIV;ARTEX KYIV;ARTEX KYIV;21771;;1900-01-01;2099-12-31;60
ch:1:sboid:100738;100738;STI-Spezialleistungen;STI-Spezialleistungen;STI-Spezialleistungen;STI-Spezialleistungen;STI-Spez;STI-Spez;STI-Spez;STI-Spez;939;;1900-01-01;2099-12-31;95
ch:1:sboid:100739;100739;MOB-prestations spéciales;MOB-prestations spéciales;MOB-prestations spéciales;MOB-prestations spéciales;MOB-spéc;MOB-spéc;MOB-spéc;MOB-spéc;940;;1900-01-01;2099-12-31;95
ch:1:sboid:100740;100740;SBS Spezialleistungen;SBS Spezialleistungen;SBS Spezialleistungen;SBS Spezialleistungen;SBS-Spez;SBS-Spez;SBS-Spez;SBS-Spez;941;;1900-01-01;2099-12-31;95
ch:1:sboid:100741;100741;Jungfrau Top Ski Region;Jungfrau Top Ski Region;Jungfrau Top Ski Region;Jungfrau Top Ski Region;JTSR;JTSR;JTSR;JTSR;942;;1900-01-01;2099-12-31;95
ch:1:sboid:100743;100743;BDWM Transport-Spezialleistungen;BDWM Transport-Spezialleistungen;BDWM Transport-Spezialleistungen;BDWM Transport-Spezialleistungen;BDWM-Spez;BDWM-Spez;BDWM-Spez;BDWM-Spez;944;;1900-01-01;2099-12-31;95
ch:1:sboid:100744;100744;Elvetino AG;Elvetino AG;Elvetino AG;Elvetino AG;Elvetino;Elvetino;Elvetino;Elvetino;945;;1900-01-01;2099-12-31;95
ch:1:sboid:100746;100746;U-Pass RBS Stadt Bern;U-Pass RBS Stadt Bern;U-Pass RBS Stadt Bern;U-Pass RBS Stadt Bern;U-SBE;U-SBE;U-SBE;U-SBE;947;;1900-01-01;2099-12-31;95
ch:1:sboid:100747;100747;Regional Pass Locarno/Ascona;Regional Pass Locarno/Ascona;Regional Pass Locarno/Ascona;Regional Pass Locarno/Ascona;RP Lo/Asc;RP Lo/Asc;RP Lo/Asc;RP Lo/Asc;948;;1900-01-01;2099-12-31;95
ch:1:sboid:100748;100748;Ticino Discovery Card;Ticino Discovery Card;Ticino Discovery Card;Ticino Discovery Card;RP Lg;RP Lg;RP Lg;RP Lg;949;;1900-01-01;2099-12-31;95
ch:1:sboid:100750;100750;RailAway Freizeitangebote CH;RailAway Freizeitangebote CH;RailAway Freizeitangebote CH;RailAway Freizeitangebote CH;RailAway;RailAway;RailAway;RailAway;951;;1900-01-01;2099-12-31;50
ch:1:sboid:100751;100751;Switzerland Travel Centre AG;Switzerland Travel Centre AG;Switzerland Travel Centre AG;Switzerland Travel Centre AG;STC;STC;STC;STC;952;;1900-01-01;2099-12-31;50
ch:1:sboid:100752;100752;Swiss Boat Pass;Swiss Boat Pass;Swiss Boat Pass;Swiss Boat Pass;S BoatPass;S BoatPass;S BoatPass;S BoatPass;953;;1900-01-01;2099-12-31;50
ch:1:sboid:100753;100753;Regional Pass Chablais;Regional Pass Chablais;Regional Pass Chablais;Regional Pass Chablais;RP Chablai;RP Chablai;RP Chablai;RP Chablai;954;;1900-01-01;2099-12-31;95
ch:1:sboid:101097;101097;EWZ Bergeller Kraftwerke;EWZ Bergeller Kraftwerke;EWZ Bergeller Kraftwerke;EWZ Bergeller Kraftwerke;EWZ-pa;EWZ-pa;EWZ-pa;EWZ-pa;3160;;1900-01-01;2099-12-31;12
ch:1:sboid:101098;101098;Luftseilbahnen Samnaun;Luftseilbahnen Samnaun;Luftseilbahnen Samnaun;Luftseilbahnen Samnaun;LS;LS;LS;LS;3161;;1900-01-01;2099-12-31;12
ch:1:sboid:101102;101102;Luftseilbahn Illgau - Vorder Oberberg;Luftseilbahn Illgau - Vorder Oberberg;Luftseilbahn Illgau - Vorder Oberberg;Luftseilbahn Illgau - Vorder Oberberg;LIV;LIV;LIV;LIV;3165;;1900-01-01;2099-12-31;12
ch:1:sboid:101103;101103;Zürcher Museumsbahn;Zürcher Museumsbahn;Zürcher Museumsbahn;Zürcher Museumsbahn;ZMB;ZMB;ZMB;ZMB;3166;;1900-01-01;2099-12-31;12
ch:1:sboid:101104;101104;SBB AG Auslandsverbindungen (KUBUS);SBB AG Auslandsverbindungen (KUBUS);SBB AG Auslandsverbindungen (KUBUS);SBB AG Auslandsverbindungen (KUBUS);SBB Ausl;SBB Ausl;SBB Ausl;SBB Ausl;3167;;1900-01-01;2099-12-31;12
ch:1:sboid:101105;101105;Sportbahnen Braunwald;Sportbahnen Braunwald;Sportbahnen Braunwald;Sportbahnen Braunwald;SPBR;SPBR;SPBR;SPBR;3168;;1900-01-01;2099-12-31;12
ch:1:sboid:101107;101107;Navigation Lac de Joux;Navigation Lac de Joux;Navigation Lac de Joux;Navigation Lac de Joux;NLJ;NLJ;NLJ;NLJ;3181;;1900-01-01;2099-12-31;22
ch:1:sboid:101108;101108;Solarfährbetrieb Thomas Geiger Reichenau;Solarfährbetrieb Thomas Geiger Reichenau;Solarfährbetrieb Thomas Geiger Reichenau;Solarfährbetrieb Thomas Geiger Reichenau;STGR;STGR;STGR;STGR;3182;;1900-01-01;2099-12-31;22
ch:1:sboid:101109;101109;Schiffahrtsunternehmung Silsersee;Schiffahrtsunternehmung Silsersee;Schiffahrtsunternehmung Silsersee;Schiffahrtsunternehmung Silsersee;SS;SS;SS;SS;3183;;1900-01-01;2099-12-31;22
ch:1:sboid:101110;101110;Rheinfähre Paradies Roland Walter;Rheinfähre Paradies Roland Walter;Rheinfähre Paradies Roland Walter;Rheinfähre Paradies Roland Walter;FRW;FRW;FRW;FRW;3184;;1900-01-01;2099-12-31;22
ch:1:sboid:101111;101111;Ernst Mändli AG Nohl;Ernst Mändli AG Nohl;Ernst Mändli AG Nohl;Ernst Mändli AG Nohl;EMAG;EMAG;EMAG;EMAG;3185;;1900-01-01;2099-12-31;22
ch:1:sboid:100885;100885;Portugiesische Eisenbahnen;Chemins de fer portugais;Portugiesische Eisenbahnen;Portugese Railways;CP;CP;CP;CP;1094;;1900-01-01;2099-12-31;11
ch:1:sboid:101224;101224;Stadt Zürich Liegenschaftsverwaltung;Stadt Zürich Liegenschaftsverwaltung;Stadt Zürich Liegenschaftsverwaltung;Stadt Zürich Liegenschaftsverwaltung;ZHLV;ZHLV;ZHLV;ZHLV;7091;;1900-01-01;2099-12-31;32
ch:1:sboid:101225;101225;Internationaler Eisenbahnverband;Union Internationale des Chemins de fer;Internationaler Eisenbahnverband;International Union of Railways;UIC     $;UIC     $;UIC     $;UIC     $;8011;;1900-01-01;2099-12-31;11
ch:1:sboid:101226;101226;Albtal Verkehrs GmbH;Albtal Verkehrs GmbH;Albtal Verkehrs GmbH;Albtal Verkehrs GmbH;AVG/EMN;AVG/EMN;AVG/EMN;AVG/EMN;9000;;1900-01-01;2099-12-31;12
ch:1:sboid:101227;101227;Compania ferroviaria italiana;Compania ferroviaria italiana;Compania ferroviaria italiana;Compania ferroviaria italiana;CFI;CFI;CFI;CFI;9001;;1900-01-01;2099-12-31;12
ch:1:sboid:101228;101228;Cisalpino SA;Cisalpino SA;Cisalpino SA;Cisalpino SA;CIS;CIS;CIS;CIS;9002;;1900-01-01;2099-12-31;12
ch:1:sboid:101229;101229;Club del San Gottardo;Club del San Gottardo;Club del San Gottardo;Club del San Gottardo;CSG;CSG;CSG;CSG;9003;;1900-01-01;2099-12-31;12
ch:1:sboid:101230;101230;Compagnie de Train à Vapeur de la Vallée de Joux;Compagnie de Train à Vapeur de la Vallée de Joux;Compagnie de Train à Vapeur de la Vallée de Joux;Compagnie de Train à Vapeur de la Vallée de Joux;CTVJ;CTVJ;CTVJ;CTVJ;9004;;1900-01-01;2099-12-31;12
ch:1:sboid:101231;101231;Historische Eisenbahn Gesellschaft;Historische Eisenbahn Gesellschaft;Historische Eisenbahn Gesellschaft;Historische Eisenbahn Gesellschaft;HEG;HEG;HEG;HEG;9005;;1900-01-01;2099-12-31;12
ch:1:sboid:101232;101232;Verein historische Seetalbahn;Verein historische Seetalbahn;Verein historische Seetalbahn;Verein historische Seetalbahn;HSTB;HSTB;HSTB;HSTB;9006;;1900-01-01;2099-12-31;12
ch:1:sboid:101233;101233;P & O Ferries;P & O Ferries;P & O Ferries;P & O Ferries;P & O;P & O;P & O;P & O;9007;;1900-01-01;2099-12-31;12
ch:1:sboid:101234;101234;RAIL ITALIA S.r.l.;RAIL ITALIA S.r.l.;RAIL ITALIA S.r.l.;RAIL ITALIA S.r.l.;RAIL IT;RAIL IT;RAIL IT;RAIL IT;9008;;1900-01-01;2099-12-31;12
ch:1:sboid:101235;101235;Railion Italia;Railion Italia;Railion Italia;Railion Italia;RIT;RIT;RIT;RIT;9009;;1900-01-01;2099-12-31;12
ch:1:sboid:101236;101236;Rail One;Rail One;Rail One;Rail One;RONE;RONE;RONE;RONE;9010;;1900-01-01;2099-12-31;12
ch:1:sboid:101237;101237;Salzburger Lokalbahn;Salzburger Lokalbahn;Salzburger Lokalbahn;Salzburger Lokalbahn;SLB;SLB;SLB;SLB;9011;;1900-01-01;2099-12-31;12
ch:1:sboid:101238;101238;Swisstrain SA;Swisstrain SA;Swisstrain SA;Swisstrain SA;SWTR;SWTR;SWTR;SWTR;9012;;1900-01-01;2099-12-31;12
ch:1:sboid:101239;101239;Trans Rail GmbH;Trans Rail GmbH;Trans Rail GmbH;Trans Rail GmbH;TR;TR;TR;TR;9013;;1900-01-01;2099-12-31;12
ch:1:sboid:101480;101480;TCS Vernier                  O;TCS Vernier                  O;TCS Vernier                  O;TCS Vernier                  O;TCS VERNIE;TCS VERNIE;TCS VERNIE;TCS VERNIE;21621;;1900-01-01;2099-12-31;60
ch:1:sboid:101491;101491;Geriberz Windisch            O;Geriberz Windisch            O;Geriberz Windisch            O;Geriberz Windisch            O;GERIBERZ;GERIBERZ;GERIBERZ;GERIBERZ;21632;;1900-01-01;2099-12-31;60
ch:1:sboid:101498;101498;Swiss Express Basel          O;Swiss Express Basel          O;Swiss Express Basel          O;Swiss Express Basel          O;SWISS EXPR;SWISS EXPR;SWISS EXPR;SWISS EXPR;21640;;1900-01-01;2099-12-31;60
ch:1:sboid:101500;101500;Switzerland Travel Zürich    O;Switzerland Travel Zürich    O;Switzerland Travel Zürich    O;Switzerland Travel Zürich    O;SWITZER TR;SWITZER TR;SWITZER TR;SWITZER TR;21642;;1900-01-01;2099-12-31;60
ch:1:sboid:101505;101505;Crystal Zug                  O;Crystal Zug                  O;Crystal Zug                  O;Crystal Zug                  O;CRYSTAL;CRYSTAL;CRYSTAL;CRYSTAL;21648;;1900-01-01;2099-12-31;60
ch:1:sboid:101446;101446;Kuoni Zürich                 O;Kuoni Zürich                 O;Kuoni Zürich                 O;Kuoni Zürich                 O;KUONI;KUONI;KUONI;KUONI;21584;;1900-01-01;2099-12-31;60
ch:1:sboid:101448;101448;ECORT Testmigration          O;ECORT Testmigration          O;ECORT Testmigration          O;ECORT Testmigration          O;ECORTTestm;ECORTTestm;ECORTTestm;ECORTTestm;21586;;1900-01-01;2099-12-31;60
ch:1:sboid:101451;101451;ROLEX Genève                 O;ROLEX Genève                 O;ROLEX Genève                 O;ROLEX Genève                 O;ROLEX GE;ROLEX GE;ROLEX GE;ROLEX GE;21590;;1900-01-01;2099-12-31;60
ch:1:sboid:101455;101455;Malloth Davos                O;Malloth Davos                O;Malloth Davos                O;Malloth Davos                O;MALLOTH;MALLOTH;MALLOTH;MALLOTH;21594;;1900-01-01;2099-12-31;60
ch:1:sboid:101457;101457;Marti Bern                   O;Marti Bern                   O;Marti Bern                   O;Marti Bern                   O;MARTI;MARTI;MARTI;MARTI;21596;;1900-01-01;2099-12-31;60
ch:1:sboid:101459;101459;ECO Zürich                   O;ECO Zürich                   O;ECO Zürich                   O;ECO Zürich                   O;ECO ZH;ECO ZH;ECO ZH;ECO ZH;21598;;1900-01-01;2099-12-31;60
ch:1:sboid:101461;101461;Müllener Herisau             O;Müllener Herisau             O;Müllener Herisau             O;Müllener Herisau             O;MUELLENER;MUELLENER;MUELLENER;MUELLENER;21601;;1900-01-01;2099-12-31;60
ch:1:sboid:101465;101465;Nayak Basel                  O;Nayak Basel                  O;Nayak Basel                  O;Nayak Basel                  O;NAYAK;NAYAK;NAYAK;NAYAK;21605;;1900-01-01;2099-12-31;60
ch:1:sboid:101468;101468;Rotstab Liestal              O;Rotstab Liestal              O;Rotstab Liestal              O;Rotstab Liestal              O;ROTSTAB;ROTSTAB;ROTSTAB;ROTSTAB;21608;;1900-01-01;2099-12-31;60
ch:1:sboid:101477;101477;Travelhouse Zürich           O;Travelhouse Zürich           O;Travelhouse Zürich           O;Travelhouse Zürich           O;TRAVHOU ZH;TRAVHOU ZH;TRAVHOU ZH;TRAVHOU ZH;21617;;1900-01-01;2099-12-31;60
ch:1:sboid:100638;100638;Zugerland Verkehrsbetriebe;Zugerland Verkehrsbetriebe;Zugerland Verkehrsbetriebe;Zugerland Verkehrsbetriebe;ZVB;ZVB;ZVB;ZVB;839;;1900-01-01;2099-12-31;30
ch:1:sboid:101090;101090;Sesselbahn Vals-Gadenstatt;Sesselbahn Vals-Gadenstatt;Sesselbahn Vals-Gadenstatt;Sesselbahn Vals-Gadenstatt;SVGa;SVGa;SVGa;SVGa;3151;;1900-01-01;2099-12-31;12
ch:1:sboid:101091;101091;Bergbahnen Piz Mundaun AG;Bergbahnen Piz Mundaun AG;Bergbahnen Piz Mundaun AG;Bergbahnen Piz Mundaun AG;BPM-svh;BPM-svh;BPM-svh;BPM-svh;3152;;1900-01-01;2099-12-31;12
ch:1:sboid:101606;101606;Travel Agency St. Petersburg O;Travel Agency St. Petersburg O;Travel Agency St. Petersburg O;Travel Agency St. Petersburg O;TRAVEL AGE;TRAVEL AGE;TRAVEL AGE;TRAVEL AGE;21773;;1900-01-01;2099-12-31;60
ch:1:sboid:101608;101608;DB Vertrieb Milano           O;DB Vertrieb Milano           O;DB Vertrieb Milano           O;DB Vertrieb Milano           O;DB VER MI;DB VER MI;DB VER MI;DB VER MI;21779;;1900-01-01;2099-12-31;60
ch:1:sboid:101609;101609;OTP Holidays Surrey          O;OTP Holidays Surrey          O;OTP Holidays Surrey          O;OTP Holidays Surrey          O;OTP SURREY;OTP SURREY;OTP SURREY;OTP SURREY;21780;;1900-01-01;2099-12-31;60
ch:1:sboid:101612;101612;Czech Railways Praha         O;Czech Railways Praha         O;Czech Railways Praha         O;Czech Railways Praha         O;CZECH RAIL;CZECH RAIL;CZECH RAIL;CZECH RAIL;21783;;1900-01-01;2099-12-31;60
ch:1:sboid:101613;101613;Dusek Tours Brno             O;Dusek Tours Brno             O;Dusek Tours Brno             O;Dusek Tours Brno             O;DUSEK BRNO;DUSEK BRNO;DUSEK BRNO;DUSEK BRNO;21786;;1900-01-01;2099-12-31;60
ch:1:sboid:101614;101614;Vista Travel Budapest        O;Vista Travel Budapest        O;Vista Travel Budapest        O;Vista Travel Budapest        O;VISTA TRAV;VISTA TRAV;VISTA TRAV;VISTA TRAV;21787;;1900-01-01;2099-12-31;60
ch:1:sboid:101616;101616;Luzern Tourismus             O;Luzern Tourismus             O;Luzern Tourismus             O;Luzern Tourismus             O;LUZERN TOU;LUZERN TOU;LUZERN TOU;LUZERN TOU;21789;;1900-01-01;2099-12-31;60
ch:1:sboid:101617;101617;Thomas Cook Nederland        O;Thomas Cook Nederland        O;Thomas Cook Nederland        O;Thomas Cook Nederland        O;TH COOK NL;TH COOK NL;TH COOK NL;TH COOK NL;21790;;1900-01-01;2099-12-31;60
ch:1:sboid:101618;101618;Switzerland Conv &Inc Zürich O;Switzerland Conv &Inc Zürich O;Switzerland Conv &Inc Zürich O;Switzerland Conv &Inc Zürich O;SWITZER C;SWITZER C;SWITZER C;SWITZER C;21791;;1900-01-01;2099-12-31;60
ch:1:sboid:101620;101620;Treinreiswinkel Leiden       O;Treinreiswinkel Leiden       O;Treinreiswinkel Leiden       O;Treinreiswinkel Leiden       O;TREINREIS;TREINREIS;TREINREIS;TREINREIS;21793;;1900-01-01;2099-12-31;60
ch:1:sboid:101622;101622;Swiss Air Lines Zürich       O;Swiss Air Lines Zürich       O;Swiss Air Lines Zürich       O;Swiss Air Lines Zürich       O;SWISS AIR;SWISS AIR;SWISS AIR;SWISS AIR;21795;;1900-01-01;2099-12-31;60
ch:1:sboid:101625;101625;STC Zürich                   O;STC Zürich                   O;STC Zürich                   O;STC Zürich                   O;STC ZUE;STC ZUE;STC ZUE;STC ZUE;21799;;1900-01-01;2099-12-31;60
ch:1:sboid:101223;101223;Autoservizi Comazzi S.R.L.;Autoservizi Comazzi S.R.L.;Autoservizi Comazzi S.R.L.;Autoservizi Comazzi S.R.L.;ACO;ACO;ACO;ACO;7090;;1900-01-01;2099-12-31;30
ch:1:sboid:100477;100477;Paysafe;Paysafe;Paysafe;Paysafe;PAYSAFE;PAYSAFE;PAYSAFE;PAYSAFE;574;;1900-01-01;2099-12-31;95
ch:1:sboid:100479;100479;Cablecom Mobile;Cablecom Mobile;Cablecom Mobile;Cablecom Mobile;Cablecom M;Cablecom M;Cablecom M;Cablecom M;576;;1900-01-01;2099-12-31;95
ch:1:sboid:100480;100480;yallo.ch;yallo.ch;yallo.ch;yallo.ch;yallo.ch;yallo.ch;yallo.ch;yallo.ch;577;;1900-01-01;2099-12-31;95
ch:1:sboid:100482;100482;SBB Phonecard;SBB Phonecard;SBB Phonecard;SBB Phonecard;SBB Phone;SBB Phone;SBB Phone;SBB Phone;579;;1900-01-01;2099-12-31;95
ch:1:sboid:100483;100483;Libero Spezialleistungen;Libero Spezialleistungen;Libero Spezialleistungen;Libero Spezialleistungen;LiberoSpez;LiberoSpez;LiberoSpez;LiberoSpez;580;;1900-01-01;2099-12-31;95
ch:1:sboid:100484;100484;sunrise Zürich;sunrise Zürich;sunrise Zürich;sunrise Zürich;SUNRISE;SUNRISE;SUNRISE;SUNRISE;581;;1900-01-01;2099-12-31;95
ch:1:sboid:100485;100485;Swisscom Mobile Com;Swisscom Mobile Com;Swisscom Mobile Com;Swisscom Mobile Com;SWISSCOM;SWISSCOM;SWISSCOM;SWISSCOM;582;;1900-01-01;2099-12-31;95
ch:1:sboid:100486;100486;yellowworld;yellowworld;yellowworld;yellowworld;yellowworl;yellowworl;yellowworl;yellowworl;583;;1900-01-01;2099-12-31;95
ch:1:sboid:100487;100487;Orange Communications SA;Orange Communications SA;Orange Communications SA;Orange Communications SA;Orange;Orange;Orange;Orange;584;;1900-01-01;2099-12-31;95
ch:1:sboid:100488;100488;DHL SA;DHL SA;DHL SA;DHL SA;DHL SA;DHL SA;DHL SA;DHL SA;585;;1900-01-01;2099-12-31;95
ch:1:sboid:100489;100489;telecom FL phoneCard;telecom FL phoneCard;telecom FL phoneCard;telecom FL phoneCard;telecom FL;telecom FL;telecom FL;telecom FL;586;;1900-01-01;2099-12-31;95
ch:1:sboid:100490;100490;VOX telecom;VOX telecom;VOX telecom;VOX telecom;VOX tele;VOX tele;VOX tele;VOX tele;587;;1900-01-01;2099-12-31;95
ch:1:sboid:100491;100491;Bergbahnen Toggenburg;Bergbahnen Toggenburg;Bergbahnen Toggenburg;Bergbahnen Toggenburg;OBERTOGG;OBERTOGG;OBERTOGG;OBERTOGG;588;;1900-01-01;2099-12-31;50
ch:1:sboid:100492;100492;Skiregion Adelboden-Lenk;Skiregion Adelboden-Lenk;Skiregion Adelboden-Lenk;Skiregion Adelboden-Lenk;SRAL;SRAL;SRAL;SRAL;589;;1900-01-01;2099-12-31;50
ch:1:sboid:100493;100493;Z-Pass Subventionen;Z-Pass Subventionen;Z-Pass Subventionen;Z-Pass Subventionen;Z-Pass Sub;Z-Pass Sub;Z-Pass Sub;Z-Pass Sub;590;;1900-01-01;2099-12-31;51
ch:1:sboid:100494;100494;UrgentPost;UrgentPost;UrgentPost;UrgentPost;UrgentPost;UrgentPost;UrgentPost;UrgentPost;591;;1900-01-01;2099-12-31;95
ch:1:sboid:100495;100495;Crossrail AG;Crossrail AG;Crossrail AG;Crossrail AG;CROSS;CROSS;CROSS;CROSS;592;;1900-01-01;2099-12-31;95
ch:1:sboid:100648;100648;Verkehrsbetriebe Zürich;Verkehrsbetriebe Zürich;Verkehrsbetriebe Zürich;Verkehrsbetriebe Zürich;VBZ;VBZ;VBZ;VBZ;849;;1900-01-01;2099-12-31;30
ch:1:sboid:100649;100649;Autobusbetrieb RBS;Autobusbetrieb RBS;Autobusbetrieb RBS;Autobusbetrieb RBS;RBS Auto;RBS Auto;RBS Auto;RBS Auto;850;;1900-01-01;2099-12-31;30
ch:1:sboid:100651;100651;Service d'automobiles TPC (bvb auto);Service d'automobiles TPC (bvb auto);Service d'automobiles TPC (bvb auto);Service d'automobiles TPC (bvb auto);TPC/Autbvb;TPC/Autbvb;TPC/Autbvb;TPC/Autbvb;852;;1900-01-01;2099-12-31;30
ch:1:sboid:100657;100657;Autolinee Regionali Luganesi;Autolinee Regionali Luganesi;Autolinee Regionali Luganesi;Autolinee Regionali Luganesi;ARL;ARL;ARL;ARL;858;;1900-01-01;2099-12-31;30
ch:1:sboid:100661;100661;Autolinee Bleniesi;Autolinee Bleniesi;Autolinee Bleniesi;Autolinee Bleniesi;ABl;ABl;ABl;ABl;862;;1900-01-01;2099-12-31;30
ch:1:sboid:100664;100664;Autoverkehr RhB;Autoverkehr RhB;Autoverkehr RhB;Autoverkehr RhB;RhB Auto;RhB Auto;RhB Auto;RhB Auto;865;;1900-01-01;2099-12-31;30
ch:1:sboid:100979;100979;Bergbahnen Tschiertschen AG;Bergbahnen Tschiertschen AG;Bergbahnen Tschiertschen AG;Bergbahnen Tschiertschen AG;STT;STT;STT;STT;3038;;1900-01-01;2099-12-31;12
ch:1:sboid:100980;100980;San Bernardino SA Impianti Turistici;San Bernardino SA Impianti Turistici;San Bernardino SA Impianti Turistici;San Bernardino SA Impianti Turistici;ITSB;ITSB;ITSB;ITSB;3039;;1900-01-01;2099-12-31;12
ch:1:sboid:100981;100981;Télésiège Ovronnaz-Jorasse;Télésiège Ovronnaz-Jorasse;Télésiège Ovronnaz-Jorasse;Télésiège Ovronnaz-Jorasse;TOJ;TOJ;TOJ;TOJ;3040;;1900-01-01;2099-12-31;12
ch:1:sboid:101628;101628;Zürich Tourismus             O;Zürich Tourismus             O;Zürich Tourismus             O;Zürich Tourismus             O;ZH TOURISM;ZH TOURISM;ZH TOURISM;ZH TOURISM;21802;;1900-01-01;2099-12-31;60
ch:1:sboid:101630;101630;Crystal Holidays Ireland     O;Crystal Holidays Ireland     O;Crystal Holidays Ireland     O;Crystal Holidays Ireland     O;CRYST HOL;CRYST HOL;CRYST HOL;CRYST HOL;21804;;1900-01-01;2099-12-31;60
ch:1:sboid:100760;100760;MGB-Spezialleistungen;MGB-Spezialleistungen;MGB-Spezialleistungen;MGB-Spezialleistungen;MGB-Spez;MGB-Spez;MGB-Spez;MGB-Spez;961;;1900-01-01;2099-12-31;95
ch:1:sboid:100761;100761;Regional Pass Appenzell;Regional Pass Appenzell;Regional Pass Appenzell;Regional Pass Appenzell;RP Appenze;RP Appenze;RP Appenze;RP Appenze;962;;1900-01-01;2099-12-31;95
ch:1:sboid:100762;100762;Skipool Flumserberg/Tannenbodenalp;Skipool Flumserberg/Tannenbodenalp;Skipool Flumserberg/Tannenbodenalp;Skipool Flumserberg/Tannenbodenalp;SFTSKI;SFTSKI;SFTSKI;SFTSKI;963;;1900-01-01;2099-12-31;50
ch:1:sboid:100763;100763;Vereinigung der Bergbahnen von Gstaad;Vereinigung der Bergbahnen von Gstaad;Vereinigung der Bergbahnen von Gstaad;Vereinigung der Bergbahnen von Gstaad;VB-Gstaad;VB-Gstaad;VB-Gstaad;VB-Gstaad;964;;1900-01-01;2099-12-31;50
ch:1:sboid:100765;100765;Preda-Bergün;Preda-Bergün;Preda-Bergün;Preda-Bergün;Preda-Br;Preda-Br;Preda-Br;Preda-Br;966;;1900-01-01;2099-12-31;50
ch:1:sboid:100766;100766;Bergbahnen Brigels Waltensburg Andiast AG;Bergbahnen Brigels Waltensburg Andiast AG;Bergbahnen Brigels Waltensburg Andiast AG;Bergbahnen Brigels Waltensburg Andiast AG;BBBWA;BBBWA;BBBWA;BBBWA;967;;1900-01-01;2099-12-31;50
ch:1:sboid:100768;100768;Regional Pass Berner Oberland;Regional Pass Berner Oberland;Regional Pass Berner Oberland;Regional Pass Berner Oberland;RP BernObl;RP BernObl;RP BernObl;RP BernObl;969;;1900-01-01;2099-12-31;95
ch:1:sboid:100769;100769;Swiss Travel System - Angebot;Swiss Travel System - Angebot;Swiss Travel System - Angebot;Swiss Travel System - Angebot;STS-Ange;STS-Ange;STS-Ange;STS-Ange;970;;1900-01-01;2099-12-31;95
ch:1:sboid:100771;100771;Eurail - Angebot;Eurail - Angebot;Eurail - Angebot;Eurail - Angebot;Eurail;Eurail;Eurail;Eurail;972;;1900-01-01;2099-12-31;95
ch:1:sboid:100773;100773;Mehrwertsteuer auf FVP-Fahrausweisen;Mehrwertsteuer auf FVP-Fahrausweisen;Mehrwertsteuer auf FVP-Fahrausweisen;Mehrwertsteuer auf FVP-Fahrausweisen;FVP-MWSt;FVP-MWSt;FVP-MWSt;FVP-MWSt;974;;1900-01-01;2099-12-31;95
ch:1:sboid:100775;100775;SBB AG P-FV-IP-VD;SBB AG P-FV-IP-VD;SBB AG P-FV-IP-VD;SBB AG P-FV-IP-VD;P FV IP VD;P FV IP VD;P FV IP VD;P FV IP VD;976;;1900-01-01;2099-12-31;95
ch:1:sboid:100496;100496;Login Berufsbildung;Login Berufsbildung;Login Berufsbildung;Login Berufsbildung;Login;Login;Login;Login;593;;1900-01-01;2099-12-31;95
ch:1:sboid:100497;100497;Trasse Schweiz AG;Trasse Schweiz AG;Trasse Schweiz AG;Trasse Schweiz AG;Trasse CH;Trasse CH;Trasse CH;Trasse CH;594;;1900-01-01;2099-12-31;95
ch:1:sboid:100498;100498;BLS Cargo AG;BLS Cargo AG;BLS Cargo AG;BLS Cargo AG;BLSC;BLSC;BLSC;BLSC;595;;1900-01-01;2099-12-31;95
ch:1:sboid:100499;100499;Bee One Communications AG;Bee One Communictaions AG;Bee One Communications AG;Bee One Communications AG;Bee One;Bee One;Bee One;Bee One;596;;1900-01-01;2099-12-31;95
ch:1:sboid:100870;100870;Slowenische Eisenbahnen;Chemins de fer slovènes;Slowenische Eisenbahnen;Slovenian Railways;SZ;SZ;SZ;SZ;1079;;1900-01-01;2099-12-31;11
ch:1:sboid:100873;100873;Nationalgesellschaft der Luxemburgischen Eisenbahnen;Société Nationale des Chemins de fer luxembourgeois;Nationalgesellschaft der Luxemburgischen Eisenbahnen;Luxemburg National Railway Company;CFL;CFL;CFL;CFL;1082;;1900-01-01;2099-12-31;11
ch:1:sboid:100876;100876;Schweizerische Bundesbahnen SBB;Chemins de fer fédéraux suisses CFF;Ferrovie federali svizzere FFS;Swiss Federal Railways SBB;SBB      $;CFF      $;FFS      $;SBB      $;1085;;1900-01-01;2099-12-31;11
ch:1:sboid:100880;100880;Eisenbahnen Bosnien - Herzegowinas;Eisenbahnen Bosnien - Herzegowinas;Eisenbahnen Bosnien - Herzegowinas;Eisenbahnen Bosnien - Herzegowinas;ZBH;ZBH;ZBH;ZBH;1089;;1900-01-01;2099-12-31;11
ch:1:sboid:100881;100881;Ägyptische Eisenbahnen;Chemins de fer Egyptiens;Ägyptische Eisenbahnen;Ägyptische Eisenbahnen;ER;ER;ER;ER;1090;;1900-01-01;2099-12-31;11
ch:1:sboid:100882;100882;Nationalgesellschaft der Tunesischen Eisenbahnen;Société Nationale des Chemins de fer tunisiens;Nationalgesellschaft der Tunesischen Eisenbahnen;Tunisian National Railway Company;SNCFT;SNCFT;SNCFT;SNCFT;1091;;1900-01-01;2099-12-31;11
ch:1:sboid:100883;100883;Nationalgesellschaft für Eisenbahnverkehr (Algerien);Société Nationale des Transpor ts ferroviaires (Algérie);Nationalgesellschaft für Eisenbahnverkehr (Algerien);National Railway Transport Company (Algerie);SNTF;SNTF;SNTF;SNTF;1092;;1900-01-01;2099-12-31;11
ch:1:sboid:100884;100884;Nationalgesellschaft der Marokkanischen Eisenbahnen;Office National des Chemins de fer du Maroc;Nationalgesellschaft der Marokkanischen Eisenbahnen;National Office of the Maroccan Railways;ONCFM;ONCFM;ONCFM;ONCFM;1093;;1900-01-01;2099-12-31;11
ch:1:sboid:100982;100982;Sesselbahn Chrüz - Twärchamm;Sesselbahn Chrüz - Twärchamm;Sesselbahn Chrüz - Twärchamm;Sesselbahn Chrüz - Twärchamm;SCT;SCT;SCT;SCT;3041;;1900-01-01;2099-12-31;12
ch:1:sboid:100983;100983;Sesselbahn Fatschel - Triemel;Sesselbahn Fatschel - Triemel;Sesselbahn Fatschel - Triemel;Sesselbahn Fatschel - Triemel;SFT;SFT;SFT;SFT;3042;;1900-01-01;2099-12-31;12
ch:1:sboid:100984;100984;Heinzenberg Skilifte und Sesselbahn AG;Heinzenberg Skilifte und Sesselbahn AG;Heinzenberg Skilifte und Sesselbahn AG;Heinzenberg Skilifte und Sesselbahn AG;HSS;HSS;HSS;HSS;3043;;1900-01-01;2099-12-31;12
ch:1:sboid:100985;100985;Bergbahnen Brigels Waltensburg Andiast;Bergbahnen Brigels Waltensburg Andiast;Bergbahnen Brigels Waltensburg Andiast;Bergbahnen Brigels Waltensburg Andiast;BWA;BWA;BWA;BWA;3044;;1900-01-01;2099-12-31;12
ch:1:sboid:100986;100986;Société de développement agro-touristique de Trient-Finhaut;Société de développement agro-touristique de Trient-Finhaut;Société de développement agro-touristique de Trient-Finhaut;Société de développement agro-touristique de Trient-Finhaut;TCTB;TCTB;TCTB;TCTB;3045;;1900-01-01;2099-12-31;12
ch:1:sboid:100987;100987;Sesselbahn Riedli - Nüegg (Wiriehorn);Sesselbahn Riedli - Nüegg (Wirihhorn);Sesselbahn Riedli - Nüegg (Wiriehorn);Sesselbahn Riedli - Nüegg (Wiriehorn);SRN;SRN;SRN;SRN;3046;;1900-01-01;2099-12-31;12
ch:1:sboid:100988;100988;Coopérative des Pléiades;Coopérative des Pléiades;Coopérative des Pléiades;Coopérative des Pléiades;SCP;SCP;SCP;SCP;3047;;1900-01-01;2099-12-31;12
ch:1:sboid:100989;100989;Sesselbahn Jeizinen-Niwenschulter;Sesselbahn Jeizinen-Niwenschulter;Sesselbahn Jeizinen-Niwenschulter;Sesselbahn Jeizinen-Niwenschulter;SJN;SJN;SJN;SJN;3048;;1900-01-01;2099-12-31;12
ch:1:sboid:100991;100991;Sportbahnen Unterbäch AG;Sportbahnen Unterbäch AG;Sportbahnen Unterbäch AG;Sportbahnen Unterbäch AG;SBU;SBU;SBU;SBU;3050;;1900-01-01;2099-12-31;12
ch:1:sboid:100993;100993;Sesselbahn Visperterminen-Giw;Sesselbahn Visperterminen-Giw;Sesselbahn Visperterminen-Giw;Sesselbahn Visperterminen-Giw;SVG;SVG;SVG;SVG;3052;;1900-01-01;2099-12-31;12
ch:1:sboid:101698;101698;Dummy_Bez_DE;Dummy_Bez_FR;Dummy_Bez_IT;Dummy_Bez_EN;Dummy_Abk;Dummy_Abk;Dummy_Abk;Dummy_Abk;99998;;1900-01-01;2099-12-31;10
ch:1:sboid:100046;100046;THURBO;THURBO;THURBO;THURBO;THURBO;THURBO;THURBO;THURBO;65;;1900-01-01;2099-12-31;10
ch:1:sboid:100047;100047;Nyon-St-Cergue-Morez;Nyon-St-Cergue-Morez;Nyon-St-Cergue-Morez;Nyon-St-Cergue-Morez;NStCM;NStCM;NStCM;NStCM;66;;1900-01-01;2099-12-31;10
ch:1:sboid:100048;100048;Transports Vallée de Joux-Yverdon-Ste-Croix (oc);Transports Vallée de Joux-Yverdon-Ste-Croix (oc);Transports Vallée de Joux-Yverdon-Ste-Croix (oc);Transports Vallée de Joux-Yverdon-Ste-Croix (oc);TRAVYS-oc;TRAVYS-oc;TRAVYS-oc;TRAVYS-oc;67;;1900-01-01;2099-12-31;10
ch:1:sboid:100777;100777;Subvention SBB auf FVP-Fahrausweisen;Subvention SBB auf FVP-Fahrausweisen;Subvention SBB auf FVP-Fahrausweisen;Subvention SBB auf FVP-Fahrausweisen;FVP-PE;FVP-PE;FVP-PE;FVP-PE;978;;1900-01-01;2099-12-31;95
ch:1:sboid:100779;100779;Tageskarten-Pool;Tageskarten-Pool;Tageskarten-Pool;Tageskarten-Pool;TK-Pool;TK-Pool;TK-Pool;TK-Pool;980;;1900-01-01;2099-12-31;95
ch:1:sboid:101095;101095;Sesselbahn Feldis-Mutta;Sesselbahn Feldis-Mutta;Sesselbahn Feldis-Mutta;Sesselbahn Feldis-Mutta;SFM;SFM;SFM;SFM;3158;;1900-01-01;2099-12-31;12
ch:1:sboid:100681;100681;Stadtbus Winterthur;Stadtbus Winterthur;Stadtbus Winterthur;Stadtbus Winterthur;SBW;SBW;SBW;SBW;882;;1900-01-01;2099-12-31;30
ch:1:sboid:100682;100682;Busbetrieb Solothurn und Umgebung;Busbetrieb Solothurn und Umgebung;Busbetrieb Solothurn und Umgebung;Busbetrieb Solothurn und Umgebung;BSU;BSU;BSU;BSU;883;;1900-01-01;2099-12-31;30
ch:1:sboid:100684;100684;Verkehrsbetriebe der Stadt St.Gallen;Verkehrsbetriebe der Stadt St.Gallen;Verkehrsbetriebe der Stadt St.Gallen;Verkehrsbetriebe der Stadt St.Gallen;VBSG;VBSG;VBSG;VBSG;885;;1900-01-01;2099-12-31;30
ch:1:sboid:101657;101657;Genève Tourism               O;Genève Tourism               O;Genève Tourism               O;Genève Tourism               O;GE TOURISM;GE TOURISM;GE TOURISM;GE TOURISM;21834;;1900-01-01;2099-12-31;60
ch:1:sboid:101658;101658;Cisalpino Zürich             O;Cisalpino Zürich            O;Cisalpino Zürich             O;Cisalpino Zürich             O;CIS ZH;CIS ZH;CIS ZH;CIS ZH;21835;;1900-01-01;2099-12-31;60
ch:1:sboid:101659;101659;Montana Warszawa             O;Montana Warszawa             O;Montana Warszawa             O;Montana Warszawa             O;MONTANA WA;MONTANA WA;MONTANA WA;MONTANA WA;21836;;1900-01-01;2099-12-31;60
ch:1:sboid:100780;100780;ELVIA Zürich Versicherungsgesellschaft;ELVIA Zürich Versicherungsgesellschaft;ELVIA Zürich Versicherungsgesellschaft;ELVIA Zürich Versicherungsgesellschaft;ELVIA;ELVIA;ELVIA;ELVIA;981;;1900-01-01;2099-12-31;95
ch:1:sboid:100782;100782;FS SYFA  (HKSIV/MIB);FS SYFA  (HKSIV/MIB);FS SYFA  (HKSIV/MIB);FS SYFA  (HKSIV/MIB);FS SYFA;FS SYFA;FS SYFA;FS SYFA;983;;1900-01-01;2099-12-31;12
ch:1:sboid:100786;100786;SNCF SYFA (HKSIV/MIB);SNCF SYFA (HKSIV/MIB);SNCF SYFA (HKSIV/MIB);SNCF SYFA (HKSIV/MIB);SNCF SYFA;SNCF SYFA;SNCF SYFA;SNCF SYFA;987;;1900-01-01;2099-12-31;12
ch:1:sboid:100790;100790;GA/HA Direct-Mail-System-Abzug Marketing;GA/HA Direct-Mail-System-Abzug Marketing;GA/HA Direct-Mail-System-Abzug Marketing;GA/HA Direct-Mail-System-Abzug Marketing;GA/HA KOM;GA/HA KOM;GA/HA KOM;GA/HA KOM;991;;1900-01-01;2099-12-31;95
ch:1:sboid:100791;100791;Provisionen Erneuerung öV-Karte;Provisionen Erneuerung öV-Karte;Provisionen Erneuerung öV-Karte;Provisionen Erneuerung öV-Karte;Prov öV-K;Prov öV-K;Prov öV-K;Prov öV-K;992;;1900-01-01;2099-12-31;95
ch:1:sboid:100792;100792;GA/HA Ausgleichungen;GA/HA Ausgleichungen;GA/HA Ausgleichungen;GA/HA Ausgleichungen;GA Ausg-TU;GA Ausg-TU;GA Ausg-TU;GA Ausg-TU;993;;1900-01-01;2099-12-31;95
ch:1:sboid:100793;100793;RailAway Spezialleistungen 2 (0,0 % MWSt);RailAway Spezialleistungen 2 (0,0 % MWSt);RailAway Spezialleistungen 2 (0,0 % MWSt);RailAway Spezialleistungen 2 (0,0 % MWSt);RAW 0.0%;RAW 0.0%;RAW 0.0%;RAW 0.0%;994;;1900-01-01;2099-12-31;50
ch:1:sboid:100794;100794;RailAway Spezialleistungen 3 (2,5 % MWSt);RailAway Spezialleistungen 3 (2,5 % MWSt);RailAway Spezialleistungen 3 (2,5 % MWSt);RailAway Spezialleistungen 3 (2,5 % MWSt);RAW 2.5%;RAW 2.5%;RAW 2.5%;RAW 2.5%;995;;1900-01-01;2099-12-31;50
ch:1:sboid:100796;100796;RailAway Spezialleistungen 5 (2,5 % / 0,0 % MWSt);RailAway Spezialleistungen 5 (2,5 % / 0,0 % MWSt);RailAway Spezialleistungen 5 (2,5 % / 0,0 % MWSt);RailAway Spezialleistungen 5 (2,5 % / 0,0 % MWSt);RAW 2.5/0%;RAW 2.5/0%;RAW 2.5/0%;RAW 2.5/0%;997;;1900-01-01;2099-12-31;50
ch:1:sboid:100797;100797;GA/HTA Direct-Mail-System-Abzug Vertrieb Services;GA/HTA Direct-Mail-System-Abzug Vertrieb Services;GA/HTA Direct-Mail-System-Abzug Vertrieb Services;GA/HTA Direct-Mail-System-Abzug Vertrieb Services;GA/HTA VS;GA/HTA VS;GA/HTA VS;GA/HTA VS;998;;1900-01-01;2099-12-31;95
ch:1:sboid:100523;100523;Städt. Verkehrsbetriebe Bern Konolfingen-Münsingen-Belp;Städt. Verkehrsbetriebe Bern Konolfingen-Münsingen-Belp;Städt. Verkehrsbetriebe Bern Konolfingen-Münsingen-Belp;Städt. Verkehrsbetriebe Bern Konolfingen-Münsingen-Belp;SVB/kmb;SVB/kmb;SVB/kmb;SVB/kmb;721;;1900-01-01;2099-12-31;30
ch:1:sboid:100524;100524;Service d'automobiles TPC (Aigle-Villeneuve);Service d'automobiles TPC (Aigle-Villeneuve);Service d'automobiles TPC (Aigle-Villeneuve);Service d'automobiles TPC (Aigle-Villeneuve);TPC/Autova;TPC/Autova;TPC/Autova;TPC/Autova;722;;1900-01-01;2099-12-31;30
ch:1:sboid:100886;100886;Israelische Staatsbahnen;Chemins de fer de l'Etat d'Israël;Israelische Staatsbahnen;Israelische Staatsbahnen;IR;IR;IR;IR;1095;;1900-01-01;2099-12-31;11
ch:1:sboid:100887;100887;Eisenbahnen der Islamischen Republik Iran;Chemins de fer de la République Islamique d'Iran;Eisenbahnen der Islamischen Republik Iran;Iranian State Railways;RAI;RAI;RAI;RAI;1096;;1900-01-01;2099-12-31;11
ch:1:sboid:100888;100888;Syrische Eisenbahnen;Chemins de fer syriens;Syrische Eisenbahnen;Syrian Railways;CFS;CFS;CFS;CFS;1097;;1900-01-01;2099-12-31;11
ch:1:sboid:100889;100889;Amt für Eisenbahn des Libanesischen Staates;Office des Chemins de fer de l'Etat libanais;Amt für Eisenbahn des Libanesischen Staates;Office of the Lebanon State Railways;CEL;CEL;CEL;CEL;1098;;1900-01-01;2099-12-31;11
ch:1:sboid:100890;100890;Eisenbahn der Irakischen Republik;Chemins de fer de la République irakienne;Eisenbahn der Irakischen Republik;Iraqui Republic Railways;IRR;IRR;IRR;IRR;1099;;1900-01-01;2099-12-31;11
ch:1:sboid:100891;100891;DB AG Personenverkehr;DB AG Personenverkehr;DB AG Personenverkehr;DB AG Personenverkehr;DB AG    $;DB AG    $;DB AG    $;DB AG    $;1180;;1900-01-01;2099-12-31;95
ch:1:sboid:100892;100892;OeBB Personenverkehr                                       $;OeBB Personenverkehr                                       $;OeBB Personenverkehr                                       $;OeBB Personenverkehr                                       $;OeBB P   $;OeBB P   $;OeBB P   $;OeBB P   $;1181;;1900-01-01;2099-12-31;95
ch:1:sboid:100893;100893;DB Schiff mit RP $;DB Schiff mit RP $;DB Schiff mit RP $;DB Schiff mit RP $;DB-Schiff$;DB-Schiff$;DB-Schiff$;DB-Schiff$;1280;;1900-01-01;2099-12-31;95
ch:1:sboid:100894;100894;DB NBE Nichtbundeseigene ohne RP $;DB NBE Nichtbundeseigene ohne RP $;DB NBE Nichtbundeseigene ohne RP $;DB NBE Nichtbundeseigene ohne RP $;DB NBE2  $;DB NBE2  $;DB-NBE2  $;DB NBE2  $;1380;;1900-01-01;2099-12-31;95
ch:1:sboid:100895;100895;DB Schiff (Schiffsverbindungen nach Nordseeinseln;DB Schiff (Schiffsverbindungen nach Nordseeinseln;DB Schiff (Schiffsverbindungen nach Nordseeinseln;DB Schiff (Schiffsverbindungen nach Nordseeinseln;DB Schiff$;DB Schiff$;DB Schiff$;DB Schiff$;1480;;1900-01-01;2099-12-31;95
ch:1:sboid:100897;100897;Die Länderbahn GmbH;Die Länderbahn GmbH;Die Länderbahn GmbH;Die Länderbahn GmbH;DLB      $;DLB      $;DLB      $;DLB      $;1654;;1900-01-01;2099-12-31;95
ch:1:sboid:100899;100899;Arlanda Express;Arlanda Express;Arlanda Express;Arlanda Express;ArlanExp $;ArlanExp $;ArlanExp $;ArlanExp $;1674;;1900-01-01;2099-12-31;95
ch:1:sboid:100994;100994;Transports publics fribourgeois INFO+;Transports publics fribourgeois INFO+;Transports publics fribourgeois INFO+;Transports publics fribourgeois INFO+;TPF    Fpl;TPF    Fpl;TPF    Fpl;TPF    Fpl;3053;;1900-01-01;2099-12-31;10
ch:1:sboid:100995;100995;Seilbahngenossenschaft Embd-Schalb;Seilbahngenossenschaft Embd-Schalb;Seilbahngenossenschaft Embd-Schalb;Seilbahngenossenschaft Embd-Schalb;SGES;SGES;SGES;SGES;3054;;1900-01-01;2099-12-31;12
ch:1:sboid:100997;100997;Sessel- und Skilifte Zuoz AG;Sessel- und Skilifte Zuoz AG;Sessel- und Skilifte Zuoz AG;Sessel- und Skilifte Zuoz AG;SSZ;SSZ;SSZ;SSZ;3056;;1900-01-01;2099-12-31;12
ch:1:sboid:100998;100998;Zermatt Bergbahnen AG (sfs);Zermatt Bergbahnen AG (sfs);Zermatt Bergbahnen AG (sfs);Zermatt Bergbahnen AG (sfs);ZBAG-sfs;ZBAG-sfs;ZBAG-sfs;ZBAG-sfs;3057;;1900-01-01;2099-12-31;12
ch:1:sboid:101000;101000;Jaun-Gastlosen Bergbahnen AG;Jaun-Gastlosen Bergbahnen AG;Jaun-Gastlosen Bergbahnen AG;Jaun-Gastlosen Bergbahnen AG;SJAG;SJAG;SJAG;SJAG;3059;;1900-01-01;2099-12-31;12
ch:1:sboid:101001;101001;Grimmialpbergbahnen Diemtigtal AG;Grimmialpbergbahnen Diemtigtal AG;Grimmialpbergbahnen Diemtigtal AG;Grimmialpbergbahnen Diemtigtal AG;GBD;GBD;GBD;GBD;3060;;1900-01-01;2099-12-31;12
ch:1:sboid:101003;101003;Impianti turistici Leontica-Nara;Impianti turistici Leontica-Nara;Impianti turistici Leontica-Nara;Impianti turistici Leontica-Nara;ITLN;ITLN;ITLN;ITLN;3062;;1900-01-01;2099-12-31;12
ch:1:sboid:101004;101004;Sportbahnen Bellwald Goms AG;Sportbahnen Bellwald Goms AG;Sportbahnen Bellwald Goms AG;Sportbahnen Bellwald Goms AG;SBR;SBR;SBR;SBR;3063;;1900-01-01;2099-12-31;12
ch:1:sboid:101006;101006;Télésiège Les Dappes - La Dôle;Télésiège Les Dappes - La Dôle;Télésiège Les Dappes - La Dôle;Télésiège Les Dappes - La Dôle;TSDA;TSDA;TSDA;TSDA;3065;;1900-01-01;2099-12-31;12
ch:1:sboid:101007;101007;Bergbahnen Destination Gstaad AG;Bergbahnen Destination Gstaad AG;Bergbahnen Destination Gstaad AG;Bergbahnen Destination Gstaad AG;BDGAG-ssl;BDGAG-ssl;BDGAG-ssl;BDGAG-ssl;3066;;1900-01-01;2099-12-31;12
ch:1:sboid:101008;101008;Bergbahnen Destination Gstaad AG;Bergbahnen Destination Gstaad AG;Bergbahnen Destination Gstaad AG;Bergbahnen Destination Gstaad AG;BDGAG-slg;BDGAG-slg;BDGAG-slg;BDGAG-slg;3067;;1900-01-01;2099-12-31;12
ch:1:sboid:100798;100798;Reserviert für SAS (technischer Code);Reserviert für SAS (technischer Code);Reserviert für SAS (technischer Code);Reserviert für SAS (technischer Code);SAS-Code;SAS-Code;SAS-Code;SAS-Code;999;;1900-01-01;2099-12-31;95
ch:1:sboid:100799;100799;Internationaler Schlafwagenpool;Pool international des wagons-lits;Internationaler Schlafwagenpool;Internationaler Schlafwagenpool;Pool;Pool;Pool;Pool;1004;;1900-01-01;2099-12-31;11
ch:1:sboid:100800;100800;Stena Line (Ferry-boat);Stena Line (Ferry-boat);Stena Line (Ferry-boat);Stena Line (Ferry-boat);St.L;St.L;St.L;St.L;1006;;1900-01-01;2099-12-31;11
ch:1:sboid:100801;100801;Intercontainer;Intercontainer;Intercontainer;Intercontainer;IC;IC;IC;IC;1007;;1900-01-01;2099-12-31;11
ch:1:sboid:101116;101116;Fähre Beckenried-Gersau;Fähre Beckenried-Gersau;Fähre Beckenried-Gersau;Fähre Beckenried-Gersau;FBG;FBG;FBG;FBG;3190;;1900-01-01;2099-12-31;22
ch:1:sboid:101117;101117;Wasserngrat 2000 AG;Wasserngrat 2000 AG;Wasserngrat 2000 AG;Wasserngrat 2000 AG;WG-wg;WG-wg;WG-wg;WG-wg;3191;;1900-01-01;2099-12-31;45
ch:1:sboid:101118;101118;Jaun-Gastlosen Bergbahnen AG;Jaun-Gastlosen Bergbahnen AG;Jaun-Gastlosen Bergbahnen AG;Jaun-Gastlosen Bergbahnen AG;SJAG-sjag;SJAG-sjag;SJAG-sjag;SJAG-sjag;3192;;1900-01-01;2099-12-31;45
ch:1:sboid:101119;101119;Nuova Carì Impianti Turistici SA;Nuova Carì Impianti Turistici SA;Nuova Carì Impianti Turistici SA;Nuova Carì Impianti Turistici SA;NCIT-ncit;NCIT-ncit;NCIT-ncit;NCIT-ncit;3193;;1900-01-01;2099-12-31;45
ch:1:sboid:101120;101120;Franz Weiss Sarnen (Sarnersee);Franz Weiss Sarnen (Sarnersee);Franz Weiss Sarnen (Sarnersee);Franz Weiss Sarnen (Sarnersee);FWS;FWS;FWS;FWS;3194;;1900-01-01;2099-12-31;22
ch:1:sboid:101121;101121;Politische Gemeinde Steckborn;Politische Gemeinde Steckborn;Politische Gemeinde Steckborn;Politische Gemeinde Steckborn;GSB;GSB;GSB;GSB;3195;;1900-01-01;2099-12-31;22
ch:1:sboid:101122;101122;Voralberg Lines Bodenseeschifffahrt;Voralberg Lines Bodenseeschifffahrt;Voralberg Lines Bodenseeschifffahrt;Voralberg Lines Bodenseeschifffahrt;VLB;VLB;VLB;VLB;3196;;1900-01-01;2099-12-31;22
ch:1:sboid:101123;101123;Flughafen Zürich AG;Flughafen Zürich AG;Flughafen Zürich AG;Flughafen Zürich AG;FZAG-zrh;FZAG-zrh;FZAG-zrh;FZAG-zrh;3197;;1900-01-01;2099-12-31;45
ch:1:sboid:101124;101124;Minoan Lines SA Griechenland;Minoan Lines SA Griechenland;Minoan Lines SA Griechenland;Minoan Lines SA Griechenland;MINOAN;MINOAN;MINOAN;MINOAN;3219;;1900-01-01;2099-12-31;95
ch:1:sboid:101126;101126;Westbahn;Westbahn;Westbahn;Westbahn;WB Bahn;WB Bahn;WB Bahn;WB Bahn;3236;;1900-01-01;2099-12-31;95
ch:1:sboid:101127;101127;Trenord;Trenord;Trenord;Trenord;Trenord;Trenord;Trenord;Trenord;3270;;1900-01-01;2099-12-31;95
ch:1:sboid:100717;100717;Wasteels-Superprovision;Wasteels-Superprovision;Wasteels-Superprovision;Wasteels-Superprovision;Wast-Super;Wast-Super;Wast-Super;Wast-Super;918;;1900-01-01;2011-12-31;95
ch:1:sboid:100721;100721;Verband Schweizerischer Schifffahrtsunternehmungen;Verband Schweizerischer Schifffahrtsunternehmungen;Verband Schweizerischer Schifffahrtsunternehmungen;Verband Schweizerischer Schifffahrtsunternehmungen;VSSU;VSSU;VSSU;VSSU;922;;1900-01-01;2014-12-13;95
ch:1:sboid:100723;100723;Heggli AG Kriens;Heggli AG Kriens;Heggli AG Kriens;Heggli AG Kriens;HAGK;HAGK;HAGK;HAGK;924;;1900-01-01;2014-12-13;95
ch:1:sboid:101509;101509;Vaglio Interlaken            O;Vaglio Interlaken            O;Vaglio Interlaken            O;Vaglio Interlaken            O;VAGLIO;VAGLIO;VAGLIO;VAGLIO;21652;;1900-01-01;2099-12-31;60
ch:1:sboid:101515;101515;Thurgau Travel Weinfelden    O;Thurgau Travel Weinfelden    O;Thurgau Travel Weinfelden    O;Thurgau Travel Weinfelden    O;TG TRAV WF;TG TRAV WF;TG TRAV WF;TG TRAV WF;21658;;1900-01-01;2099-12-31;60
ch:1:sboid:101516;101516;Carlson Genève               O;Carlson Genève               O;Carlson Genève               O;Carlson Genève               O;CARLSON;CARLSON;CARLSON;CARLSON;21660;;1900-01-01;2099-12-31;60
ch:1:sboid:101518;101518;Tours St. Moritz             O;Tours St. Moritz             O;Tours St. Moritz             O;Tours St. Moritz             O;TOURS SMOR;TOURS SMOR;TOURS SMOR;TOURS SMOR;21662;;1900-01-01;2099-12-31;60
ch:1:sboid:101519;101519;Jungfrau Interlaken          O;Jungfrau Interlaken          O;Jungfrau Interlaken          O;Jungfrau Interlaken          O;JUNGFRAU;JUNGFRAU;JUNGFRAU;JUNGFRAU;21663;;1900-01-01;2099-12-31;60
ch:1:sboid:101521;101521;VT Vacances Verbier     BK  O;VT Vacances Verbier     BK  O;VT Vacances Verbier     BK  O;VT Vacances Verbier     BK  O;VT VAC VEB;VT VAC VEB;VT VAC VEB;VT VAC VEB;21665;;1900-01-01;2099-12-31;60
ch:1:sboid:101522;101522;Indi Tours Aeugst am A. BK  O;Indi Tours Aeugst am A. BK  O;Indi Tours Aeugst am A. BK  O;Indi Tours Aeugst am A. BK  O;INDI T AEA;INDI T AEA;INDI T AEA;INDI T AEA;21666;;1900-01-01;2099-12-31;60
ch:1:sboid:101524;101524;Manta Reisen Zürich    BK  O;Manta Reisen Zürich    BK  O;Manta Reisen Zürich    BK  O;Manta Reisen Zürich    BK  O;MANTA  ZUE;MANTA  ZUE;MANTA  ZUE;MANTA  ZUE;21668;;1900-01-01;2099-12-31;60
ch:1:sboid:101525;101525;Output Manager Test        O;Output Manager Test        O;Output Manager Test        O;Output Manager Test        O;OUTPUT MAT;OUTPUT MAT;OUTPUT MAT;OUTPUT MAT;21669;;1900-01-01;2099-12-31;60
ch:1:sboid:101112;101112;Schiff Eglisau-Tössegg;Schiff Eglisau-Tössegg;Schiff Eglisau-Tössegg;Schiff Eglisau-Tössegg;SZR-ET;SZR-ET;SZR-ET;SZR-ET;3186;;1900-01-01;2099-12-31;22
ch:1:sboid:101113;101113;Schiff Eglisau-Rheinsfelden;Schiff Eglisau-Rheinsfelden;Schiff Eglisau-Rheinsfelden;Schiff Eglisau-Rheinsfelden;SZR-ER;SZR-ER;SZR-ER;SZR-ER;3187;;1900-01-01;2099-12-31;22
ch:1:sboid:101114;101114;Luftseilbahn Amsteg-Arni;Luftseilbahn Amsteg-Arni;Luftseilbahn Amsteg-Arni;Luftseilbahn Amsteg-Arni;LAA;LAA;LAA;LAA;3188;;1900-01-01;2099-12-31;12
ch:1:sboid:101634;101634;Switzerland Travel Centre    0;Switzerland Travel Centre    0;Switzerland Travel Centre    0;Switzerland Travel Centre    0;RAIL STUT2;RAIL STUT2;RAIL STUT2;RAIL STUT2;21808;;1900-01-01;2099-12-31;60
ch:1:sboid:101635;101635;Zermatt Rail Travel Brig          O;Zermatt Rail Travel Brig          O;Zermatt Rail Travel Brig          O;Zermatt Rail Travel Brig          O;ZRT BRIG;ZRT BRIG;ZRT BRIG;ZRT BRIG;21809;;1900-01-01;2099-12-31;60
ch:1:sboid:101641;101641;Swiss Holidays ZH Flughafen  O;Swiss Holidays ZH Flughafen  O;Swiss Holidays ZH Flughafen  O;Swiss Holidays ZH Flughafen  O;SHOL ZHFH;SHOL ZHFH;SHOL ZHFH;SHOL ZHFH;21816;;1900-01-01;2099-12-31;60
ch:1:sboid:101642;101642;Adrastea Viaggi Tirano       O;Adrastea Viaggi Tirano       O;Adrastea Viaggi Tirano       O;Adrastea Viaggi Tirano       O;ADRA TIRA;ADRA TIRA;ADRA TIRA;ADRA TIRA;21817;;1900-01-01;2099-12-31;60
ch:1:sboid:101644;101644;You Travel Helsinki          O;You Travel Helsinki          O;You Travel Helsinki          O;You Travel Helsinki          O;YOU HELSIN;YOU HELSIN;YOU HELSIN;YOU HELSIN;21819;;1900-01-01;2099-12-31;60
ch:1:sboid:101645;101645;Bahnurlaub.de Waldmohr       O;Bahnurlaub.de Waldmohr       O;Bahnurlaub.de Waldmohr       O;Bahnurlaub.de Waldmohr       O;BAHN WALDM;BAHN WALDM;BAHN WALDM;BAHN WALDM;21820;;1900-01-01;2099-12-31;60
ch:1:sboid:101646;101646;Basel Tourismus              O;Basel Tourismus              O;Basel Tourismus              O;Basel Tourismus              O;BS TOUR;BS TOUR;BS TOUR;BS TOUR;21821;;1900-01-01;2099-12-31;60
ch:1:sboid:101649;101649;Sutter Hinterzarten          O;Sutter Hinterzarten          O;Sutter Hinterzarten          O;Sutter Hinterzarten          O;SUTTER HIZ;SUTTER HIZ;SUTTER HIZ;SUTTER HIZ;21824;;1900-01-01;2099-12-31;60
ch:1:sboid:101652;101652;Evolution Voyages Paris      O;Evolution Voyages Paris      O;Evolution Voyages Paris      O;Evolution Voyages Paris      O;EVOLUTION;EVOLUTION;EVOLUTION;EVOLUTION;21827;;1900-01-01;2099-12-31;60
ch:1:sboid:101653;101653;Swiss Skicompany Potters Bar O;Swiss Skicompany Potters Bar O;Swiss Skicompany Potters Bar O;Swiss Skicompany Potters Bar O;SWISS S PB;SWISS S PB;SWISS S PB;SWISS S PB;21829;;1900-01-01;2099-12-31;60
ch:1:sboid:101654;101654;Japan Tours Genève           O;Japan Tours Genève           O;Japan Tours Genève           O;Japan Tours Genève           O;JAPAN T GE;JAPAN T GE;JAPAN T GE;JAPAN T GE;21830;;1900-01-01;2099-12-31;60
ch:1:sboid:101656;101656;Voyages et Culture Lausanne  O;Voyages et Culture Lausanne  O;Voyages et Culture Lausanne  O;Voyages et Culture Lausanne  O;VOY CUL LS;VOY CUL LS;VOY CUL LS;VOY CUL LS;21833;;1900-01-01;2099-12-31;60
ch:1:sboid:101240;101240;Verein Dampfbahn Bern;Verein Dampfbahn Bern;Verein Dampfbahn Bern;Verein Dampfbahn Bern;VDBB;VDBB;VDBB;VDBB;9014;;1900-01-01;2099-12-31;12
ch:1:sboid:101241;101241;Mikado 1244;Mikado 1244;Mikado 1244;Mikado 1244;VMik;VMik;VMik;VMik;9015;;1900-01-01;2099-12-31;12
ch:1:sboid:101242;101242;Verein Pazific 01 202;Verein Pazific 01 202;Verein Pazific 01 202;Verein Pazific 01 202;VPac;VPac;VPac;VPac;9016;;1900-01-01;2099-12-31;12
ch:1:sboid:100500;100500;Lebara GmbH;Lebara GmbH;Lebara GmbH;Lebara GmbH;Lebara;Lebara;Lebara;Lebara;597;;1900-01-01;2099-12-31;95
ch:1:sboid:100501;100501;Lyca Mobile AG;Lyca Mobile AG;Lyca Mobile AG;Lyca Mobile AG;LycaMobile;LycaMobile;LycaMobile;LycaMobile;598;;1900-01-01;2099-12-31;95
ch:1:sboid:100502;100502;SweePay AG;SweePay AG;SweePay AG;SweePay AG;SweePay AG;SweePay AG;SweePay AG;SweePay AG;599;;1900-01-01;2099-12-31;95
ch:1:sboid:100506;100506;Automobildienst SBB;Automobildienst SBB;Automobildienst SBB;Automobildienst SBB;SBB Bus;SBB Bus;SBB Bus;SBB Bus;702;;1900-01-01;2099-12-31;30
ch:1:sboid:100507;100507;Postbus ÖBB;Postbus ÖBB;Postbus ÖBB;Postbus ÖBB;POSTBUS A;POSTBUS A;POSTBUS A;POSTBUS A;703;;1900-01-01;2099-12-31;30
ch:1:sboid:100511;100511;Transports Urbains Bruntrutains;Transports Urbains Bruntrutains;Transports Urbains Bruntrutains;Transports Urbains Bruntrutains;TUB;TUB;TUB;TUB;707;;1900-01-01;2099-12-31;30
ch:1:sboid:100512;100512;Elektrobus Zermatt;Elektrobus Zermatt;Elektrobus Zermatt;Elektrobus Zermatt;EBZ;EBZ;EBZ;EBZ;708;;1900-01-01;2099-12-31;30
ch:1:sboid:100513;100513;Mühleggbahn AG;Mühleggbahn AG;Mühleggbahn AG;Mühleggbahn AG;MSG;MSG;MSG;MSG;709;;1900-01-01;2099-12-31;10
ch:1:sboid:100514;100514;Autoservizi Silvestri Livigno;Autoservizi Silvestri Livigno;Autoservizi Silvestri Livigno;Autoservizi Silvestri Livigno;ASL;ASL;ASL;ASL;712;;1900-01-01;2099-12-31;30
ch:1:sboid:100515;100515;Bus urbain de Martigny;Bus urbain de Martigny;Bus urbain de Martigny;Bus urbain de Martigny;BUM;BUM;BUM;BUM;713;;1900-01-01;2099-12-31;30
ch:1:sboid:100518;100518;Ortsbus St. Moritz;Ortsbus St. Moritz;Ortsbus St. Moritz;Ortsbus St. Moritz;OBSM;OBSM;OBSM;OBSM;716;;1900-01-01;2099-12-31;30
ch:1:sboid:100520;100520;Ortsbus Klosters-Serneus;Ortsbus Klosters-Serneus;Ortsbus Klosters-Serneus;Ortsbus Klosters-Serneus;OKS;OKS;OKS;OKS;718;;1900-01-01;2099-12-31;30
ch:1:sboid:100521;100521;Société des Auto-transports du Pied du Jura Vaudois;Société des Auto-transports du Pied du Jura Vaudois;Société des Auto-transports du Pied du Jura Vaudois;Société des Auto-transports du Pied du Jura Vaudois;SAPJV;SAPJV;SAPJV;SAPJV;719;;1900-01-01;2099-12-31;32
ch:1:sboid:101527;101527;Skyways Birmensdorf ZH     O;Skyways Birmensdorf ZH     O;Skyways Birmensdorf ZH     O;Skyways Birmensdorf ZH     O;SKYWAY BIR;SKYWAY BIR;SKYWAY BIR;SKYWAY BIR;21671;;1900-01-01;2099-12-31;60
ch:1:sboid:100667;100667;Transports Vallée de Joux-Yverdon-Ste-Croix (auto ystec);Transports Vallée de Joux-Yverdon-Ste-Croix (auto ystec);Transports Vallée de Joux-Yverdon-Ste-Croix (auto ystec);Transports Vallée de Joux-Yverdon-Ste-Croix (auto ystec);TRAVYS/ays;TRAVYS/ays;TRAVYS/ays;TRAVYS/ays;868;;1900-01-01;2099-12-31;30
ch:1:sboid:100669;100669;Automobildienste Aare Seeland mobil;Automobildienste Aare Seeland mobil;Automobildienste Aare Seeland mobil;Automobildienste Aare Seeland mobil;ASM Auto;ASM Auto;ASM Auto;ASM Auto;870;;1900-01-01;2099-12-31;30
ch:1:sboid:100670;100670;Busland AG;Busland AG;Busland AG;Busland AG;BLAG;BLAG;BLAG;BLAG;871;;1900-01-01;2099-12-31;30
ch:1:sboid:100671;100671;Busland AG Berg;Busland AG Berg;Busland AG Berg;Busland AG Berg;BLAG Berg;BLAG Berg;BLAG Berg;BLAG Berg;872;;1900-01-01;2099-12-31;30
ch:1:sboid:100672;100672;Regionalbus Lenzburg;Regionalbus Lenzburg;Regionalbus Lenzburg;Regionalbus Lenzburg;RBL;RBL;RBL;RBL;873;;1900-01-01;2099-12-31;30
ch:1:sboid:100675;100675;Transports publics Vevey-Montreux-Chillon-Villeneuve;Transports publics Vevey-Montreux-Chillon-Villeneuve;Transports publics Vevey-Montreux-Chillon-Villeneuve;Transports publics Vevey-Montreux-Chillon-Villeneuve;VMCV;VMCV;VMCV;VMCV;876;;1900-01-01;2099-12-31;
ch:1:sboid:101542;101542;Bentour Zürich               O;Bentour Zürich               O;Bentour Zürich               O;Bentour Zürich               O;BENTOUR ZH;BENTOUR ZH;BENTOUR ZH;BENTOUR ZH;21688;;1900-01-01;2099-12-31;60
ch:1:sboid:101543;101543;Südost Reisen Lyss           O;Südost Reisen Lyss           O;Südost Reisen Lyss           O;Südost Reisen Lyss           O;SUEDOST LY;SUEDOST LY;SUEDOST LY;SUEDOST LY;21689;;1900-01-01;2099-12-31;60
ch:1:sboid:101678;101678;ZVV-Contact/VBZ-Fundbüro;ZVV-Contact/VBZ-Fundbüro;ZVV-Contact/VBZ-Fundbüro;ZVV-Contact/VBZ-Fundbüro;ZVVVBZ;ZVVVBZ;ZVVVBZ;ZVVVBZ;21856;;1900-01-01;2099-12-31;60
ch:1:sboid:101679;101679;Agenzie 365;Agenzie 365;Agenzie 365;Agenzie 365;AGENZIE;AGENZIE;AGENZIE;AGENZIE;21857;;1900-01-01;2099-12-31;60
ch:1:sboid:101680;101680;Soleans travel company;Soleans travel company;Soleans travel company;Soleans travel company;SOLEANS;SOLEANS;SOLEANS;SOLEANS;21858;;1900-01-01;2099-12-31;60
ch:1:sboid:101681;101681;American Express GBT;American Express GBT;Amrican Express GBT;American Express GBT;AMEXGBT;AMEXGBT;AMEXGBT;AMEXGBT;21859;;1900-01-01;2099-12-31;60
ch:1:sboid:101682;101682;Girod Viaggi Domodossola;Girod Viaggi Domodossola;Girod Viaggi Domodossola;Girod Viaggi Domodossola;GIROD;GIROD;GIROD;GIROD;21860;;1900-01-01;2099-12-31;60
ch:1:sboid:101683;101683;Intern 01;Intern 01;Intern 01;Intern 01;MVR-cev01;MVR-cev01;MVR-cev01;MVR-cev01;90001;;1900-01-01;2099-12-31;95
ch:1:sboid:101684;101684;Coopérative Pléiades;Coopérative Pléiades;Coopérative Pléiades;Coopérative Pléiades;MVR-cev02;MVR-cev02;MVR-cev02;MVR-cev02;90002;;1900-01-01;2099-12-31;95
ch:1:sboid:101685;101685;ESS Pléiades;ESS Pléiades;ESS Pléiades;ESS Pléiades;MVR-cev03;MVR-cev03;MVR-cev03;MVR-cev03;90003;;1900-01-01;2099-12-31;95
ch:1:sboid:100808;100808;Internationale Schlafwagen-und Touristik-Gesellschaft;Compagnie Internationale des wagons-lits et du tourisme;Internationale Schlafwagen-und Touristik-Gesellschaft;Internationale Schlafwagen-und Touristik-Gesellschaft;CIWLT;CIWLT;CIWLT;CIWLT;1014;;1900-01-01;2099-12-31;11
ch:1:sboid:100809;100809;Rail Manche Finance;Rail Manche Finance;Rail Manche Finance;Rail Manche Finance;RMF;RMF;RMF;RMF;1015;;1900-01-01;2099-12-31;11
ch:1:sboid:100810;100810;HERMES Internationales Produktions-/Planungs-/Steuerungssyst;HERMES Système international de gestion de la production ass;HERMES Internationales Produktions-/Planungs-/Steuerungssyst;HERMES Internationales Produktions-/Planungs-/Steuerungssyst;HIPPS;HIPPS;HIPPS;HIPPS;1016;;1900-01-01;2099-12-31;11
ch:1:sboid:100811;100811;THALYS;THALYS;THALYS;THALYS;THALYS;THALYS;THALYS;THALYS;1018;;1900-01-01;2099-12-31;11
ch:1:sboid:100812;100812;Russische Eisenbahnen;Chemins de fer de Russie;Russische Eisenbahnen;Russian Railways;RZD;RZD;RZD;RZD;1020;;1900-01-01;2099-12-31;11
ch:1:sboid:100813;100813;Belorussische Eisenbahn;Belorussische Eisenbahn;Belorussische Eisenbahn;Byelorussian Railways;BC;BC;BC;BC;1021;;1900-01-01;2099-12-31;11
ch:1:sboid:100814;100814;Ukrainische Eisenbahnen;Ukrainische Eisenbahnen;Ukrainische Eisenbahnen;Ukraine Railways;UZ;UZ;UZ;UZ;1022;;1900-01-01;2099-12-31;11
ch:1:sboid:100815;100815;Moldawische Eisenbahn;Moldawische Eisenbahn;Moldawische Eisenbahn;Moldavian Railways;CFM;CFM;CFM;CFM;1023;;1900-01-01;2099-12-31;11
ch:1:sboid:100816;100816;Litauische Eisenbahn;Litauische Eisenbahn;Litauische Eisenbahn;Lithuanian Railways;LG;LG;LG;LG;1024;;1900-01-01;2099-12-31;11
ch:1:sboid:100817;100817;Lettische Eisenbahn;Lettische Eisenbahn;Lettische Eisenbahn;Lettonian Railways;LDZ;LDZ;LDZ;LDZ;1025;;1900-01-01;2099-12-31;11
ch:1:sboid:100818;100818;Staatlicher Betrieb "Estnische Eisenbahn";Staatlicher Betrieb "Estnische Eisenbahn";Staatlicher Betrieb "Estnische Eisenbahn";State Estonian Railways;EVR;EVR;EVR;EVR;1026;;1900-01-01;2099-12-31;11
ch:1:sboid:100819;100819;Kasachische Eisenbahnen;Kasachische Eisenbahnen;Kasachische Eisenbahnen;Kazakhstian Railways;KZH;KZH;KZH;KZH;1027;;1900-01-01;2099-12-31;11
ch:1:sboid:101133;101133;Interimsfahrplan / Horaire interimaire / Orario ad interim;Interimsfahrplan / Horaire interimaire / Orario ad interim;Interimsfahrplan / Horaire interimaire / Orario ad interim;Interimsfahrplan / Horaire interimaire / Orario ad interim;Extrabus 1;Extrabus 1;Extrabus 1;Extrabus 1;7000;;1900-01-01;2099-12-31;32
ch:1:sboid:101137;101137;Commune d'Anniviers Vissoie;Commune d'Anniviers Vissoie;Commune d'Anniviers Vissoie;Commune d'Anniviers Vissoie;CdA;CdA;CdA;CdA;7004;;1900-01-01;2099-12-31;32
ch:1:sboid:100557;100557;Autobusbetrieb Freienbach;Autobusbetrieb Freienbach;Autobusbetrieb Freienbach;Autobusbetrieb Freienbach;ABF;ABF;ABF;ABF;755;;1900-01-01;2099-12-31;32
ch:1:sboid:100567;100567;Bus commune Sion;Bus commune Sion;Bus commune Sion;Bus commune Sion;BCS;BCS;BCS;BCS;765;;1900-01-01;2099-12-31;30
ch:1:sboid:100907;100907;Stena Line 1 Frederikshavn-Göteborg;Stena Line 1 Frederikshavn-Göteborg;Stena Line 1 Frederikshavn-Göteborg;Stena Line 1 Frederikshavn-Göteborg;St.L 1   $;St.L 1   $;St.L 1   $;St.L 1   $;1774;;1900-01-01;2099-12-31;95
ch:1:sboid:100908;100908;Bodensee-Schifffahrts-Betrieb;Bodensee-Schifffahrts-Betrieb;Bodensee-Schifffahrts-Betrieb;Bodensee-Schifffahrts-Betrieb;BSB      $;BSB      $;BSB      $;BSB      $;1780;;1900-01-01;2099-12-31;95
ch:1:sboid:100909;100909;Zillertalbahn;Zillertalbahn;Zillertalbahn;Zillertalbahn;ZB       $;ZB       $;ZB       $;ZB       $;1781;;1900-01-01;2099-12-31;95
ch:1:sboid:100910;100910;FS 1 Roma Termini-Fiumicino Aeropor;FS 1 Roma Termini-Fiumicino Aeropor;FS 1 Roma Termini-Fiumicino Aeropor;FS 1 Roma Termini-Fiumicino Aeropor;FS 1     $;FS 1     $;FS 1     $;FS 1     $;1783;;1900-01-01;2099-12-31;95
ch:1:sboid:100911;100911;SNCB-Verbindungen via Aachen Süd(Gr.), Vise(fr);SNCB-Verbindungen via Aachen Süd(Gr.), Vise(fr);SNCB-Verbindungen via Aachen Süd(Gr.), Vise(fr);SNCB-Verbindungen via Aachen Süd(Gr.), Vise(fr);SNCB 1   $;SNCB 1   $;SNCB 1   $;SNCB 1   $;1788;;1900-01-01;2099-12-31;95
ch:1:sboid:100915;100915;Ramsgate - Oostende;Ramsgate - Oostende;Ramsgate - Oostende;Ramsgate - Oostende;ATOC     $;ATOC     $;ATOC     $;ATOC     $;1870;;1900-01-01;2099-12-31;95
ch:1:sboid:100917;100917;NSB 1 Myrdal - Flam;NSB 1 Myrdal - Flam;NSB 1 Myrdal - Flam;NSB 1 Myrdal - Flam;NSB 1    $;NSB 1    $;NSB 1    $;NSB 1    $;1876;;1900-01-01;2099-12-31;95
ch:1:sboid:100729;100729;Anteile Kanton Bern;Anteile Kanton Bern;Anteile Kanton Bern;Anteile Kanton Bern;Ant Kt BE;Ant Kt BE;Ant Kt BE;Ant Kt BE;930;;1900-01-01;2011-12-31;95
ch:1:sboid:100742;100742;Cisalpino;Cisalpino;Cisalpino;Cisalpino;Cisalpino;Cisalpino;Cisalpino;Cisalpino;943;;1900-01-01;2012-05-31;80
ch:1:sboid:100745;100745;TGV3 Lausanne/Vallorbe fr (Anteil SBB);TGV3 Lausanne/Vallorbe fr (Anteil SBB);TGV3 Lausanne/Vallorbe fr (Anteil SBB);TGV3 Lausanne/Vallorbe fr (Anteil SBB);TGV3;TGV3;TGV3;TGV3;946;;1900-01-01;1997-05-31;95
ch:1:sboid:100749;100749;Insel Mainau;Insel Mainau;Insel Mainau;Insel Mainau;Mainau;Mainau;Mainau;Mainau;950;;1900-01-01;2012-05-31;50
ch:1:sboid:100756;100756;Fly-outgoing;Fly-outgoing;Fly-outgoing;Fly-outgoing;Fly-out;Fly-out;Fly-out;Fly-out;957;;1900-01-01;2002-08-31;95
ch:1:sboid:100767;100767;Hertz-Zusatzkarte;Hertz-Zusatzkarte;Hertz-Zusatzkarte;Hertz-Zusatzkarte;Hertz;Hertz;Hertz;Hertz;968;;1900-01-01;2002-08-31;95
ch:1:sboid:100770;100770;Inter Rail - Angebot;Inter Rail - Angebot;Inter Rail - Angebot;Inter Rail - Angebot;IR-Ange;IR-Ange;IR-Ange;IR-Ange;971;;1900-01-01;2012-05-31;95
ch:1:sboid:100772;100772;Europass - Angebot;Europass - Angebot;Europass - Angebot;Europass - Angebot;Europass;Europass;Europass;Europass;973;;1900-01-01;2002-08-31;95
ch:1:sboid:100776;100776;Transit Personen Gotthard/Lötschberg;Transit Personen Gotthard/Lötschberg;Transit Personen Gotthard/Lötschberg;Transit Personen Gotthard/Lötschberg;Trs P G/L;Trs P G/L;Trs P G/L;Trs P G/L;977;;1900-01-01;2012-05-31;95
ch:1:sboid:100781;100781;ELVIA-Versicherung;ELVIA-Versicherung;ELVIA-Versicherung;ELVIA-Versicherung;ELVIA/SBB;ELVIA/SBB;ELVIA/SBB;ELVIA/SBB;982;;1900-01-01;2002-08-31;95
ch:1:sboid:100783;100783;Aktion Jugend und Sport (in Koll-Billetten);Aktion Jugend und Sport (in Koll-Billetten);Aktion Jugend und Sport (in Koll-Billetten);Aktion Jugend und Sport (in Koll-Billetten);J + S;J + S;J + S;J + S;984;;1900-01-01;1997-05-31;95
ch:1:sboid:100784;100784;EPR-Spezial (ESG);EPR-Spezial (ESG);EPR-Spezial (ESG);EPR-Spezial (ESG);EPR-Spez;EPR-Spez;EPR-Spez;EPR-Spez;985;;1900-01-01;2002-08-31;95
ch:1:sboid:100785;100785;Reserviert für AI-1;Reserviert für AI-1;Reserviert für AI-1;Reserviert für AI-1;Res AI-1;Res AI-1;Res AI-1;Res AI-1;986;;1900-01-01;1995-12-31;95
ch:1:sboid:100875;100875;Niederländische Eisenbahnen;Chemins de fer néerlandais;Niederländische Eisenbahnen;Netherlands Railways;NS;NS;NS;NS;1084;;1900-01-01;2099-12-31;11
ch:1:sboid:100901;100901;Montafonerbahn;Montafonerbahn;Montafonerbahn;Montafonerbahn;MBS $;MBS $;MBS $;MBS $;1681;;1900-01-01;2099-12-31;95
ch:1:sboid:100902;100902;SNCB Verbindungen Bruxelles Airport;SNCB Verbindungen Bruxelles Airport;SNCB Verbindungen Bruxelles Airport;SNCB Verbindungen Bruxelles Airport;SNCB 4___$;SNCB 4   $;SNCB 4__ $;SNCB     $;1688;;1900-01-01;2099-12-31;95
ch:1:sboid:101243;101243;Vapeur Val-de-Travers (VVT);Vapeur Val-de-Travers (VVT);Vapeur Val-de-Travers (VVT);Vapeur Val-de-Travers (VVT);VVT;VVT;VVT;VVT;9017;;1900-01-01;2099-12-31;12
ch:1:sboid:101244;101244;Eurovapor;Eurovapor;Eurovapor;Eurovapor;ev;ev;ev;ev;9018;;1900-01-01;2099-12-31;12
ch:1:sboid:101245;101245;Ruhrtalbahn;Ruhrtalbahn;Ruhrtalbahn;Ruhrtalbahn;RTal;RTal;RTal;RTal;9019;;1900-01-01;2099-12-31;12
ch:1:sboid:101256;101256;Ausländischer Nahverkehr Italien;Ausländischer Nahverkehr Italien;Ausländischer Nahverkehr Italien;Ausländischer Nahverkehr Italien;ANV ITA  $;ANV ITA  $;ANV ITA  $;ANV ITA  $;9913;;1900-01-01;2099-12-31;99
ch:1:sboid:101257;101257;Fiktive GO für Infoplus;Fiktive GO für Infoplus;Fiktive GO für Infoplus;Fiktive GO für Infoplus;INFOPLUS;INFOPLUS;INFOPLUS;INFOPLUS;9988;;1900-01-01;2099-12-31;99
ch:1:sboid:101258;101258;Unterbruchstrecken DDB-P;Unterbruchstrecken DDB-P;Unterbruchstrecken DDB-P;Unterbruchstrecken DDB-P;Unterbruch;Unterbruch;Unterbruch;Unterbruch;9990;;1900-01-01;2099-12-31;95
ch:1:sboid:101259;101259;Pauschalunternehmung (interne Verwendung);Pauschalunternehmung (interne Verwendung);Pauschalunternehmung (interne Verwendung);Pauschalunternehmung (interne Verwendung);P-Unt;P-Unt;P-Unt;P-Unt;9998;;1900-01-01;2099-12-31;95
ch:1:sboid:101260;101260;Diverse INFO;Diverse INFO;Diverse INFO;Diverse INFO;DIVINFO;DIVINFO;DIVINFO;DIVINFO;9999;;1900-01-01;2099-12-31;99
ch:1:sboid:101261;101261;ERS-Railways BV. Netherlands;ERS-Railways BV. Netherlands;ERS-Railways BV. Netherlands;ERS-Railways BV. Netherlands;ERSRAILWAY;ERSRAILWAY;ERSRAILWAY;ERSRAILWAY;13081;;1900-01-01;2099-12-31;12
ch:1:sboid:101262;101262;Kriens-Fräkmüntegg;Kriens-Fräkmüntegg;Kriens-Fräkmüntegg;Kriens-Fräkmüntegg;PB Fpl;PB Fpl;PB Fpl;PB Fpl;13600;;1900-01-01;2099-12-31;12
ch:1:sboid:101263;101263;Weggis-Rigi Kaltbad;Weggis-Rigi Kaltbad;Weggis-Rigi Kaltbad;Weggis-Rigi Kaltbad;RB Fpl;RB Fpl;RB Fpl;RB Fpl;13700;;1900-01-01;2099-12-31;12
ch:1:sboid:101264;101264;Transports Publics Neuchâtelois SA;Transports Publics Neuchâtelois SA;Transports Publics Neuchâtelois SA;Transports Publics Neuchâtelois SA;TRN-tn FPL;TRN-tn FPL;TRN-tn FPL;TRN-tn FPL;15300;;1900-01-01;2099-12-31;12
ch:1:sboid:101273;101273;Bucher Luzern                O;Bucher Luzern                O;Bucher Luzern                O;Bucher Luzern                O;BUCHER LZ;BUCHER LZ;BUCHER LZ;BUCHER LZ;21308;;1900-01-01;2099-12-31;60
ch:1:sboid:101009;101009;Bergbahnen Destination Gstaad AG;Bergbahnen Destination Gstaad AG;Bergbahnen Destination Gstaad AG;Bergbahnen Destination Gstaad AG;BDGAG-shb;BDGAG-shb;BDGAG-shb;BDGAG-shb;3068;;1900-01-01;2099-12-31;12
ch:1:sboid:101010;101010;Bergbahnen Destination Gstaad AG;Bergbahnen Destination Gstaad AG;Bergbahnen Destination Gstaad AG;Bergbahnen Destination Gstaad AG;BDGAG-skpc;BDGAG-skpc;BDGAG-skpc;BDGAG-skpc;3069;;1900-01-01;2099-12-31;12
ch:1:sboid:101011;101011;Sesselbahn Kiental-Ramslauenen;Sesselbahn Kiental-Ramslauenen;Sesselbahn Kiental-Ramslauenen;Sesselbahn Kiental-Ramslauenen;SKRa;SKRa;SKRa;SKRa;3070;;1900-01-01;2099-12-31;12
ch:1:sboid:101012;101012;Nuova Carì Impianti Turistici SA;Nuova Carì Impianti Turistici SA;Nuova Carì Impianti Turistici SA;Nuova Carì Impianti Turistici SA;NCIT;NCIT;NCIT;NCIT;3071;;1900-01-01;2099-12-31;12
ch:1:sboid:100050;100050;Transports Vallée de Joux-Yverdon-Ste-Croix (pbr);Transports Vallée de Joux-Yverdon-Ste-Croix (pbr);Transports Vallée de Joux-Yverdon-Ste-Croix (pbr);Transports Vallée de Joux-Yverdon-Ste-Croix (pbr);TRAVYS-pbr;TRAVYS-pbr;TRAVYS-pbr;TRAVYS-pbr;69;;1900-01-01;2099-12-31;10
ch:1:sboid:100052;100052;Appenzeller Bahnen (rhb);Appenzeller Bahnen (rhb);Appenzeller Bahnen (rhb);Appenzeller Bahnen (rhb);AB-rhb;AB-rhb;AB-rhb;AB-rhb;71;;1900-01-01;2099-12-31;10
ch:1:sboid:100164;100164;Corviglia-Piz Nair;Corviglia-Piz Nair;Corviglia-Piz Nair;Corviglia-Piz Nair;LCPN;LCPN;LCPN;LCPN;206;;1900-01-01;2018-01-12;12
ch:1:sboid:100181;100181;Pendicularas Scuol SA;Pendicularas Scuol SA;Pendicularas Scuol SA;Pendicularas Scuol SA;PSFS;PSFS;PSFS;PSFS;223;;1900-01-01;2017-11-22;10
ch:1:sboid:100192;100192;Saastal Bergbahnen AG;Saastal Bergbahnen AG;Saastal Bergbahnen AG;Saastal Bergbahnen AG;LSF;LSF;LSF;LSF;234;;1900-01-01;2017-12-19;10
ch:1:sboid:100199;100199;TéléDiablerets SA;TéléDiablerets SA;TéléDiablerets SA;TéléDiablerets SA;TD;TD;TD;TD;241;;1900-01-01;2018-01-12;10
ch:1:sboid:100436;100436;Limmattalbahn AG Zürich;Limmattalbahn AG Zürich;Limmattalbahn AG Zürich;Limmattalbahn AG Zürich;LTB;LTB;LTB;LTB;524;;1900-01-01;2018-01-12;95
ch:1:sboid:100503;100503;Bergbahnen Grüsch-Danusa AG;Bergbahnen Grüsch-Danusa AG;Bergbahnen Grüsch-Danusa AG;Bergbahnen Grüsch-Danusa AG;BGD;BGD;BGD;BGD;600;;1900-01-01;2099-12-31;45
ch:1:sboid:101128;101128;EURAIL GROUP GIE;EURAIL GROUP GIE;EURAIL GROUP GIE;EURAIL GROUP GIE;EURAIL;EURAIL;EURAIL;EURAIL;3333;;1900-01-01;2099-12-31;12
ch:1:sboid:101129;101129;BLS Lötschbergbahn                                         $;BLS Lötschbergbahn                                         $;BLS Lötschbergbahn                                         $;BLS Lötschbergbahn                                         $;BLS-bls  $;BLS-bls  $;BLS-bls  $;BLS-bls  $;3385;;1900-01-01;2099-12-31;95
ch:1:sboid:101130;101130;Verkehrsbetriebe Zürich INFO+;Verkehrsbetriebe Zürich INFO+;Verkehrsbetriebe Zürich INFO+;Verkehrsbetriebe Zürich INFO+;VBZ    Fpl;VBZ    Fpl;VBZ    Fpl;VBZ    Fpl;3849;;1900-01-01;2099-12-31;30
ch:1:sboid:101131;101131;KWO Seilbahnen;KWO Funiculaire;KWO Funicolare;KWO Seilbahnen;KWO-sb;KWO-sb;KWO-sb;KWO-sb;3862;;1900-01-01;2099-12-31;10
ch:1:sboid:101661;101661;H.I.S Travel Switzerland    O;H.I.S Travel Switzerland    O;H.I.S Travel Switzerland    O;H.I.S Travel Switzerland    O;H.I.S. Tra;H.I.S. Tra;H.I.S. Tra;H.I.S. Tra;21839;;1900-01-01;2099-12-31;60
ch:1:sboid:101662;101662;Inntravel Ltd. York          O;Inntravel Ltd. York          O;Inntravel Ltd. York          O;Inntravel Ltd. York          O;INNTRAVEL;INNTRAVEL;INNTRAVEL;INNTRAVEL;21840;;1900-01-01;2099-12-31;60
ch:1:sboid:101665;101665;Bichsel Musikreisen AG Zürich                        O;Bichsel Musikreisen AG Zürich;Bichsel Musikreisen AG Zürich;Bichsel Musikreisen AG Zürich                        O;BICHSEL AG;BICHSEL AG;BICHSEL AG;BICHSEL AG;21843;;1900-01-01;2099-12-31;60
ch:1:sboid:101666;101666;Viatges Alemany S.A.Barcelona;Viatges Alemany S.A.Barcelona;Viatges Alemany S.A.Barcelona;Viatges Alemany S.A.Barcelona;ALEMANY SA;ALEMANY SA;ALEMANY SA;ALEMANY SA;21844;;1900-01-01;2099-12-31;60
ch:1:sboid:101668;101668;SM Travel Genève             O;SM Travel Genève             O;SM Travel Genève             O;SM Travel Genève             O;SM TRAVEL;SM TRAVEL;SM TRAVEL;SM TRAVEL;21846;;1900-01-01;2099-12-31;60
ch:1:sboid:101671;101671;Airport Ticketing Dublin     O;Airport Ticketing Dublin     O;Airport Ticketing Dublin     O;Airport Ticketing Dublin     O;AIRP TICK;AIRP TICK;AIRP TICK;AIRP TICK;21849;;1900-01-01;2099-12-31;60
ch:1:sboid:101673;101673;Swiss Travel System AG;Swiss Travel System AG;Swiss Travel System AG;Swiss Travel System AG;STS;STS;STS;STS;21851;;1900-01-01;2099-12-31;60
ch:1:sboid:101674;101674;Hotel Weisses Kreuz;Hotel Weisses Kreuz;Hotel Weisses Kreuz;Hotel Weisses Kreuz;HOWEIKREUZ;HOWEIKREUZ;HOWEIKREUZ;HOWEIKREUZ;21852;;1900-01-01;2099-12-31;60
ch:1:sboid:101676;101676;SBB AG, P-FV-PM-ZUV;SBB AG, P-FV-PM-ZUV;SBB AG, P-FV-PM-ZUV;SBB AG, P-FV-PM-ZUV;PV FV;PV FV;PV FV;PV FV;21854;;1900-01-01;2099-12-31;60
ch:1:sboid:101677;101677;PAC GROUP Company;PAC GROUP Company;PAC GROUP Company;PAC GROUP Company;PAC GROUP;PAC GROUP;PAC GROUP;PAC GROUP;21855;;1900-01-01;2099-12-31;60
ch:1:sboid:101686;101686;Sparenmoos Bus;Sparenmoos Bus;Sparenmoos Bus;Sparenmoos Bus;MOB-mob01;MOB-mob01;MOB-mob01;MOB-mob01;90004;;1900-01-01;2099-12-31;95
ch:1:sboid:101687;101687;SID Téléskis;SID Téléskis;SID Téléskis;SID Téléskis;MOB-mob02;MOB-mob02;MOB-mob02;MOB-mob02;90005;;1900-01-01;2099-12-31;95
ch:1:sboid:101688;101688;Restaurant Naye;Restaurant Naye;Restaurant Naye;Restaurant Naye;MOB-mob03;MOB-mob03;MOB-mob03;MOB-mob03;90006;;1900-01-01;2099-12-31;95
ch:1:sboid:101689;101689;Catering;Catering;Catering;Catering;MOB-mob04;MOB-mob04;MOB-mob04;MOB-mob04;90007;;1900-01-01;2099-12-31;95
ch:1:sboid:101690;101690;Yourtes Naye;Yourtes Naye;Yourtes Naye;Yourtes Naye;MOB-mob05;MOB-mob05;MOB-mob05;MOB-mob05;90008;;1900-01-01;2099-12-31;95
ch:1:sboid:101691;101691;Dortoirs Naye;Dortoirs Naye;Dortoirs Naye;Dortoirs Naye;MOB-mob06;MOB-mob06;MOB-mob06;MOB-mob06;90009;;1900-01-01;2099-12-31;95
ch:1:sboid:101692;101692;BLS-bls Intern 01;BLS-bls Intern 01;BLS-bls Intern 01;BLS-bls Intern 01;BLS-bls01;BLS-bls01;BLS-bls01;BLS-bls01;90010;;1900-01-01;2099-12-31;95
ch:1:sboid:101693;101693;Restaurant Pléiades;Restaurant Pléiades;Restaurant Pléiades;Restaurant Pléiades;MVR-cev04;MVR-cev04;MVR-cev04;MVR-cev04;90011;;1900-01-01;2099-12-31;95
ch:1:sboid:101694;101694;BLS-bls Intern 02;BLS-bls Intern 02;BLs-bls Intern 02;BLS-bls Intern 02;BLS-bls02;BLS-bls02;BLS-bls02;BLS-bls02;90012;;1900-01-01;2099-12-31;95
ch:1:sboid:101695;101695;MOB/Infosystem;MOB/Infosystem;MOB/Infosystem;MOB/Infosystem;MOB/Info;MOB/Info;MOB/Info;MOB/Info;90013;;1900-01-01;2099-12-31;95
ch:1:sboid:101696;101696;Forum Train Europe;Forum Train Europe;Forum Train Europe;Forum Train Europe;FTE;FTE;FTE;FTE;99000;;1900-01-01;2099-12-31;12
ch:1:sboid:101699;101699;unbekannt;unbekannt;unbekannt;unbekannt;unbekannt;unbekannt;unbekannt;unbekannt;99999;;1900-01-01;2099-12-31;99
ch:1:sboid:100802;100802;SEALINK;SEALINK;SEALINK;SEALINK;SEALINK;SEALINK;SEALINK;SEALINK;1008;;1900-01-01;2099-12-31;11
ch:1:sboid:100803;100803;Régie belge des transports maritimes;Régie belge des transports maritimes;Régie belge des transports maritimes;Régie belge des transports maritimes;RTM;RTM;RTM;RTM;1009;;1900-01-01;2099-12-31;11
ch:1:sboid:100804;100804;Finnische Staatsbahnen;Chemins de fer de l'Etat de Finlande;Finnische Staatsbahnen;Finnish State Railways;VR       $;VR       $;VR       $;VR       $;1010;;1900-01-01;2099-12-31;11
ch:1:sboid:100805;100805;Ausländische Nahverkehrsbetriebe;Ausländische Nahverkehrsbetriebe;Ausländische Nahverkehrsbetriebe;Ausländische Nahverkehrsbetriebe;ANV;ANV;ANV;ANV;1011;;1900-01-01;2099-12-31;99
ch:1:sboid:100806;100806;TRANSFESA;TRANSFESA;TRANSFESA;TRANSFESA;TF       $;TF       $;TF       $;TF       $;1012;;1900-01-01;2099-12-31;11
ch:1:sboid:100807;100807;Gemeinsamer Schlafwagendienst;Service commun des voitures-lits;Gemeinsamer Schlafwagendienst;Gemeinsamer Schlafwagendienst;GS;GS;GS;GS;1013;;1900-01-01;2099-12-31;11
ch:1:sboid:101265;101265;Transport Publics Neuchâtelois SA;Transport Publics Neuchâtelois SA;Transport Publics Neuchâtelois SA;Transport Publics Neuchâtelois SA;TRN-tn fpl;TRN-tn fpl;TRN-tn fpl;TRN-tn fpl;15301;;1900-01-01;2099-12-31;12
ch:1:sboid:101291;101291;Knecht Wettingen             O;Knecht Wettingen             O;Knecht Wettingen             O;Knecht Wettingen             O;KNECHT WE;KNECHT WE;KNECHT WE;KNECHT WE;21326;;1900-01-01;2099-12-31;60
ch:1:sboid:101296;101296;Reisebüro Buchs SG           O;Reisebüro Buchs SG           O;Reisebüro Buchs SG           O;Reisebüro Buchs SG           O;REISEB BU;REISEB BU;REISEB BU;REISEB BU;21331;;1900-01-01;2099-12-31;60
ch:1:sboid:101300;101300;Imbach Luzern                O;Imbach Luzern                O;Imbach Luzern                O;Imbach Luzern                O;IMBACH LZ;IMBACH LZ;IMBACH LZ;IMBACH LZ;21335;;1900-01-01;2099-12-31;60
ch:1:sboid:100529;100529;Verkehrsbetriebe Kreuzlingen;Verkehrsbetriebe Kreuzlingen;Verkehrsbetriebe Kreuzlingen;Verkehrsbetriebe Kreuzlingen;VSK-bkk;VSK-bkk;VSK-bkk;VSK-bkk;727;;1900-01-01;2099-12-31;30
ch:1:sboid:100530;100530;Commune de Bassins;Commune de Bassins;Commune de Bassins;Commune de Bassins;CB;CB;CB;CB;728;;1900-01-01;2099-12-31;30
ch:1:sboid:100531;100531;Società Pubblica Trasporti Como;Società Pubblica Trasporti Como;Società Pubblica Trasporti Como;Società Pubblica Trasporti Como;SPT Como;SPT Como;SPT Como;SPT Como;729;;1900-01-01;2099-12-31;30
ch:1:sboid:100533;100533;Autotransports de la Vallée de Joux;Autotransports de la Vallée de Joux;Autotransports de la Vallée de Joux;Autotransports de la Vallée de Joux;AVJ;AVJ;AVJ;AVJ;731;;1900-01-01;2099-12-31;30
ch:1:sboid:100543;100543;Bus Nyon-Prangins;Bus Nyon-Prangins;Bus Nyon-Prangins;Bus Nyon-Prangins;BNP;BNP;BNP;BNP;741;;1900-01-01;2099-12-31;30
ch:1:sboid:100544;100544;Automobildienst Matterhorn Gotthard Bahn (asng);Automobildienst Matterhorn Gotthard Bahn (asng);Automobildienst Matterhorn Gotthard Bahn (asng);Automobildienst Matterhorn Gotthard Bahn (asng);MGB/asng;MGB/asng;MGB/asng;MGB/asng;742;;1900-01-01;2099-12-31;30
ch:1:sboid:100546;100546;Automobildienst Appenzeller Bahnen;Automobildienst Appenzeller Bahnen;Automobildienst Appenzeller Bahnen;Automobildienst Appenzeller Bahnen;AB Auto;AB Auto;AB Auto;AB Auto;744;;1900-01-01;2099-12-31;30
ch:1:sboid:100569;100569;Domo Reisen & Vertriebs AG;Domo Reisen & Vertriebs AG;Domo Reisen & Vertriebs AG;Domo Reisen & Vertriebs AG;DOMO;DOMO;DOMO;DOMO;767;;1900-01-01;2018-02-23;30
ch:1:sboid:100969;100969;Remontées mécaniques SA;Remontées mécaniques SA;Remontées mécaniques SA;Remontées mécaniques SA;NVRM-NV;NVRM-NV;NVRM-NV;NVRM-NV;3028;;1900-01-01;2017-12-19;12
ch:1:sboid:100970;100970;Téléveysonnaz SA;Téléveysonnaz SA;Téléveysonnaz SA;Téléveysonnaz SA;TVSA;TVSA;TVSA;TVSA;3029;;1900-01-01;2018-01-12;12
ch:1:sboid:101019;101019;Grindelwald Grund-Männlichen (shet);Grindelwald Grund-Männlichen (shet);Grindelwald Grund-Männlichen (shet);Grindelwald Grund-Männlichen (shet);GGM-shet;GGM-shet;GGM-shet;GGM-shet;3078;;1900-01-01;2099-12-31;12
ch:1:sboid:101020;101020;Wengernalpbahn AG (sgho);Wengernalpbahn AG (sgho);Wengernalpbahn AG (sgho);Wengernalpbahn AG (sgho);WAB-sgho;WAB-sgho;WAB-sgho;WAB-sgho;3079;;1900-01-01;2099-12-31;12
ch:1:sboid:101021;101021;Wengernalpbahn AG (sbks);Wengernalpbahn AG (sbks);Wengernalpbahn AG (sbks);Wengernalpbahn AG (sbks);WAB-sbks;WAB-sbks;WAB-sbks;WAB-sbks;3080;;1900-01-01;2099-12-31;12
ch:1:sboid:101528;101528;Naturfreunde Reisen Bern   O;Naturfreunde Reisen Bern   O;Naturfreunde Reisen Bern   O;Naturfreunde Reisen Bern   O;NATURFR BN;NATURFR BN;NATURFR BN;NATURFR BN;21672;;1900-01-01;2099-12-31;60
ch:1:sboid:101532;101532;Rail 1 Bruxelles             O;Rail 1 Bruxelles             O;Rail 1 Bruxelles             O;Rail 1 Bruxelles             O;RAIL1 BRUX;RAIL1 BRUX;RAIL1 BRUX;RAIL1 BRUX;21677;;1900-01-01;2099-12-31;60
ch:1:sboid:101534;101534;RailAway Incoming Luzern     O;RailAway Incoming Luzern     O;RailAway Incoming Luzern     O;RailAway Incoming Luzern     O;RAAW IN LZ;RAAW IN LZ;RAAW IN LZ;RAAW IN LZ;21679;;1900-01-01;2099-12-31;60
ch:1:sboid:101535;101535;Luzern RailAway TBC          O;Luzern RailAway TBC          O;Luzern RailAway TBC          O;Luzern RailAway TBC          O;LZ RA TBC;LZ RA TBC;LZ RA TBC;LZ RA TBC;21680;;1900-01-01;2099-12-31;60
ch:1:sboid:101537;101537;IBTS Cham                    O;IBTS Cham                    O;IBTS Cham                    O;IBTS Cham                    O;IBTS CHAM;IBTS CHAM;IBTS CHAM;IBTS CHAM;21683;;1900-01-01;2099-12-31;60
ch:1:sboid:101538;101538;EuroPals Travel Emmenbrücke  O;EuroPals Travel Emmenbrücke  O;EuroPals Travel Emmenbrücke  O;EuroPals Travel Emmenbrücke  O;EPT EBRUE;EPT EBRUE;EPT EBRUE;EPT EBRUE;21684;;1900-01-01;2099-12-31;60
ch:1:sboid:101539;101539;Italtours Bern               O;Italtours Bern               O;Italtours Bern               O;Italtours Bern               O;ITTOUR BN;ITTOUR BN;ITTOUR BN;ITTOUR BN;21685;;1900-01-01;2099-12-31;60
ch:1:sboid:100918;100918;DB Regio;DB Regio;DB Regio;DB Regio;DB Regio $;DB Regio $;DB Regio $;DB Regio $;1880;;1900-01-01;2099-12-31;95
ch:1:sboid:100919;100919;Graz-Köflacher-Bahn und Salzburger Lokalbahn;Graz-Köflacher-Bahn und Salzburger Lokalbahn;Graz-Köflacher-Bahn und Salzburger Lokalbahn;Graz-Köflacher-Bahn und Salzburger Lokalbahn;GKB + SLB;GKB + SLB;GKB + SLB;GKB + SLB;1881;;1900-01-01;2099-12-31;95
ch:1:sboid:100920;100920;DB Ausland;DB Ausland;DB Ausland;DB Ausland;DB AUSLAND;DB AUSLAND;DB AUSLAND;DB AUSLAND;1882;;1900-01-01;2099-12-31;95
ch:1:sboid:101544;101544;Railtour Bern                O;Railtour Bern                O;Railtour Bern                O;Railtour Bern                O;RAILT BERN;RAILT BERN;RAILT BERN;RAILT BERN;21690;;1900-01-01;2099-12-31;60
ch:1:sboid:101546;101546;Railbookers London           O;Railbookers London           O;Railbookers London           O;Railbookers London           O;RAILBOO;RAILBOO;RAILBOO;RAILBOO;21692;;1900-01-01;2099-12-31;60
ch:1:sboid:101548;101548;Bern-TUP-P2-I-RB             O;Bern-TUP-P2-I-RB             O;Bern-TUP-P2-I-RB             O;Bern-TUP-P2-I-RB             O;BN-TUPP2RB;BN-TUPP2RB;BN-TUPP2RB;BN-TUPP2RB;21694;;1900-01-01;2099-12-31;95
ch:1:sboid:101549;101549;Bern-Travi-TUP               O;Bern-Travi-TUP               O;Bern-Travi-TUP               O;Bern-Travi-TUP               O;BERN-TRAVI;BERN-TRAVI;BERN-TRAVI;BERN-TRAVI;21695;;1900-01-01;2099-12-31;95
ch:1:sboid:101552;101552;Ausbildungszentren Travi     O;Ausbildungszentren Travi     O;Ausbildungszentren Travi     O;Ausbildungszentren Travi     O;AZ-TRAVI;AZ-TRAVI;AZ-TRAVI;AZ-TRAVI;21699;;1900-01-01;2099-12-31;95
ch:1:sboid:101553;101553;City Hostel Genève           O;City Hostel Genève           O;City Hostel Genève           O;City Hostel Genève           O;CITY HOSTE;CITY HOSTE;CITY HOSTE;CITY HOSTE;21700;;1900-01-01;2099-12-31;60
ch:1:sboid:100699;100699;Ausgabe-TU (PRISMA);Ausgabe-TU (PRISMA);Ausgabe-TU (PRISMA);Ausgabe-TU (PRISMA);Ausg-TU;Ausg-TU;Ausg-TU;Ausg-TU;900;;1900-01-01;2099-12-31;95
ch:1:sboid:100700;100700;VS-Spitzverteilung;VS-Spitzverteilung;VS-Spitzverteilung;VS-Spitzverteilung;Verb-TU;Verb-TU;Verb-TU;Verb-TU;901;;1900-01-01;2099-12-31;95
ch:1:sboid:100701;100701;Spenden am BATS (P-VS-DG);Spenden am BATS (P-VS-DG);Spenden am BATS (P-VS-DG);Spenden am BATS (P-VS-DG);SPEN;SPEN;SPEN;SPEN;902;;1900-01-01;2099-12-31;95
ch:1:sboid:100702;100702;Cap Gourmand SA;Cap Gourmand SA;Cap Gourmand SA;Cap Gourmand SA;LNM-t;LNM-t;LNM-t;LNM-t;903;;1900-01-01;2099-12-31;95
ch:1:sboid:100703;100703;Télé-Villars-Gryon S.A.;Télé-Villars-Gryon S.A.;Télé-Villars-Gryon S.A.;Télé-Villars-Gryon S.A.;ARMAV;ARMAV;ARMAV;ARMAV;904;;1900-01-01;2099-12-31;95
ch:1:sboid:100704;100704;CGN Lac Léman, prestations spéciales, Direction CGN;CGN Lac Léman, prestations spéciales, Direction CGN;CGN Lac Léman, prestations spéciales, Direction CGN;CGN Lac Léman, prestations spéciales, Direction CGN;CGN-spéc2;CGN-spéc2;CGN-spéc2;CGN-spéc2;905;;1900-01-01;2099-12-31;95
ch:1:sboid:100706;100706;Lac Léman prestations spéciales;Lac Léman prestations spéciales;Lac Léman prestations spéciales;Lac Léman prestations spéciales;CGN-spéc;CGN-spéc;CGN-spéc;CGN-spéc;907;;1900-01-01;2099-12-31;95
ch:1:sboid:100707;100707;Dampfbahn-Verein Zürcher Oberland;Dampfbahn-Verein Zürcher Oberland;Dampfbahn-Verein Zürcher Oberland;Dampfbahn-Verein Zürcher Oberland;DVZO;DVZO;DVZO;DVZO;908;;1900-01-01;2099-12-31;50
ch:1:sboid:101138;101138;Riffelalp Resort AG Zermatt;Riffelalp Resort AG Zermatt;Riffelalp Resort AG Zermatt;Riffelalp Resort AG Zermatt;RiT;RiT;RiT;RiT;7005;;1900-01-01;2099-12-31;32
ch:1:sboid:101139;101139;Anrufsammeltaxi Arbon;Anrufsammeltaxi Arbon;Anrufsammeltaxi Arbon;Anrufsammeltaxi Arbon;ASA;ASA;ASA;ASA;7006;;1900-01-01;2099-12-31;32
ch:1:sboid:101141;101141;Ruftaxi Rorschacherberg;Ruftaxi Rorschacherberg;Ruftaxi Rorschacherberg;Ruftaxi Rorschacherberg;RRB;RRB;RRB;RRB;7008;;1900-01-01;2099-12-31;32
ch:1:sboid:101143;101143;Busbetrieb Gemeinde Aadorf;Busbetrieb Gemeinde Aadorf;Busbetrieb Gemeinde Aadorf;Busbetrieb Gemeinde Aadorf;BBGA;BBGA;BBGA;BBGA;7010;;1900-01-01;2099-12-31;32
ch:1:sboid:101144;101144;Anrufsammeltaxi Bischofszell;Anrufsammeltaxi Bischofszell;Anrufsammeltaxi Bischofszell;Anrufsammeltaxi Bischofszell;ASTB;ASTB;ASTB;ASTB;7011;;1900-01-01;2099-12-31;32
ch:1:sboid:101145;101145;Anrufsammeltaxi Amriswil;Anrufsammeltaxi Amriswil;Anrufsammeltaxi Amriswil;Anrufsammeltaxi Amriswil;ASTA;ASTA;ASTA;ASTA;7012;;1900-01-01;2099-12-31;32
ch:1:sboid:101148;101148;Ueltschi Richard Zweisimmen;Ueltschi Richard Zweisimmen;Ueltschi Richard Zweisimmen;Ueltschi Richard Zweisimmen;URZ;URZ;URZ;URZ;7015;;1900-01-01;2099-12-31;32
ch:1:sboid:101150;101150;Gemeinde St. Gallenkappel;Gemeinde St. Gallenkappel;Gemeinde St. Gallenkappel;Gemeinde St. Gallenkappel;BBO;BBO;BBO;BBO;7017;;1900-01-01;2099-12-31;32
ch:1:sboid:101156;101156;Südwestdeutsche Verkehrs-Aktiengesellschaft;Südwestdeutsche Verkehrs-Aktiengesellschaft;Südwestdeutsche Verkehrs-Aktiengesellschaft;Südwestdeutsche Verkehrs-Aktiengesellschaft;SWEG;SWEG;SWEG;SWEG;7023;;1900-01-01;2099-12-31;30
ch:1:sboid:101158;101158;Busbetrieb Kandersteg - Gasterntal;Busbetrieb Kandersteg - Gasterntal;Busbetrieb Kandersteg - Gasterntal;Busbetrieb Kandersteg - Gasterntal;BKG;BKG;BKG;BKG;7025;;1900-01-01;2099-12-31;32
ch:1:sboid:101160;101160;Walker's Söhne Urnerboden;Walker's Söhne Urnerboden;Walker's Söhne Urnerboden;Walker's Söhne Urnerboden;WSU;WSU;WSU;WSU;7027;;1900-01-01;2099-12-31;32
ch:1:sboid:101162;101162;Armin Fischli GmbH, 8752 Näfels;Armin Fischli GmbH, 8752 Näfels;Armin Fischli GmbH, 8752 Näfels;Armin Fischli GmbH, 8752 Näfels;AFN;AFN;AFN;AFN;7029;;1900-01-01;2099-12-31;32
ch:1:sboid:101163;101163;Skilift Schilt AG 8753 Mollis;Skilift Schilt AG 8753 Mollis;Skilift Schilt AG 8753 Mollis;Skilift Schilt AG 8753 Mollis;SSM;SSM;SSM;SSM;7030;;1900-01-01;2099-12-31;32
ch:1:sboid:100820;100820;Georgische Eisenbahn;Georgische Eisenbahn;Georgische Eisenbahn;Georgian Railways;GR;GR;GR;GR;1028;;1900-01-01;2099-12-31;11
ch:1:sboid:100821;100821;Mittelasiatische Eisenbahn;Mittelasiatische Eisenbahn;Mittelasiatische Eisenbahn;Central Asian Railways;SAZ;SAZ;SAZ;SAZ;1029;;1900-01-01;2099-12-31;11
ch:1:sboid:100922;100922;SNCB-Verbindungen via Athus,Bland/Torc,Gouvy,Sterpenich;SNCB-Verbindungen via Athus,Bland/Torc,Gouvy,Sterpenich;SNCB-Verbindungen via Athus,Bland/Torc,Gouvy,Sterpenich;SNCB-Verbindungen via Athus,Bland/Torc,Gouvy,Sterpenich;SNCB 2   $;SNCB 2   $;SNCB 2   $;SNCB 2   $;1888;;1900-01-01;2099-12-31;95
ch:1:sboid:100925;100925;PKP transit;PKP transit;PKP transit;PKP transit;PKP tran $;PKP tran $;PKP tran $;PKP tran $;1951;;1900-01-01;2099-12-31;95
ch:1:sboid:100926;100926;CD Flughafen (Bus Praha-Letiste/Airport);CD Flughafen (Bus Praha-Letiste/Airport);CD Flughafen (Bus Praha-Letiste/Airport);CD Flughafen (Bus Prahe-Letiste/Airport);CD Flugh $;CD Flugh $;CD Flugh $;CD Flugh $;1954;;1900-01-01;2099-12-31;95
ch:1:sboid:100928;100928;ATTICA SFF (SuperFast-Ferries);ATTICA SFF (SuperFast-Ferries);ATTICA SSF (SuperFast-Ferries);ATTICA SFF (SuperFast-Ferries);ATT SFF  $;ATT SFF  $;ATT SFF  $;ATT SFF  $;1962;;1900-01-01;2099-12-31;95
ch:1:sboid:100935;100935;DB NBE Nichtbundeseigene/Nordseeinsel;DB NBE Nichtbundeseigene/Nordseeinsel;DB NBE Nichtbundeseigene/Nordseeinsel;DB NBE Nichtbundeseigene/Nordseeinsel;DB NBE;DB NBE;DB NBE;DB NBE;1980;;1900-01-01;2099-12-31;95
ch:1:sboid:101325;101325;SCHAER BERN                  O;SCHAER BERN                  O;SCHAER BERN                  O;SCHAER BERN                  O;SCHAER BN;SCHAER BN;SCHAER BN;SCHAER BN;21360;;1900-01-01;2099-12-31;60
ch:1:sboid:101345;101345;Executive Genève             O;Executive Genève             O;Executive Genève             O;Executive Genève             O;EXECUTIVE;EXECUTIVE;EXECUTIVE;EXECUTIVE;21380;;1900-01-01;2099-12-31;60
ch:1:sboid:101350;101350;De ***REMOVED*** Bern                 O;De ***REMOVED*** Bern                 O;De ***REMOVED*** Bern                 O;De ***REMOVED*** Bern                 O;DE ***REMOVED*** BN;DE ***REMOVED*** BN;DE ***REMOVED*** BN;DE ***REMOVED*** BN;21385;;1900-01-01;2099-12-31;60
ch:1:sboid:101352;101352;Trans Continental Genève     O;Trans Continental Genève     O;Trans Continental Genève     O;Trans Continental Genève     O;TRANS GE;TRANS GE;TRANS GE;TRANS GE;21387;;1900-01-01;2099-12-31;60
ch:1:sboid:101355;101355;Vasellari Solothurn          O;Vasellari Solothurn          O;Vasellari Solothurn          O;Vasellari Solothurn          O;VASELLA SO;VASELLA SO;VASELLA SO;VASELLA SO;21390;;1900-01-01;2099-12-31;60
ch:1:sboid:101357;101357;BCD Travel Zürich            O;BCD Travel Zürich            O;BCD Travel Zürich            O;BCD Travel Zürich            O;BCD TR ZUE;BCD TR ZUE;BCD TR ZUE;BCD TR ZUE;21392;;1900-01-01;2099-12-31;60
ch:1:sboid:101362;101362;Ferienverein Bern        BK  O;Ferienverein Bern        BK  O;Ferienverein Bern        BK  O;Ferienverein Bern        BK  O;FERIENV BN;FERIENV BN;FERIENV BN;FERIENV BN;21397;;1900-01-01;2099-12-31;60
ch:1:sboid:101363;101363;Indalo Space Fribourg    BK  O;Indalo Space Fribourg    BK  O;Indalo Space Fribourg    BK  O;Indalo Space Fribourg    BK  O;INDALO  FR;INDALO  FR;INDALO  FR;INDALO  FR;21398;;1900-01-01;2099-12-31;60
ch:1:sboid:100708;100708;Moving Media Basel AG;Moving Media Basel AG;Moving Media Basel AG;Moving Media Basel AG;BVB-mmb;BVB-mmb;BVB-mmb;BVB-mmb;909;;1900-01-01;2099-12-31;30
ch:1:sboid:100709;100709;RBS-Spezialleistungen;RBS-Spezialleistungen;RBS-Spezialleistungen;RBS-Spezialleistungen;RBS-Spez;RBS-Spez;RBS-Spez;RBS-Spez;910;;1900-01-01;2099-12-31;95
ch:1:sboid:100710;100710;MGB-bvz-Spezialleistungen;MGB-bvz-Spezialleistungen;MGB-bvz-Spezialleistungen;MGB-bvz-Spezialleistungen;MGB-bvz-Sp;MGB-bvz-Sp;MGB-bvz-Sp;MGB-bvz-Sp;911;;1900-01-01;2099-12-31;95
ch:1:sboid:100711;100711;Verkehrshaus Luzern;Verkehrshaus Luzern;Verkehrshaus Luzern;Verkehrshaus Luzern;Verk;Verk;Verk;Verk;912;;1900-01-01;2099-12-31;50
ch:1:sboid:100712;100712;TPC prestations spéciales;TPC prestations spéciales;TPC prestations spéciales;TPC prestations spéciales;TPC-spéc;TPC-spéc;TPC-spéc;TPC-spéc;913;;1900-01-01;2099-12-31;95
ch:1:sboid:100714;100714;Kompetenzzentrum Fahrbahn Südostbahn;Kompetenzzentrum Fahrpahn Südostbahn;Kompetenzzentrum Fahrbahn Südostbahn;Kompetenzzentrum Fahrbahn Südostbahn;SOB-T;SOB-T;SOB-T;SOB-T;915;;1900-01-01;2099-12-31;95
ch:1:sboid:100718;100718;Tavolago & Werft;Tavolago & Werft;Tavolago & Werft;Tavolago & Werft;SGV-T;SGV-T;SGV-T;SGV-T;919;;1900-01-01;2099-12-31;95
ch:1:sboid:101015;101015;Regionalalps INFO+;Regionalalps INFO+;Regionalalps INFO+;Regionalalps INFO+;RA     Fpl;RA     Fpl;RA     Fpl;RA     Fpl;3074;;1900-01-01;2099-12-31;10
ch:1:sboid:101016;101016;Giovanni Frapolli Bellinzona;Giovanni Frapolli Bellinzona;Giovanni Frapolli Bellinzona;Giovanni Frapolli Bellinzona;GFR;GFR;GFR;GFR;3075;;1900-01-01;2099-12-31;12
ch:1:sboid:101022;101022;Wengernalpbahn AG (sksl);Wengernalpbahn AG (sksl);Wengernalpbahn AG (sksl);Wengernalpbahn AG (sksl);WAB-sksl;WAB-sksl;WAB-sksl;WAB-sksl;3081;;1900-01-01;2099-12-31;12
ch:1:sboid:101024;101024;Aufzug Hammetschwand;Aufzug Hammetschwand;Aufzug Hammetschwand;Aufzug Hammetschwand;AH;AH;AH;AH;3083;;1900-01-01;2099-12-31;12
ch:1:sboid:101025;101025;Bergbahnen Flumserberg AG;Bergbahnen Flumserberg AG;Bergbahnen Flumserberg AG;Bergbahnen Flumserberg AG;BBF;BBF;BBF;BBF;3084;;1900-01-01;2099-12-31;12
ch:1:sboid:101026;101026;Genossenschaft Luftseilbahn Sulwald;Genossenschaft Luftseilbahn Sulwald;Genossenschaft Luftseilbahn Sulwald;Genossenschaft Luftseilbahn Sulwald;GLIS;GLIS;GLIS;GLIS;3085;;1900-01-01;2099-12-31;12
ch:1:sboid:101027;101027;URDEN AG;URDEN AG;URDEN AG;URDEN AG;UAG;UAG;UAG;UAG;3086;;1900-01-01;2099-12-31;12
ch:1:sboid:100822;100822;Eisenbahnen der demokratischen Volksrepublik Korea;Chemins de fer de la Rép. pop. démocratique coréenne;Eisenbahnen der demokratischen Volksrepublik Korea;Railways of the Korean Democratic People's Republic;KRZ;KRZ;KRZ;KRZ;1030;;1900-01-01;2099-12-31;11
ch:1:sboid:100823;100823;Eisenbahnen der mongolischen Volksrepublik;Chemins de fer de la Rép. populaire mongolienne;Eisenbahnen der mongolischen Volksrepublik;Railways of the Mongolian People's Republic;MTZ;MTZ;MTZ;MTZ;1031;;1900-01-01;2099-12-31;11
ch:1:sboid:100824;100824;Eisenbahn der demokratischen Republik Vietnam;Chemins de fer de la Rép. démocratique du Viet-Nam;Eisenbahn der demokratischen Republik Vietnam;Railways of the Democratic Republic of Viet-Nam;DSVN;DSVN;DSVN;DSVN;1032;;1900-01-01;2099-12-31;11
ch:1:sboid:100825;100825;Eisenbahn der Volksrepublik China;Chemins de fer de la Rép. populaire chinoise;Eisenbahn der Volksrepublik China;Railways of the Chinese People's Republic;KZD;KZD;KZD;KZD;1033;;1900-01-01;2099-12-31;11
ch:1:sboid:100826;100826;interner Gebrauch SBB P-RS = PBr;interner Gebrauch SBB P-RS = PBr;interner Gebrauch SBB P-RS = PBr;interner Gebrauch SBB P-RS = PBr;PBr      $;PBr      $;PBr      $;PBr      $;1034;;1900-01-01;2099-12-31;11
ch:1:sboid:100827;100827;interner Gebrauch SBB P-RS = TRN-rvt;interner Gebrauch SBB P-RS = TRN-rvt;interner Gebrauch SBB P-RS = TRN-rvt;interner Gebrauch SBB P-RS = TRN-rvt;TRN-rvt  $;TRN-rvt  $;TRN-rvt  $;TRN-rvt  $;1035;;1900-01-01;2099-12-31;11
ch:1:sboid:100828;100828;interner Gebrauch SBB P-RS = TPF-gfm;interner Gebrauch SBB P-RS = TPF-gfm;interner Gebrauch SBB P-RS = TPF-gfm;interner Gebrauch SBB P-RS = TPF-gfm;TPF-gfm  $;TPF-gfm  $;TPF-gfm  $;TPF-gfm  $;1036;;1900-01-01;2099-12-31;11
ch:1:sboid:100830;100830;interner Gebrauch SBB P-RS = RM-ebt/smb/vhb;interner Gebrauch SBB P-RS = RM-ebt/smb/vhb;interner Gebrauch SBB P-RS = RM-ebt/smb/vhb;interner Gebrauch SBB P-RS = RM-ebt/smb/vhb;RM-ebt/s $;RM-ebt/s $;RM-ebt/s $;RM-ebt/s $;1038;;1900-01-01;2099-12-31;11
ch:1:sboid:100831;100831;interner Gebrauch SBB P-RS = LSE;interner Gebrauch SBB P-RS = LSE;interner Gebrauch SBB P-RS = LSE;interner Gebrauch SBB P-RS = LSE;LSE      $;LSE      $;LSE      $;LSE      $;1039;;1900-01-01;2099-12-31;11
ch:1:sboid:100832;100832;Kubanische Eisenbahn;Chemins de fer cubains;Kubanische Eisenbahn;Kubanische Eisenbahn;FC;FC;FC;FC;1040;;1900-01-01;2099-12-31;11
ch:1:sboid:100833;100833;Eisenbahn der Volksrepublik Albanien;Chemins de fer de la Rép. populaire de l'Albanie;Eisenbahn der Volksrepublik Albanien;Railways of Albania;HSH;HSH;HSH;HSH;1041;;1900-01-01;2099-12-31;11
ch:1:sboid:100834;100834;Japanische Nationalbahnen (East Japan Railway Company);Chemins de fer du Japon (East Japan Railway Company);Japanische Nationalbahnen (East Japan Railway Company);Japanese National Railways;JNR;JNR;JNR;JNR;1042;;1900-01-01;2099-12-31;11
ch:1:sboid:100835;100835;Raab-Ödenburg-Ebenfurter Eisenbahn;Chemins de fer Raab-Öldenburg-Ebenfurt;Raab-Ödenburg-Ebenfurter Eisenbahn;Raab-Ödenburg-Ebenfurter Eisenbahn;GYSEV;GYSEV;GYSEV;GYSEV;1043;;1900-01-01;2099-12-31;11
ch:1:sboid:101164;101164;Aroser Verkehrsbetriebe;Aroser Verkehrsbetriebe;Aroser Verkehrsbetriebe;Aroser Verkehrsbetriebe;AVB;AVB;AVB;AVB;7031;;1900-01-01;2099-12-31;32
ch:1:sboid:101364;101364;Kira Reisen Baden        BK  O;Kira Reisen Baden        BK  O;Kira Reisen Baden        BK  O;Kira Reisen Baden        BK  O;KIRA    BD;KIRA    BD;KIRA    BD;KIRA    BD;21399;;1900-01-01;2099-12-31;60
ch:1:sboid:101365;101365;Ausbildungszentren IGB       O;Centres d'instruction IGB    O;Ausbildungszentren IGB       O;Ausbildungszentren IGB       O;AZ-IGB;CI-IGB;AZ-IGB;AZ-IGB;21500;;1900-01-01;2099-12-31;95
ch:1:sboid:101367;101367;Air Bulle                    O;Air Bulle                    O;Air Bulle                    O;Air Bulle                    O;AIR BUL;AIR BUL;AIR BUL;AIR BUL;21502;;1900-01-01;2099-12-31;60
ch:1:sboid:101368;101368;Ariane Crans-sur-Sierre      O;Ariane Crans-sur-Sierre      O;Ariane Crans-sur-Sierre      O;Ariane Crans-sur-Sierre      O;ARIANE;ARIANE;ARIANE;ARIANE;21503;;1900-01-01;2099-12-31;60
ch:1:sboid:101371;101371;Grillons Crans-sur-Sierre    O;Grillons Crans-sur-Sierre    O;Grillons Crans-sur-Sierre    O;Grillons Crans-sur-Sierre    O;GRILLONS;GRILLONS;GRILLONS;GRILLONS;21506;;1900-01-01;2099-12-31;60
ch:1:sboid:101375;101375;Amexco Zürich                O;Amexco Zürich                O;Amexco Zürich                O;Amexco Zürich                O;AMEXCO;AMEXCO;AMEXCO;AMEXCO;21510;;1900-01-01;2099-12-31;60
ch:1:sboid:101387;101387;Baumeler Luzern              O;Baumeler Luzern              O;Baumeler Luzern              O;Baumeler Luzern              O;BAUMELER;BAUMELER;BAUMELER;BAUMELER;21522;;1900-01-01;2099-12-31;60
ch:1:sboid:101390;101390;BTA Baar                     O;BTA Baar                     O;BTA Baar                     O;BTA Baar                     O;BTA BAAR;BTA BAAR;BTA BAAR;BTA BAAR;21525;;1900-01-01;2099-12-31;60
ch:1:sboid:100574;100574;Busbetrieb Rapperswil-Eschenbach-Rüti ZH;Busbetrieb Rapperswil-Eschenbach-Rüti ZH;Busbetrieb Rapperswil-Eschenbach-Rüti ZH;Busbetrieb Rapperswil-Eschenbach-Rüti ZH;BRER;BRER;BRER;BRER;772;;1900-01-01;2099-12-31;30
ch:1:sboid:100575;100575;Verkehrsbetriebe Glattal;Verkehrsbetriebe Glattal;Verkehrsbetriebe Glattal;Verkehrsbetriebe Glattal;VBG;VBG;VBG;VBG;773;;1900-01-01;2099-12-31;30
ch:1:sboid:100589;100589;Autobus Monthey-Collombey-Vouvry;Autobus Monthey-Collombey-Vouvry;Autobus Monthey-Collombey-Vouvry;Autobus Monthey-Collombey-Vouvry;PAG/RA;PAG/RA;PAG/RA;PAG/RA;787;;1900-01-01;2099-12-31;30
ch:1:sboid:100593;100593;Service d'automobiles TPF (tf);Service d'automobiles TPF (tf);Service d'automobiles TPF (tf);Service d'automobiles TPF (tf);TPF/tf;TPF/tf;TPF/tf;TPF/tf;791;;1900-01-01;2099-12-31;30
ch:1:sboid:100595;100595;Busbetrieb Olten-Gösgen-Gäu;Busbetrieb Olten-Gösgen-Gäu;Busbetrieb Olten-Gösgen-Gäu;Busbetrieb Olten-Gösgen-Gäu;BOGG;BOGG;BOGG;BOGG;793;;1900-01-01;2099-12-31;30
ch:1:sboid:101028;101028;Reichenbachfall-Bahn;Reichenbachfall-Bahn;Reichenbachfall-Bahn;Reichenbachfall-Bahn;RFB;RFB;RFB;RFB;3087;;1900-01-01;2099-12-31;12
ch:1:sboid:101029;101029;Moosalp Bergbahnen AG;Moosalp Bergbahnen AG;Moosalp Bergbahnen AG;Moosalp Bergbahnen AG;RAA;RAA;RAA;RAA;3088;;1900-01-01;2099-12-31;12
ch:1:sboid:101030;101030;Château Gütsch Immobilien AG;Château Gütsch Immobilien AG;Château Gütsch Immobilien AG;Château Gütsch Immobilien AG;CGI-sg;CGI-sg;CGI-sg;CGI-sg;3089;;1900-01-01;2099-12-31;12
ch:1:sboid:101031;101031;Kriens-Sonnenberg-Bahn;Kriens-Sonnenberg-Bahn;Kriens-Sonnenberg-Bahn;Kriens-Sonnenberg-Bahn;KSB;KSB;KSB;KSB;3090;;1900-01-01;2099-12-31;12
ch:1:sboid:101032;101032;Sportbahnen Melchsee-Frutt (ldb);Sportbahnen Melchsee-Frutt (ldb);Sportbahnen Melchsee-Frutt (ldb);Sportbahnen Melchsee-Frutt (ldb);SMF-ldb;SMF-ldb;SMF-ldb;SMF-ldb;3091;;1900-01-01;2099-12-31;12
ch:1:sboid:101033;101033;Luftseilbahn Engelberg-Fürenalp;Luftseilbahn Engelberg-Fürenalp;Luftseilbahn Engelberg-Fürenalp;Luftseilbahn Engelberg-Fürenalp;LEF;LEF;LEF;LEF;3092;;1900-01-01;2099-12-31;12
ch:1:sboid:101034;101034;Luftseilbahn Fell-Chrüzhütte;Luftseilbahn Fell-Chrüzhütte;Luftseilbahn Fell-Chrüzhütte;Luftseilbahn Fell-Chrüzhütte;LFCh;LFCh;LFCh;LFCh;3093;;1900-01-01;2099-12-31;12
ch:1:sboid:101035;101035;Luftseilbahn Fellboden-Bannalpsee;Luftseilbahn Fellboden-Bannalpsee;Luftseilbahn Fellboden-Bannalpsee;Luftseilbahn Fellboden-Bannalpsee;LFB;LFB;LFB;LFB;3094;;1900-01-01;2099-12-31;12
ch:1:sboid:101036;101036;Sesselbahn Alpboden-Haldigrat;Sesselbahn Alpboden-Haldigrat;Sesselbahn Alpboden-Haldigrat;Sesselbahn Alpboden-Haldigrat;SAH;SAH;SAH;SAH;3095;;1900-01-01;2099-12-31;12
ch:1:sboid:101037;101037;Funivia Monte Carasso-Mornera;Funivia Monte Carasso-Mornera;Funivia Monte Carasso-Mornera;Funivia Monte Carasso-Mornera;FMCM;FMCM;FMCM;FMCM;3096;;1900-01-01;2099-12-31;12
ch:1:sboid:101039;101039;Luftseilbahn Niederbauen;Luftseilbahn Niederbauen;Luftseilbahn Niederbauen;Luftseilbahn Niederbauen;LNE;LNE;LNE;LNE;3099;;1900-01-01;2099-12-31;12
ch:1:sboid:101041;101041;Genossenschaft Tschinglenbahn Elm;Genossenschaft Tschinglenbahn Elm;Genossenschaft Tschinglenbahn Elm;Genossenschaft Tschinglenbahn Elm;GTBE;GTBE;GTBE;GTBE;3101;;1900-01-01;2099-12-31;45
ch:1:sboid:101556;101556;Lux Viaggi Milano;Lux Viaggi Milano;Lux Viaggi Milano;Lux Viaggi Milano;LUXVIAGMIL;LUXVIAGMIL;LUXVIAGMIL;LUXVIAGMIL;21703;;1900-01-01;2099-12-31;60
ch:1:sboid:101557;101557;Ameropa Bad Homburg          O;Ameropa Bad Homburg          O;Ameropa Bad Homburg          O;Ameropa Bad Homburg          O;AMEROPA;AMEROPA;AMEROPA;AMEROPA;21705;;1900-01-01;2099-12-31;60
ch:1:sboid:101560;101560;Cedok a.s. Praha             O;Cedok a.s. Praha             O;Cedok a.s. Praha             O;Cedok a.s. Praha             O;CEDOK PRAH;CEDOK PRAH;CEDOK PRAH;CEDOK PRAH;21709;;1900-01-01;2099-12-31;60
